polynomial,A quadratic equation is a polynomial of degree two with at most two real roots.,다항식,이차방정식은 최대 두 개의 실수 근을 가지는 2차 다항식이다.,多項式,二次方程式は最大二つの実数根を持つ次数2の多項式である。,多项式,二次方程是一个最多有两个实数根的二次多项式。,polinomio,Una ecuación cuadrática es un polinomio de grado dos con a lo sumo dos raíces reales.,đa thức,Phương trình bậc hai là một đa thức bậc hai có tối đa hai nghiệm thực.,พหุนาม,สมการกำลังสองเป็นพหุนามดีกรีสองที่มีรากจริงได้มากที่สุดสองราก,polinomial,Persamaan kuadrat adalah polinomial berderajat dua dengan paling banyak dua akar nyata.
tangent,The tangent line touches the curve at exactly one point and shares the same slope there.,접선,접선은 곡선과 정확히 한 점에서 만나며 그 점에서 같은 기울기를 공유한다.,接線,接線は曲線とちょうど一点で接し、その点で同じ傾きを共有する。,切线,切线在恰好一点处触及曲线并在该点具有相同的斜率。,tangente,La línea tangente toca la curva en exactamente un punto y comparte la misma pendiente allí.,tiếp tuyến,Đường tiếp tuyến chạm vào đường cong tại đúng một điểm và có cùng độ dốc tại đó.,เส้นสัมผัส,เส้นสัมผัสแตะเส้นโค้งที่จุดเดียวเท่านั้นและมีความชันเท่ากันที่จุดนั้น,garis singgung,Garis singgung menyentuh kurva tepat di satu titik dan memiliki kemiringan yang sama di sana.
parameter,Adjusting the model parameters significantly improved the accuracy of the predictions.,매개변수,모형의 매개변수를 조정하자 예측 정확도가 크게 향상되었다.,パラメータ,モデルのパラメータを調整することで予測の精度が大幅に向上した。,参数,调整模型参数显著提高了预测的准确性。,parámetro,Ajustar los parámetros del modelo mejoró significativamente la precisión de las predicciones.,tham số,Việc điều chỉnh các tham số mô hình đã cải thiện đáng kể độ chính xác của các dự đoán.,พารามิเตอร์,การปรับพารามิเตอร์ของแบบจำลองช่วยเพิ่มความแม่นยำของการคาดการณ์อย่างมีนัยสำคัญ,parameter,Penyesuaian parameter model secara signifikan meningkatkan akurasi prediksi.
conjecture,Goldbach's conjecture has been verified computationally for extremely large numbers yet remains formally unproven.,추측,골드바흐의 추측은 매우 큰 수에 대해 전산으로 검증되었지만 아직 공식적으로 증명되지 않았다.,予想,ゴールドバッハの予想は非常に大きな数について計算的に検証されているが正式には未証明のままである。,猜想,哥德巴赫猜想已通过计算对极大数进行了验证但仍未得到正式证明。,conjetura,La conjetura de Goldbach ha sido verificada computacionalmente para números extremadamente grandes pero sigue sin demostrarse formalmente.,phỏng đoán,Phỏng đoán Goldbach đã được kiểm chứng bằng tính toán cho các số cực lớn nhưng vẫn chưa được chứng minh chính thức.,ข้อคาดการณ์,ข้อคาดการณ์ของโกลด์บาคได้รับการตรวจสอบด้วยคอมพิวเตอร์สำหรับจำนวนที่ใหญ่มากแต่ยังไม่ได้รับการพิสูจน์อย่างเป็นทางการ,konjektur,Konjektur Goldbach telah diverifikasi secara komputasional untuk bilangan yang sangat besar namun tetap belum terbukti secara formal.
nebula,The Orion Nebula is a stellar nursery where new stars are continuously being born from clouds of gas and dust.,성운,오리온 성운은 가스와 먼지 구름에서 새로운 별이 끊임없이 탄생하는 항성 요람이다.,星雲,オリオン星雲はガスと塵の雲から新しい星が絶えず誕生している恒星の揺りかごである。,星云,猎户座星云是一个恒星摇篮，新的恒星不断从气体和尘埃云中诞生。,nebulosa,La Nebulosa de Orión es una guardería estelar donde nuevas estrellas nacen continuamente a partir de nubes de gas y polvo.,tinh vân,Tinh vân Orion là một vườn ươm sao nơi các ngôi sao mới liên tục được sinh ra từ những đám mây khí và bụi.,เนบิวลา,เนบิวลานายพรานเป็นแหล่งกำเนิดดาวที่ดาวใหม่ถือกำเนิดอย่างต่อเนื่องจากเมฆก๊าซและฝุ่น,nebula,Nebula Orion adalah tempat kelahiran bintang di mana bintang-bintang baru terus-menerus terlahir dari awan gas dan debu.
quasar,Quasars are among the most luminous objects in the universe powered by supermassive black holes at galactic centres.,퀘이사,퀘이사는 은하 중심의 초대질량 블랙홀에 의해 작동하는 우주에서 가장 밝은 천체 중 하나이다.,クエーサー,クエーサーは銀河中心の超大質量ブラックホールによって駆動される宇宙で最も明るい天体の一つである。,类星体,类星体是宇宙中最明亮的天体之一由星系中心的超大质量黑洞提供能量。,cuásar,Los cuásares se encuentran entre los objetos más luminosos del universo alimentados por agujeros negros supermasivos en los centros galácticos.,chuẩn tinh,Chuẩn tinh là một trong những thiên thể sáng nhất trong vũ trụ được cung cấp năng lượng bởi các hố đen siêu lớn tại trung tâm thiên hà.,เควซาร์,เควซาร์เป็นหนึ่งในวัตถุที่สว่างที่สุดในจักรวาล ขับเคลื่อนโดยหลุมดำมวลยิ่งยวดที่ใจกลางกาแล็กซี,kuasar,Kuasar termasuk objek paling terang di alam semesta yang ditenagai oleh lubang hitam supermasif di pusat galaksi.
supernova,The supernova explosion scattered heavy elements across vast regions of interstellar space.,초신성,초신성 폭발은 무거운 원소들을 성간 우주의 광대한 영역으로 흩뿌렸다.,超新星,超新星爆発は重い元素を星間空間の広大な領域にまき散らした。,超新星,超新星爆发将重元素散布到广阔的星际空间区域。,supernova,La explosión de la supernova dispersó elementos pesados por vastas regiones del espacio interestelar.,siêu tân tinh,Vụ nổ siêu tân tinh phát tán các nguyên tố nặng khắp các vùng rộng lớn của không gian giữa các vì sao.,ซูเปอร์โนวา,การระเบิดของซูเปอร์โนวากระจายธาตุหนักไปทั่วบริเวณกว้างใหญ่ของอวกาศระหว่างดาว,supernova,Ledakan supernova menyebarkan unsur-unsur berat ke wilayah luas ruang antarbintang.
trajectory,Mission control calculated the optimal trajectory to minimize fuel consumption during re-entry.,궤적,미션 컨트롤은 재진입 시 연료 소비를 최소화하기 위한 최적의 궤적을 계산했다.,軌道; 弾道,管制室は再突入時の燃料消費を最小限にするための最適な軌道を計算した。,轨迹,任务控制中心计算了最优轨迹以在再入大气层时最大限度地减少燃料消耗。,trayectoria,El control de la misión calculó la trayectoria óptima para minimizar el consumo de combustible durante la reentrada.,quỹ đạo bay,Trung tâm điều khiển đã tính toán quỹ đạo bay tối ưu để giảm thiểu tiêu thụ nhiên liệu khi quay trở lại khí quyển.,วิถี,ศูนย์ควบคุมภารกิจคำนวณวิถีที่เหมาะสมที่สุดเพื่อลดการใช้เชื้อเพลิงระหว่างการกลับเข้าบรรยากาศ,lintasan,Kontrol misi menghitung lintasan optimal untuk meminimalkan konsumsi bahan bakar selama masuk kembali ke atmosfer.
celestial,Ancient civilizations tracked celestial bodies to develop remarkably precise calendars.,천체의,고대 문명은 놀라울 정도로 정밀한 달력을 개발하기 위해 천체를 추적했다.,天体の,古代文明は驚くほど正確な暦を開発するために天体を追跡していた。,天体的,古代文明通过追踪天体来制定精度惊人的历法。,celestial,Las civilizaciones antiguas rastreaban los cuerpos celestes para desarrollar calendarios notablemente precisos.,thuộc về thiên thể,Các nền văn minh cổ đại theo dõi các thiên thể để phát triển lịch chính xác đáng kinh ngạc.,เกี่ยวกับท้องฟ้า,อารยธรรมโบราณติดตามวัตถุท้องฟ้าเพื่อพัฒนาปฏิทินที่แม่นยำอย่างน่าทึ่ง,langit; selestial,Peradaban kuno melacak benda-benda langit untuk mengembangkan kalender yang sangat presisi.
cosmic,Cosmic radiation poses a significant health risk to astronauts on long-duration space missions.,우주의,우주 방사선은 장기간 우주 임무를 수행하는 우주비행사에게 심각한 건강 위험을 초래한다.,宇宙の,宇宙放射線は長期間の宇宙ミッションの宇宙飛行士に重大な健康リスクをもたらす。,宇宙的,宇宙辐射对执行长期太空任务的宇航员构成重大健康风险。,cósmico,La radiación cósmica representa un riesgo significativo para la salud de los astronautas en misiones espaciales de larga duración.,vũ trụ,Bức xạ vũ trụ gây ra nguy cơ sức khỏe đáng kể cho các phi hành gia trong các sứ mệnh không gian dài ngày.,จักรวาล,รังสีคอสมิกเป็นความเสี่ยงด้านสุขภาพที่สำคัญสำหรับนักบินอวกาศในภารกิจอวกาศระยะยาว,kosmis,Radiasi kosmis menimbulkan risiko kesehatan yang signifikan bagi astronaut dalam misi luar angkasa berdurasi lama.
interstellar,The interstellar medium between star systems contains sparse atoms of hydrogen and helium.,성간의,항성계 사이의 성간 매질에는 수소와 헬륨의 희박한 원자가 포함되어 있다.,星間の,恒星系の間の星間物質には水素とヘリウムのまばらな原子が含まれている。,星际的,恒星系之间的星际介质含有稀疏的氢和氦原子。,interestelar,El medio interestelar entre los sistemas estelares contiene átomos dispersos de hidrógeno y helio.,giữa các vì sao,Môi trường giữa các vì sao chứa các nguyên tử hydro và heli thưa thớt.,ระหว่างดวงดาว,สสารระหว่างดวงดาวในระบบดาวต่าง ๆ มีอะตอมของไฮโดรเจนและฮีเลียมที่เบาบาง,antarbintang,Medium antarbintang di antara sistem bintang mengandung atom-atom hidrogen dan helium yang jarang.
pulsar,A pulsar emits beams of electromagnetic radiation at remarkably regular intervals as it rotates.,펄서,펄서는 회전하면서 놀라울 정도로 규칙적인 간격으로 전자기 복사선을 방출한다.,パルサー,パルサーは回転しながら驚くほど規則的な間隔で電磁放射のビームを放出する。,脉冲星,脉冲星在旋转时以极其规律的间隔发射电磁辐射束。,púlsar,Un púlsar emite haces de radiación electromagnética a intervalos notablemente regulares mientras rota.,xung tinh,Một xung tinh phát ra các chùm bức xạ điện từ ở khoảng cách thời gian đều đặn đáng kinh ngạc khi nó quay.,พัลซาร์,พัลซาร์ปล่อยลำแสงรังสีแม่เหล็กไฟฟ้าเป็นช่วงเวลาที่สม่ำเสมออย่างน่าทึ่งขณะที่มันหมุน,pulsar,Sebuah pulsar memancarkan berkas radiasi elektromagnetik pada interval yang sangat teratur saat berotasi.
gravitational,Gravitational waves were directly detected for the first time in 2015 confirming Einstein's century-old prediction.,중력의,중력파는 2015년에 처음으로 직접 관측되어 아인슈타인의 한 세기 전 예측을 확인해 주었다.,重力の,重力波は2015年に初めて直接検出されアインシュタインの1世紀前の予測を確認した。,引力的,引力波于2015年首次被直接探测到证实了爱因斯坦一个世纪前的预测。,gravitacional,Las ondas gravitacionales se detectaron directamente por primera vez en 2015 confirmando la predicción centenaria de Einstein.,hấp dẫn,Sóng hấp dẫn được phát hiện trực tiếp lần đầu tiên vào năm 2015 xác nhận dự đoán hàng thế kỷ của Einstein.,แรงโน้มถ่วง,คลื่นความโน้มถ่วงถูกตรวจพบโดยตรงเป็นครั้งแรกในปี 2015 ยืนยันการทำนายของไอน์สไตน์ที่มีอายุหนึ่งศตวรรษ,gravitasi,Gelombang gravitasi terdeteksi secara langsung untuk pertama kalinya pada tahun 2015 mengonfirmasi prediksi Einstein yang berusia satu abad.
exoplanet,The discovery of a potentially habitable exoplanet orbiting a nearby star ignited public interest in space exploration.,외계 행성,인근 별을 공전하는 잠재적으로 거주 가능한 외계 행성의 발견이 우주 탐사에 대한 대중의 관심을 불러일으켰다.,系外惑星,近くの恒星を周回する居住可能性のある系外惑星の発見が宇宙探査への市民の関心に火をつけた。,系外行星,一颗围绕附近恒星运行的可能宜居的系外行星的发现激发了公众对太空探索的兴趣。,exoplaneta,El descubrimiento de un exoplaneta potencialmente habitable orbitando una estrella cercana encendió el interés público en la exploración espacial.,ngoại hành tinh,Việc phát hiện một ngoại hành tinh có thể sinh sống được quay quanh một ngôi sao gần đó đã khơi dậy sự quan tâm của công chúng đối với việc khám phá không gian.,ดาวเคราะห์นอกระบบ,การค้นพบดาวเคราะห์นอกระบบที่อาจอยู่อาศัยได้โคจรรอบดาวฤกษ์ใกล้เคียงจุดประกายความสนใจของสาธารณชนในการสำรวจอวกาศ,eksoplanet,Penemuan eksoplanet yang berpotensi dapat dihuni yang mengorbit bintang terdekat memicu minat publik dalam eksplorasi ruang angkasa.
luminosity,The luminosity of a star is directly correlated with its mass and surface temperature.,광도,별의 광도는 질량과 표면 온도와 직접적으로 관련이 있다.,光度,恒星の光度はその質量と表面温度に直接関連している。,光度,恒星的光度与其质量和表面温度直接相关。,luminosidad,La luminosidad de una estrella está directamente correlacionada con su masa y temperatura superficial.,độ sáng,Độ sáng của một ngôi sao có liên quan trực tiếp đến khối lượng và nhiệt độ bề mặt của nó.,ความส่องสว่าง,ความส่องสว่างของดาวฤกษ์มีความสัมพันธ์โดยตรงกับมวลและอุณหภูมิพื้นผิว,luminositas,Luminositas sebuah bintang berkorelasi langsung dengan massa dan suhu permukaannya.
apogee,At its apogee the satellite reached its maximum distance from the Earth's surface.,원지점,인공위성은 원지점에서 지구 표면으로부터 최대 거리에 도달했다.,遠地点,衛星はその遠地点で地球の表面からの最大距離に達した。,远地点,在远地点卫星达到了离地球表面的最远距离。,apogeo,En su apogeo el satélite alcanzó su distancia máxima de la superficie terrestre.,viễn điểm,Tại viễn điểm vệ tinh đạt khoảng cách tối đa so với bề mặt Trái Đất.,จุดไกลสุด,ที่จุดไกลสุดดาวเทียมอยู่ห่างจากพื้นผิวโลกมากที่สุด,apogee,Pada titik apogee satelit mencapai jarak maksimumnya dari permukaan Bumi.
perihelion,Mercury reaches perihelion every 88 days when it is closest to the Sun.,근일점,수성은 88일마다 태양에 가장 가까워지는 근일점에 도달한다.,近日点,水星は88日ごとに太陽に最も近い近日点に達する。,近日点,水星每88天到达近日点即距太阳最近的位置。,perihelio,Mercurio alcanza el perihelio cada 88 días cuando está más cerca del Sol.,cận nhật điểm,Sao Thủy đạt cận nhật điểm mỗi 88 ngày khi nó ở gần Mặt Trời nhất.,จุดใกล้ดวงอาทิตย์ที่สุด,ดาวพุธถึงจุดใกล้ดวงอาทิตย์ที่สุดทุก 88 วันเมื่อมันอยู่ใกล้ดวงอาทิตย์มากที่สุด,perihelion,Merkurius mencapai perihelion setiap 88 hari saat berada paling dekat dengan Matahari.
spectroscopy,Spectroscopy allows astronomers to determine the chemical composition of distant stars by analysing their emitted light.,분광학,분광학은 천문학자들이 먼 별에서 방출된 빛을 분석하여 화학적 조성을 결정할 수 있게 해준다.,分光学,分光学により天文学者は遠い星が放出する光を分析してその化学組成を決定できる。,光谱学,光谱学使天文学家能够通过分析遥远恒星发出的光来确定其化学成分。,espectroscopía,La espectroscopía permite a los astrónomos determinar la composición química de estrellas distantes analizando su luz emitida.,quang phổ học,Quang phổ học cho phép các nhà thiên văn xác định thành phần hóa học của các ngôi sao xa bằng cách phân tích ánh sáng phát ra từ chúng.,สเปกโทรสโกปี,สเปกโทรสโกปีช่วยให้นักดาราศาสตร์กำหนดองค์ประกอบทางเคมีของดาวฤกษ์ที่อยู่ไกลโดยวิเคราะห์แสงที่ปล่อยออกมา,spektroskopi,Spektroskopi memungkinkan para astronom menentukan komposisi kimia bintang-bintang jauh dengan menganalisis cahaya yang dipancarkannya.
redshift,The redshift of distant galaxies provides compelling evidence that the universe is expanding.,적색편이,먼 은하의 적색편이는 우주가 팽창하고 있다는 설득력 있는 증거를 제공한다.,赤方偏移,遠方の銀河の赤方偏移は宇宙が膨張していることの説得力ある証拠を提供する。,红移,遥远星系的红移为宇宙正在膨胀提供了令人信服的证据。,corrimiento al rojo,El corrimiento al rojo de las galaxias distantes proporciona evidencia convincente de que el universo se está expandiendo.,dịch chuyển đỏ,Sự dịch chuyển đỏ của các thiên hà xa cung cấp bằng chứng thuyết phục rằng vũ trụ đang giãn nở.,การเลื่อนไปทางแดง,การเลื่อนไปทางแดงของกาแล็กซีที่อยู่ห่างไกลให้หลักฐานที่น่าเชื่อว่าจักรวาลกำลังขยายตัว,pergeseran merah,Pergeseran merah dari galaksi-galaksi yang jauh memberikan bukti kuat bahwa alam semesta sedang mengembang.
totalitarian,Totalitarian regimes seek to control every aspect of public and private life through pervasive surveillance and propaganda.,전체주의적인,전체주의 정권은 광범위한 감시와 선전을 통해 공적·사적 생활의 모든 측면을 통제하려 한다.,全体主義の,全体主義体制は広範な監視とプロパガンダを通じて公的・私的生活のあらゆる側面を支配しようとする。,极权主义的,极权主义政权试图通过无处不在的监控和宣传来控制公共和私人生活的方方面面。,totalitario,Los regímenes totalitarios buscan controlar cada aspecto de la vida pública y privada a través de la vigilancia y la propaganda omnipresentes.,toàn trị,Các chế độ toàn trị tìm cách kiểm soát mọi khía cạnh của đời sống công cộng và cá nhân thông qua giám sát và tuyên truyền toàn diện.,เผด็จการเบ็ดเสร็จ,ระบอบเผด็จการเบ็ดเสร็จพยายามควบคุมทุกแง่มุมของชีวิตสาธารณะและส่วนตัวผ่านการเฝ้าระวังและการโฆษณาชวนเชื่อที่แพร่หลาย,totaliter,Rezim totaliter berusaha mengendalikan setiap aspek kehidupan publik dan pribadi melalui pengawasan dan propaganda yang meresap.
libertarian,Libertarian philosophy prioritises individual freedom and minimal state intervention in both economic and personal matters.,자유지상주의의,자유지상주의 철학은 경제적·개인적 문제 모두에서 개인의 자유와 최소한의 국가 개입을 우선시한다.,リバタリアンの,リバタリアン思想は経済的・個人的問題の両方で個人の自由と最小限の国家介入を優先する。,自由至上主义的,自由至上主义哲学在经济和个人事务方面都优先考虑个人自由和最小的国家干预。,libertario,La filosofía libertaria prioriza la libertad individual y la mínima intervención estatal tanto en asuntos económicos como personales.,tự do cá nhân,Triết học tự do cá nhân ưu tiên quyền tự do cá nhân và sự can thiệp tối thiểu của nhà nước trong cả vấn đề kinh tế lẫn cá nhân.,เสรีนิยมสุดขั้ว,ปรัชญาเสรีนิยมสุดขั้วให้ความสำคัญกับเสรีภาพของปัจเจกบุคคลและการแทรกแซงของรัฐให้น้อยที่สุดทั้งในเรื่องเศรษฐกิจและเรื่องส่วนตัว,libertarian,Filosofi libertarian mengutamakan kebebasan individu dan intervensi negara yang minimal baik dalam urusan ekonomi maupun pribadi.
anarchism,Anarchism envisions a society organised through voluntary cooperation rather than coercive governmental structures.,아나키즘; 무정부주의,아나키즘은 강압적인 정부 구조가 아닌 자발적 협력을 통해 조직되는 사회를 구상한다.,アナキズム,アナキズムは強制的な政府構造ではなく自発的な協力によって組織される社会を構想する。,无政府主义,无政府主义设想一个通过自愿合作而非强制政府结构来组织的社会。,anarquismo,El anarquismo imagina una sociedad organizada a través de la cooperación voluntaria en lugar de estructuras gubernamentales coercitivas.,chủ nghĩa vô chính phủ,Chủ nghĩa vô chính phủ hình dung một xã hội được tổ chức thông qua hợp tác tự nguyện thay vì các cấu trúc chính phủ cưỡng bức.,อนาธิปไตย,อนาธิปไตยมองเห็นสังคมที่จัดระเบียบผ่านความร่วมมือโดยสมัครใจแทนโครงสร้างรัฐบาลที่ใช้การบังคับ,anarkisme,Anarkisme membayangkan masyarakat yang diorganisir melalui kerja sama sukarela bukan struktur pemerintahan yang memaksa.
communism,Under communism the means of production are collectively owned and class distinctions are theoretically abolished.,공산주의,공산주의 하에서 생산 수단은 집단적으로 소유되며 계급 구분은 이론적으로 폐지된다.,共産主義,共産主義の下では生産手段は集団的に所有され階級の区別は理論的に廃止される。,共产主义,在共产主义制度下生产资料归集体所有阶级差别在理论上被废除。,comunismo,Bajo el comunismo los medios de producción son de propiedad colectiva y las distinciones de clase son teóricamente abolidas.,chủ nghĩa cộng sản,Dưới chủ nghĩa cộng sản tư liệu sản xuất thuộc sở hữu tập thể và sự phân biệt giai cấp về lý thuyết bị xóa bỏ.,คอมมิวนิสม์,ภายใต้คอมมิวนิสม์ ปัจจัยการผลิตเป็นของส่วนรวมและความแตกต่างทางชนชั้นถูกยกเลิกในทางทฤษฎี,komunisme,Di bawah komunisme alat-alat produksi dimiliki secara kolektif dan perbedaan kelas secara teoritis dihapuskan.
capitalism,Proponents of capitalism argue that free markets drive innovation and allocate resources most efficiently.,자본주의,자본주의 지지자들은 자유 시장이 혁신을 주도하고 자원을 가장 효율적으로 배분한다고 주장한다.,資本主義,資本主義の支持者は自由市場がイノベーションを促進し資源を最も効率的に配分すると主張する。,资本主义,资本主义的支持者认为自由市场推动创新并最有效地配置资源。,capitalismo,Los defensores del capitalismo argumentan que los mercados libres impulsan la innovación y asignan los recursos de manera más eficiente.,chủ nghĩa tư bản,Những người ủng hộ chủ nghĩa tư bản cho rằng thị trường tự do thúc đẩy đổi mới và phân bổ nguồn lực hiệu quả nhất.,ทุนนิยม,ผู้สนับสนุนทุนนิยมโต้แย้งว่าตลาดเสรีขับเคลื่อนนวัตกรรมและจัดสรรทรัพยากรอย่างมีประสิทธิภาพที่สุด,kapitalisme,Pendukung kapitalisme berpendapat bahwa pasar bebas mendorong inovasi dan mengalokasikan sumber daya paling efisien.socialism,Socialism advocates for public or cooperative ownership of the means of production to reduce economic inequality.,사회주의,사회주의는 경제적 불평등을 줄이기 위해 생산 수단의 공적 또는 협동적 소유를 옹호한다.,社会主義,社会主義は経済的不平等を減らすために生産手段の公的または協同的所有を提唱する。,社会主义,社会主义倡导生产资料的公有或合作所有以减少经济不平等。,socialismo,El socialismo aboga por la propiedad pública o cooperativa de los medios de producción para reducir la desigualdad económica.,chủ nghĩa xã hội,Chủ nghĩa xã hội ủng hộ quyền sở hữu công cộng hoặc hợp tác đối với tư liệu sản xuất nhằm giảm bất bình đẳng kinh tế.,สังคมนิยม,สังคมนิยมสนับสนุนการเป็นเจ้าของสาธารณะหรือสหกรณ์ของปัจจัยการผลิตเพื่อลดความเหลื่อมล้ำทางเศรษฐกิจ,sosialisme,Sosialisme mengadvokasi kepemilikan publik atau kooperatif atas alat-alat produksi untuk mengurangi ketimpangan ekonomi.
federalism,Federalism distributes governmental authority between a central body and constituent regional units.,연방주의,연방주의는 정부 권한을 중앙 기관과 구성 지역 단위 간에 분배한다.,連邦主義,連邦主義は政府の権限を中央機関と構成地域単位の間に分配する。,联邦制,联邦制将政府权力分配给中央机构和组成区域单位。,federalismo,El federalismo distribuye la autoridad gubernamental entre un cuerpo central y unidades regionales constituyentes.,chủ nghĩa liên bang,Chủ nghĩa liên bang phân phối quyền lực chính phủ giữa cơ quan trung ương và các đơn vị khu vực thành viên.,สหพันธรัฐนิยม,สหพันธรัฐนิยมกระจายอำนาจรัฐบาลระหว่างองค์กรกลางกับหน่วยภูมิภาคที่เป็นส่วนประกอบ,federalisme,Federalisme mendistribusikan otoritas pemerintahan antara badan pusat dan unit-unit regional konstituen.
populism,Populism frames political conflict as a struggle between ordinary citizens and a corrupt elite.,포퓰리즘; 대중주의,포퓰리즘은 정치적 갈등을 평범한 시민과 부패한 엘리트 사이의 투쟁으로 틀지운다.,ポピュリズム,ポピュリズムは政治的対立を一般市民と腐敗したエリートの闘争として位置づける。,民粹主义,民粹主义将政治冲突定义为普通公民与腐败精英之间的斗争。,populismo,El populismo enmarca el conflicto político como una lucha entre los ciudadanos comunes y una élite corrupta.,chủ nghĩa dân túy,Chủ nghĩa dân túy định hình xung đột chính trị như một cuộc đấu tranh giữa công dân bình thường và giới tinh hoa tham nhũng.,ประชานิยม,ประชานิยมวางกรอบความขัดแย้งทางการเมืองเป็นการต่อสู้ระหว่างประชาชนทั่วไปกับชนชั้นนำที่ฉ้อฉล,populisme,Populisme membingkai konflik politik sebagai perjuangan antara warga biasa dan elit yang korup.
theocracy,In a theocracy religious authorities govern the state and religious law supersedes secular legislation.,신정정치,신정정치에서는 종교 지도자가 국가를 통치하며 종교법이 세속 법률보다 우선한다.,神権政治,神権政治では宗教的権威が国家を統治し宗教法が世俗的な法律に優先する。,神权政治,在神权政治中宗教当局统治国家宗教法律凌驾于世俗立法之上。,teocracia,En una teocracia las autoridades religiosas gobiernan el estado y la ley religiosa reemplaza la legislación secular.,thần quyền,Trong chế độ thần quyền các nhà lãnh đạo tôn giáo cai trị nhà nước và luật tôn giáo thay thế pháp luật thế tục.,เทวาธิปไตย,ในระบอบเทวาธิปไตย ผู้มีอำนาจทางศาสนาปกครองรัฐและกฎหมายศาสนาเหนือกว่ากฎหมายทางโลก,teokrasi,Dalam teokrasi otoritas agama memerintah negara dan hukum agama menggantikan legislasi sekuler.
plutocracy,The concentration of political influence among the ultra-wealthy effectively created a plutocracy.,금권정치,초부유층 사이에 정치적 영향력이 집중되면서 사실상 금권정치가 형성되었다.,金権政治,超富裕層の間に政治的影響力が集中したことで事実上の金権政治が生まれた。,财阀政治,政治影响力在超级富豪中的集中实际上创造了一种财阀政治。,plutocracia,La concentración de influencia política entre los ultrarricos creó efectivamente una plutocracia.,chế độ tài phiệt,Sự tập trung ảnh hưởng chính trị trong tay giới siêu giàu đã tạo ra chế độ tài phiệt trên thực tế.,ธนาธิปไตย,การกระจุกตัวของอิทธิพลทางการเมืองในหมู่คนร่ำรวยที่สุดสร้างธนาธิปไตยอย่างมีประสิทธิผล,plutokrasi,Konsentrasi pengaruh politik di kalangan orang-orang sangat kaya secara efektif menciptakan plutokrasi.
meritocracy,A true meritocracy rewards talent and effort irrespective of social background or inherited privilege.,능력주의,진정한 능력주의는 사회적 배경이나 물려받은 특권에 관계없이 재능과 노력에 보상을 준다.,実力主義,真の実力主義は社会的背景や相続された特権に関係なく才能と努力に報いる。,精英政治,真正的精英政治不论社会背景或世袭特权都会奖励才能和努力。,meritocracia,Una verdadera meritocracia recompensa el talento y el esfuerzo independientemente del origen social o el privilegio heredado.,chế độ nhân tài,Chế độ nhân tài thực sự tưởng thưởng tài năng và nỗ lực bất kể xuất thân xã hội hay đặc quyền thừa kế.,ระบบคุณธรรม,ระบบคุณธรรมที่แท้จริงให้รางวัลแก่ความสามารถและความพยายามโดยไม่คำนึงถึงภูมิหลังทางสังคมหรือสิทธิพิเศษที่สืบทอดมา,meritokrasi,Meritokrasi sejati menghargai bakat dan usaha tanpa memandang latar belakang sosial atau hak istimewa yang diwarisi.
autocracy,The country's gradual slide into autocracy went largely unnoticed until press freedoms had been effectively eliminated.,독재정치,그 나라가 독재정치로 점진적으로 미끄러진 것은 언론의 자유가 사실상 폐지될 때까지 크게 주목받지 못했다.,独裁政治,その国が独裁政治へと徐々に移行したことは報道の自由が事実上排除されるまでほとんど気づかれなかった。,独裁政治,该国逐渐滑向独裁政治但直到新闻自由被有效消除后才被广泛注意到。,autocracia,El deslizamiento gradual del país hacia la autocracia pasó en gran parte desapercibido hasta que las libertades de prensa fueron efectivamente eliminadas.,chế độ chuyên quyền,Sự trượt dần của đất nước vào chế độ chuyên quyền phần lớn không được chú ý cho đến khi quyền tự do báo chí bị loại bỏ trên thực tế.,ระบอบเผด็จการ,การเลื่อนไหลอย่างค่อยเป็นค่อยไปของประเทศสู่ระบอบเผด็จการไม่ได้รับความสนใจจนกว่าเสรีภาพสื่อจะถูกกำจัดอย่างมีประสิทธิผล,otokrasi,Kemunduran negara secara bertahap menuju otokrasi sebagian besar tidak disadari sampai kebebasan pers secara efektif dihilangkan.
egalitarian,The egalitarian movement championed equal rights and opportunities for all members of society regardless of gender or ethnicity.,평등주의의,평등주의 운동은 성별이나 민족에 관계없이 사회의 모든 구성원에게 동등한 권리와 기회를 옹호했다.,平等主義の,平等主義運動は性別や民族に関係なく社会の全構成員に平等な権利と機会を擁護した。,平等主义的,平等主义运动倡导不论性别或种族社会所有成员都享有平等的权利和机会。,igualitario,El movimiento igualitario defendió la igualdad de derechos y oportunidades para todos los miembros de la sociedad sin importar el género o la etnia.,bình đẳng,Phong trào bình đẳng đã đấu tranh cho quyền bình đẳng và cơ hội cho tất cả thành viên trong xã hội bất kể giới tính hay sắc tộc.,เสมอภาค,ขบวนการเสมอภาคสนับสนุนสิทธิและโอกาสที่เท่าเทียมกันสำหรับสมาชิกทุกคนในสังคมโดยไม่คำนึงถึงเพศหรือชาติพันธุ์,egaliter,Gerakan egaliter memperjuangkan hak dan kesempatan yang setara bagi semua anggota masyarakat tanpa memandang gender atau etnis.
constituency,The politician tailored her message to appeal to her rural constituency whose concerns differed markedly from urban voters.,선거구; 지지 기반,그 정치인은 도시 유권자와 현저히 다른 관심사를 가진 농촌 선거구에 호소하기 위해 메시지를 맞춤화했다.,選挙区,その政治家は都市部の有権者とは著しく異なる関心を持つ農村部の選挙区に訴えるようメッセージを調整した。,选区,这位政治家调整了她的信息以吸引她的农村选区而这些选民的关注点与城市选民明显不同。,circunscripción,La política adaptó su mensaje para atraer a su circunscripción rural cuyas preocupaciones diferían notablemente de las de los votantes urbanos.,khu vực bầu cử,Chính trị gia đó đã điều chỉnh thông điệp để thu hút khu vực bầu cử nông thôn của bà vốn có mối quan tâm khác biệt rõ rệt so với cử tri thành thị.,เขตเลือกตั้ง,นักการเมืองปรับแต่งข้อความเพื่อดึงดูดเขตเลือกตั้งในชนบทซึ่งมีความกังวลแตกต่างอย่างเห็นได้ชัดจากผู้มีสิทธิเลือกตั้งในเมือง,konstituensi,Politisi tersebut menyesuaikan pesannya untuk menarik konstituensi pedesaannya yang kekhawatirannya sangat berbeda dari pemilih perkotaan.
impeachment,The impeachment proceedings dominated the national discourse for several months.,탄핵,탄핵 절차가 수개월 동안 국가적 담론을 지배했다.,弾劾,弾劾手続きは数か月にわたり国内の議論を支配した。,弹劾,弹劾程序在数月内主导了全国性的讨论。,juicio político,Los procedimientos de juicio político dominaron el discurso nacional durante varios meses.,luận tội,Các thủ tục luận tội đã chi phối diễn đàn quốc gia trong nhiều tháng.,การถอดถอน,กระบวนการถอดถอนครอบงำวาทกรรมระดับชาติเป็นเวลาหลายเดือน,pemakzulan,Proses pemakzulan mendominasi wacana nasional selama beberapa bulan.
suffrage,Universal suffrage was only achieved after decades of persistent activism and legislative reform.,참정권; 투표권,보통 선거권은 수십 년간의 끈질긴 활동과 입법 개혁 끝에야 달성되었다.,参政権,普通選挙権は数十年にわたる粘り強い活動と法律改革の後にようやく達成された。,选举权,普选权是在数十年的持续行动和立法改革之后才实现的。,sufragio,El sufragio universal solo se logró después de décadas de activismo persistente y reforma legislativa.,quyền bầu cử,Quyền bầu cử phổ thông chỉ đạt được sau nhiều thập kỷ hoạt động kiên trì và cải cách lập pháp.,สิทธิเลือกตั้ง,สิทธิเลือกตั้งทั่วไปบรรลุผลสำเร็จหลังจากหลายทศวรรษของการเคลื่อนไหวอย่างต่อเนื่องและการปฏิรูปทางกฎหมาย,hak pilih,Hak pilih universal baru tercapai setelah beberapa dekade aktivisme yang gigih dan reformasi legislatif.
gerrymander,Opposition parties accused the ruling coalition of attempting to gerrymander electoral districts to secure a permanent majority.,게리맨더링하다,야당들은 여당 연합이 영구적 다수석을 확보하기 위해 선거구를 게리맨더링하려 한다고 비난했다.,ゲリマンダーを行う,野党は与党連合が恒久的な多数派を確保するために選挙区のゲリマンダーを試みていると非難した。,不公正划分选区,反对党指责执政联盟试图不公正地划分选区以确保永久多数席位。,manipular distritos electorales,Los partidos de oposición acusaron a la coalición gobernante de intentar manipular los distritos electorales para asegurar una mayoría permanente.,phân chia lại khu vực bầu cử,Các đảng đối lập cáo buộc liên minh cầm quyền cố gắng phân chia lại khu vực bầu cử để đảm bảo đa số vĩnh viễn.,แบ่งเขตเลือกตั้งอย่างไม่เป็นธรรม,พรรคฝ่ายค้านกล่าวหาว่ารัฐบาลผสมพยายามแบ่งเขตเลือกตั้งอย่างไม่เป็นธรรมเพื่อรักษาเสียงข้างมากถาวร,persekongkolan distrik,Partai oposisi menuduh koalisi pemerintah berusaha memanipulasi distrik pemilihan untuk mengamankan mayoritas permanen.
notwithstanding,Notwithstanding the severe budgetary constraints the research team managed to produce groundbreaking results.,그럼에도 불구하고,심각한 예산 제약에도 불구하고 연구팀은 획기적인 결과를 도출했다.,にもかかわらず,厳しい予算制約にもかかわらず研究チームは画期的な成果を上げることに成功した。,尽管,尽管预算严重受限研究团队仍设法取得了突破性成果。,no obstante,No obstante las severas restricciones presupuestarias el equipo de investigación logró producir resultados revolucionarios.,bất chấp,Bất chấp những hạn chế nghiêm trọng về ngân sách nhóm nghiên cứu vẫn đạt được kết quả đột phá.,แม้ว่า; ทั้ง ๆ ที่,แม้ว่าจะมีข้อจำกัดด้านงบประมาณอย่างรุนแรง ทีมวิจัยก็สามารถสร้างผลลัพธ์ที่ก้าวล้ำได้,meskipun demikian,Meskipun ada kendala anggaran yang parah tim peneliti berhasil menghasilkan temuan yang terobosan.
hitherto,The discovery challenged hitherto accepted theories about the formation of planetary systems.,지금까지,그 발견은 행성계 형성에 관해 지금까지 받아들여진 이론들에 의문을 제기했다.,これまで,その発見はこれまで受け入れられてきた惑星系の形成に関する理論に異議を唱えた。,迄今为止,这一发现挑战了迄今为止被接受的关于行星系形成的理论。,hasta ahora,El descubrimiento desafió las teorías hasta ahora aceptadas sobre la formación de sistemas planetarios.,cho đến nay,Phát hiện này thách thức các lý thuyết cho đến nay được chấp nhận về sự hình thành của các hệ hành tinh.,จนถึงบัดนี้,การค้นพบนี้ท้าทายทฤษฎีที่ได้รับการยอมรับจนถึงบัดนี้เกี่ยวกับการก่อตัวของระบบดาวเคราะห์,hingga kini,Penemuan tersebut menantang teori-teori yang hingga kini diterima tentang pembentukan sistem planet.
thereby,The government reduced import tariffs thereby stimulating foreign investment in the domestic market.,그럼으로써,정부는 수입 관세를 인하하여 그럼으로써 국내 시장에 대한 외국인 투자를 촉진했다.,それによって,政府は輸入関税を引き下げそれによって国内市場への外国投資を刺激した。,从而,政府降低了进口关税从而刺激了对国内市场的外国投资。,de ese modo,El gobierno redujo los aranceles de importación estimulando de ese modo la inversión extranjera en el mercado nacional.,từ đó,Chính phủ giảm thuế nhập khẩu từ đó kích thích đầu tư nước ngoài vào thị trường nội địa.,ดังนั้น; จึง,รัฐบาลลดภาษีนำเข้าจึงกระตุ้นการลงทุนจากต่างชาติในตลาดภายในประเทศ,dengan demikian,Pemerintah mengurangi tarif impor dengan demikian merangsang investasi asing di pasar domestik.
whereby,They established a framework whereby disputes could be resolved through binding arbitration.,그에 따라; 이를 통해,그들은 분쟁을 구속력 있는 중재를 통해 해결할 수 있는 체계를 수립했다.,それによって,彼らは拘束力のある仲裁を通じて紛争を解決できる枠組みを確立した。,借此,他们建立了一个框架借此可以通过有约束力的仲裁来解决争端。,por el cual,Establecieron un marco por el cual las disputas podrían resolverse mediante arbitraje vinculante.,theo đó,Họ thiết lập một khuôn khổ theo đó các tranh chấp có thể được giải quyết thông qua trọng tài ràng buộc.,ซึ่งโดยวิธีนั้น,พวกเขาสร้างกรอบงานซึ่งโดยวิธีนั้นข้อพิพาทสามารถแก้ไขได้ผ่านอนุญาโตตุลาการที่มีผลผูกพัน,yang mana,Mereka menetapkan kerangka kerja yang mana sengketa dapat diselesaikan melalui arbitrase yang mengikat.
henceforth,The board announced that henceforth all financial transactions would require dual authorisation.,이후로; 금후,이사회는 금후 모든 금융 거래에 이중 승인이 필요하다고 발표했다.,今後,取締役会は今後すべての金融取引に二重認証が必要になると発表した。,从今以后,董事会宣布从今以后所有金融交易将需要双重授权。,de aquí en adelante,La junta anunció que de aquí en adelante todas las transacciones financieras requerirían doble autorización.,kể từ nay,Ban giám đốc thông báo rằng kể từ nay tất cả các giao dịch tài chính sẽ yêu cầu ủy quyền kép.,นับจากนี้ไป,คณะกรรมการประกาศว่านับจากนี้ไปธุรกรรมทางการเงินทั้งหมดจะต้องได้รับการอนุมัติแบบคู่,mulai sekarang,Dewan mengumumkan bahwa mulai sekarang semua transaksi keuangan akan memerlukan otorisasi ganda.
insofar,The policy succeeded insofar as it reduced unemployment but it failed to address underlying structural inequalities.,~하는 한에 있어서,그 정책은 실업을 줄이는 한에 있어서는 성공했지만 근본적인 구조적 불평등을 해결하지는 못했다.,～する限りにおいて,その政策は失業率を下げた限りにおいては成功したが根本的な構造的不平等には対処できなかった。,就...而言,该政策就减少失业而言是成功的但未能解决根本的结构性不平等问题。,en la medida en que,La política tuvo éxito en la medida en que redujo el desempleo pero no logró abordar las desigualdades estructurales subyacentes.,trong chừng mực,Chính sách thành công trong chừng mực giảm được thất nghiệp nhưng không giải quyết được bất bình đẳng cấu trúc tiềm ẩn.,ตราบเท่าที่,นโยบายประสบความสำเร็จตราบเท่าที่ลดการว่างงานแต่ล้มเหลวในการแก้ไขความเหลื่อมล้ำเชิงโครงสร้างที่แฝงอยู่,sejauh,Kebijakan tersebut berhasil sejauh mengurangi pengangguran tetapi gagal mengatasi ketimpangan struktural yang mendasarinya.
inasmuch,The experiment was considered valid inasmuch as it followed all established protocols rigorously.,~인 만큼; ~이므로,그 실험은 모든 확립된 프로토콜을 엄격히 따랐으므로 유효한 것으로 간주되었다.,～であるからには,その実験はすべての確立されたプロトコルに厳密に従ったという点で有効であるとみなされた。,由于; 鉴于,该实验被认为是有效的因为它严格遵循了所有既定的规程。,en tanto que,El experimento se consideró válido en tanto que siguió rigurosamente todos los protocolos establecidos.,bởi vì; do,Thí nghiệm được coi là hợp lệ bởi vì nó tuân thủ nghiêm ngặt tất cả các quy trình đã được thiết lập.,เนื่องจาก; ในแง่ที่,การทดลองถูกพิจารณาว่าถูกต้องเนื่องจากปฏิบัติตามระเบียบวิธีที่กำหนดไว้ทั้งหมดอย่างเคร่งครัด,mengingat bahwa,Eksperimen tersebut dianggap valid mengingat bahwa mengikuti semua protokol yang ditetapkan secara ketat.
heretofore,The heretofore unknown manuscript was discovered in a dusty archive by a graduate student.,이전에; 여태까지,여태까지 알려지지 않았던 원고가 대학원생에 의해 먼지 쌓인 문서고에서 발견되었다.,これまで,これまで知られていなかった原稿が大学院生によってほこりまみれのアーカイブで発見された。,此前,一位研究生在满是灰尘的档案馆中发现了此前不为人知的手稿。,hasta entonces,El manuscrito hasta entonces desconocido fue descubierto en un archivo polvoriento por un estudiante de posgrado.,trước đây,Bản thảo trước đây chưa từng được biết đến đã được một nghiên cứu sinh phát hiện trong một kho lưu trữ đầy bụi.,ก่อนหน้านี้,ต้นฉบับที่ไม่เคยเป็นที่รู้จักก่อนหน้านี้ถูกค้นพบในห้องเก็บเอกสารเก่าโดยนักศึกษาบัณฑิต,sebelumnya,Manuskrip yang sebelumnya tidak diketahui ditemukan di arsip berdebu oleh seorang mahasiswa pascasarjana.
thereof,The contract specifies the terms of the agreement and any amendments thereof must be documented in writing.,그것의,계약서는 합의 조건을 명시하며 그것의 모든 수정 사항은 서면으로 기록되어야 한다.,その,契約は合意の条件を明記しておりその修正はすべて書面で文書化されなければならない。,其中的,合同规定了协议条款其任何修改都必须以书面形式记录。,de ello,El contrato especifica los términos del acuerdo y cualquier enmienda de ello debe documentarse por escrito.,về điều đó,Hợp đồng quy định các điều khoản của thỏa thuận và mọi sửa đổi về điều đó phải được ghi nhận bằng văn bản.,ของสิ่งนั้น,สัญญาระบุเงื่อนไขของข้อตกลงและการแก้ไขใด ๆ ของสิ่งนั้นจะต้องบันทึกเป็นลายลักษณ์อักษร,daripadanya,Kontrak menentukan ketentuan perjanjian dan setiap amendemen daripadanya harus didokumentasikan secara tertulis.
whereupon,The jury delivered the guilty verdict whereupon the defendant was immediately taken into custody.,그러자; 그 직후,배심원단이 유죄 평결을 내리자 피고인은 즉시 구금되었다.,その結果,陪審員が有罪の評決を下しその結果被告は直ちに拘留された。,于是,陪审团作出有罪判决于是被告立即被拘押。,tras lo cual,El jurado emitió el veredicto de culpabilidad tras lo cual el acusado fue inmediatamente puesto bajo custodia.,sau đó,Bồi thẩm đoàn đưa ra phán quyết có tội sau đó bị cáo ngay lập tức bị giam giữ.,หลังจากนั้น,คณะลูกขุนตัดสินว่ามีความผิด หลังจากนั้นจำเลยถูกนำตัวไปควบคุมทันที,setelah itu,Juri menyampaikan vonis bersalah setelah itu terdakwa segera ditahan.
forthwith,The court ordered the company to cease all operations forthwith pending a full environmental review.,즉시; 곧바로,법원은 전면적인 환경 검토가 끝날 때까지 회사에 즉시 모든 운영을 중단하라고 명령했다.,直ちに,裁判所は全面的な環境レビューが完了するまで直ちにすべての事業を中止するよう命じた。,立即,法院命令该公司立即停止所有运营等待全面的环境审查。,inmediatamente,El tribunal ordenó a la empresa cesar todas las operaciones inmediatamente en espera de una revisión ambiental completa.,ngay lập tức,Tòa án ra lệnh cho công ty ngay lập tức ngừng tất cả hoạt động trong khi chờ đánh giá toàn diện về môi trường.,โดยทันที,ศาลสั่งให้บริษัทหยุดดำเนินกิจการทั้งหมดโดยทันทีเพื่อรอการตรวจสอบด้านสิ่งแวดล้อมอย่างเต็มรูปแบบ,segera,Pengadilan memerintahkan perusahaan untuk segera menghentikan semua operasi sambil menunggu tinjauan lingkungan yang menyeluruh.
conversely,Urban areas saw a sharp decline in crime; conversely rural communities experienced an unexpected surge.,반대로,도시 지역에서는 범죄가 급감한 반면 반대로 농촌 지역에서는 예상치 못한 급증이 나타났다.,逆に,都市部では犯罪が急減した。逆に農村部では予想外の急増を経験した。,相反地,城市地区犯罪率急剧下降；相反农村社区却出现了意外的激增。,por el contrario,Las áreas urbanas experimentaron una fuerte disminución del crimen; por el contrario las comunidades rurales experimentaron un aumento inesperado.,ngược lại,Khu vực thành thị chứng kiến sự giảm mạnh tội phạm; ngược lại các cộng đồng nông thôn lại trải qua sự gia tăng bất ngờ.,ในทางกลับกัน,พื้นที่ในเมืองเห็นอาชญากรรมลดลงอย่างรวดเร็ว ในทางกลับกันชุมชนชนบทกลับประสบกับการเพิ่มขึ้นอย่างไม่คาดคิด,sebaliknya,Daerah perkotaan mengalami penurunan tajam dalam kejahatan; sebaliknya komunitas pedesaan mengalami lonjakan yang tidak terduga.
accordingly,The committee identified several critical flaws in the proposal and accordingly recommended its rejection.,따라서; 그에 맞게,위원회는 제안서에서 여러 치명적 결함을 발견하고 따라서 그 거부를 권고했다.,したがって,委員会は提案にいくつかの重大な欠陥を発見しそれに応じてその否決を勧告した。,因此,委员会发现了提案中的几个关键缺陷因此建议予以否决。,en consecuencia,El comité identificó varios defectos críticos en la propuesta y en consecuencia recomendó su rechazo.,do đó,Ủy ban xác định một số lỗi nghiêm trọng trong đề xuất và do đó đề nghị bác bỏ nó.,ดังนั้น,คณะกรรมการระบุข้อบกพร่องที่สำคัญหลายประการในข้อเสนอและดังนั้นจึงแนะนำให้ปฏิเสธ,oleh karena itu,Komite mengidentifikasi beberapa kelemahan kritis dalam proposal dan oleh karena itu merekomendasikan penolakannya.
pertaining,All documents pertaining to the merger were submitted to the regulatory authority for review.,~에 관한,합병에 관한 모든 서류가 검토를 위해 규제 당국에 제출되었다.,～に関する,合併に関するすべての書類が審査のために規制当局に提出された。,有关的,所有与合并有关的文件均已提交给监管机构审查。,relativo a,Todos los documentos relativos a la fusión fueron presentados a la autoridad reguladora para su revisión.,liên quan đến,Tất cả các tài liệu liên quan đến việc sáp nhập đã được nộp cho cơ quan quản lý để xem xét.,เกี่ยวกับ,เอกสารทั้งหมดที่เกี่ยวกับการควบรวมกิจการถูกส่งไปยังหน่วยงานกำกับดูแลเพื่อตรวจสอบ,berkenaan dengan,Semua dokumen yang berkenaan dengan merger diserahkan kepada otoritas regulasi untuk ditinjau.
pursuant,Pursuant to the new regulations all hazardous materials must be stored in sealed containers.,~에 따라,새로운 규정에 따라 모든 위험 물질은 밀봉된 용기에 보관해야 한다.,～に従って,新しい規則に従いすべての危険物は密閉容器に保管しなければならない。,根据,根据新规定所有危险材料必须储存在密封容器中。,de conformidad con,De conformidad con las nuevas regulaciones todos los materiales peligrosos deben almacenarse en contenedores sellados.,theo,Theo các quy định mới tất cả vật liệu nguy hiểm phải được lưu trữ trong các thùng chứa kín.,ตาม,ตามระเบียบใหม่ วัสดุอันตรายทั้งหมดต้องเก็บในภาชนะปิดสนิท,sesuai dengan,Sesuai dengan peraturan baru semua bahan berbahaya harus disimpan dalam wadah tertutup rapat.
albeit,The project was completed on time albeit at a considerably higher cost than originally budgeted.,비록 ~이지만,프로젝트는 비록 원래 예산보다 상당히 높은 비용이 들었지만 제시간에 완료되었다.,とはいえ,プロジェクトは予定通りに完了したとはいえ当初の予算よりかなり高いコストがかかった。,尽管,项目按时完成了尽管成本远高于最初的预算。,aunque,El proyecto se completó a tiempo aunque a un costo considerablemente mayor que el presupuestado originalmente.,mặc dù,Dự án được hoàn thành đúng hạn mặc dù với chi phí cao hơn đáng kể so với ngân sách ban đầu.,แม้ว่า,โครงการเสร็จสิ้นตรงเวลาแม้ว่าจะมีต้นทุนสูงกว่าที่ตั้งงบประมาณไว้มาก,meskipun,Proyek selesai tepat waktu meskipun dengan biaya yang jauh lebih tinggi daripada yang dianggarkan semula.
lest,She triple-checked her calculations lest a single arithmetic error invalidate the entire study.,~하지 않도록,그녀는 하나의 산술 오류가 전체 연구를 무효화하지 않도록 계산을 세 번 확인했다.,～しないように,彼女は一つの計算ミスが研究全体を無効にしないよう計算を三度確認した。,以免,她反复检查了三遍计算以免一个算术错误使整个研究无效。,no sea que,Revisó sus cálculos tres veces no sea que un solo error aritmético invalidara todo el estudio.,kẻo,Cô ấy kiểm tra lại phép tính ba lần kẻo một sai sót số học duy nhất làm mất hiệu lực toàn bộ nghiên cứu.,เกรงว่า,เธอตรวจสอบการคำนวณสามรอบเกรงว่าข้อผิดพลาดทางคณิตศาสตร์เพียงจุดเดียวจะทำให้การศึกษาทั้งหมดเป็นโมฆะ,agar tidak,Dia memeriksa ulang perhitungannya tiga kali agar tidak ada satu kesalahan aritmetika pun yang membatalkan seluruh penelitian.
anomaly,The sudden temperature anomaly in the data prompted researchers to recalibrate their instruments.,이상; 변칙,데이터의 갑작스러운 온도 이상이 연구자들로 하여금 장비를 재보정하도록 촉구했다.,異常,データ中の突然の温度異常により研究者たちは機器の再校正を余儀なくされた。,异常,数据中突然出现的温度异常促使研究人员重新校准仪器。,anomalía,La anomalía repentina de temperatura en los datos llevó a los investigadores a recalibrar sus instrumentos.,dị thường,Sự dị thường nhiệt độ đột ngột trong dữ liệu khiến các nhà nghiên cứu phải hiệu chuẩn lại thiết bị.,ความผิดปกติ,ความผิดปกติของอุณหภูมิอย่างกะทันหันในข้อมูลกระตุ้นให้นักวิจัยปรับเทียบเครื่องมือใหม่,anomali,Anomali suhu yang tiba-tiba dalam data mendorong para peneliti untuk mengkalibrasi ulang instrumen mereka.
postulate,Euclid's parallel postulate sparked centuries of debate and ultimately led to the development of non-Euclidean geometries.,공준,유클리드의 평행 공준은 수세기에 걸친 논쟁을 촉발하고 궁극적으로 비유클리드 기하학의 발전으로 이어졌다.,公準,ユークリッドの平行線公準は何世紀にもわたる議論を引き起こし最終的に非ユークリッド幾何学の発展につながった。,公设,欧几里得的平行公设引发了几个世纪的辩论并最终导致了非欧几何学的发展。,postulado,El postulado de las paralelas de Euclides provocó siglos de debate y finalmente condujo al desarrollo de las geometrías no euclidianas.,định đề,Định đề song song của Euclid đã gây ra nhiều thế kỷ tranh luận và cuối cùng dẫn đến sự phát triển của hình học phi Euclid.,สมมุติฐาน,สมมุติฐานเส้นขนานของยูคลิดจุดชนวนการถกเถียงเป็นเวลาหลายศตวรรษและนำไปสู่การพัฒนาเรขาคณิตนอกยูคลิดในที่สุด,postulat,Postulat kesejajaran Euklides memicu perdebatan selama berabad-abad dan akhirnya mengarah pada pengembangan geometri non-Euklides.
corollary,A natural corollary of increased automation is the displacement of workers in routine manual occupations.,필연적 결과; 추론,자동화 증가의 필연적 결과는 일상적 육체 노동 직종 근로자의 대체이다.,当然の帰結,自動化の進展の当然の帰結は日常的な手作業職の労働者の置き換えである。,必然结果,自动化增加的一个自然结果是从事常规体力劳动的工人被取代。,corolario,Un corolario natural del aumento de la automatización es el desplazamiento de trabajadores en ocupaciones manuales rutinarias.,hệ quả tất yếu,Hệ quả tất yếu của việc tự động hóa gia tăng là sự thay thế công nhân trong các nghề lao động chân tay thường ngày.,ผลสืบเนื่อง,ผลสืบเนื่องตามธรรมชาติของระบบอัตโนมัติที่เพิ่มขึ้นคือการแทนที่แรงงานในอาชีพที่ใช้แรงงานประจำ,konsekuensi logis,Konsekuensi logis dari peningkatan otomatisasi adalah perpindahan pekerja di pekerjaan manual rutin.
topology,Topology studies the properties of geometric objects that remain unchanged under continuous deformations.,위상수학,위상수학은 연속적 변형 하에서 변하지 않는 기하학적 객체의 속성을 연구한다.,位相幾何学,位相幾何学は連続的な変形の下で変わらない幾何学的対象の性質を研究する。,拓扑学,拓扑学研究在连续变形下保持不变的几何对象的性质。,topología,La topología estudia las propiedades de los objetos geométricos que permanecen invariantes bajo deformaciones continuas.,tô pô học,Tô pô học nghiên cứu các tính chất của các đối tượng hình học không thay đổi dưới các biến dạng liên tục.,ทอพอโลยี,ทอพอโลยีศึกษาคุณสมบัติของวัตถุทางเรขาคณิตที่ไม่เปลี่ยนแปลงภายใต้การเปลี่ยนรูปอย่างต่อเนื่อง,topologi,Topologi mempelajari sifat-sifat objek geometris yang tetap tidak berubah di bawah deformasi kontinu.
convergence,The convergence of the iterative algorithm was guaranteed under certain smoothness conditions.,수렴,반복 알고리즘의 수렴은 특정 매끄러움 조건 하에서 보장되었다.,収束,反復アルゴリズムの収束は特定の滑らかさの条件の下で保証されていた。,收敛,迭代算法的收敛性在某些光滑条件下得到保证。,convergencia,La convergencia del algoritmo iterativo estaba garantizada bajo ciertas condiciones de suavidad.,sự hội tụ,Sự hội tụ của thuật toán lặp được đảm bảo dưới các điều kiện trơn nhất định.,การลู่เข้า,การลู่เข้าของอัลกอริทึมเชิงวนซ้ำได้รับการรับประกันภายใต้เงื่อนไขความเรียบบางประการ,konvergensi,Konvergensi algoritma iteratif dijamin di bawah kondisi kehalusan tertentu.
divergence,The divergence between theoretical predictions and experimental results demanded a re-examination of the model's assumptions.,발산; 분기,이론적 예측과 실험 결과 사이의 괴리는 모형 가정의 재검토를 요구했다.,発散; 乖離,理論的予測と実験結果の乖離はモデルの仮定の再検討を必要とした。,发散; 分歧,理论预测与实验结果之间的分歧要求重新审视模型的假设。,divergencia,La divergencia entre las predicciones teóricas y los resultados experimentales exigió una reexaminación de los supuestos del modelo.,sự phân kỳ,Sự phân kỳ giữa dự đoán lý thuyết và kết quả thực nghiệm đòi hỏi phải xem xét lại các giả định của mô hình.,การลู่ออก,ความแตกต่างระหว่างการคาดการณ์ทางทฤษฎีและผลการทดลองต้องการการตรวจสอบสมมติฐานของแบบจำลองใหม่,divergensi,Divergensi antara prediksi teoretis dan hasil eksperimen menuntut pemeriksaan ulang asumsi model.
photon,A photon is a quantum of electromagnetic radiation that exhibits both wave-like and particle-like properties.,광자,광자는 파동적 성질과 입자적 성질을 모두 나타내는 전자기 복사의 양자이다.,光子,光子は波のような性質と粒子のような性質の両方を示す電磁放射の量子である。,光子,光子是电磁辐射的量子表现出波粒二象性。,fotón,Un fotón es un cuanto de radiación electromagnética que exhibe propiedades tanto ondulatorias como corpusculares.,photon,Photon là một lượng tử của bức xạ điện từ thể hiện cả tính chất sóng và tính chất hạt.,โฟตอน,โฟตอนเป็นควอนตัมของรังสีแม่เหล็กไฟฟ้าที่แสดงคุณสมบัติทั้งแบบคลื่นและแบบอนุภาค,foton,Foton adalah kuantum radiasi elektromagnetik yang menunjukkan sifat gelombang dan partikel.
protostar,A protostar forms when a dense region within a molecular cloud begins to collapse under its own gravity.,원시별,원시별은 분자 구름 내의 밀집 영역이 자체 중력에 의해 붕괴하기 시작할 때 형성된다.,原始星,原始星は分子雲内の高密度領域が自らの重力で崩壊し始める時に形成される。,原恒星,当分子云中的密集区域开始在自身引力下坍缩时原恒星就会形成。,protoestrella,Una protoestrella se forma cuando una región densa dentro de una nube molecular comienza a colapsar bajo su propia gravedad.,tiền sao,Một tiền sao hình thành khi một vùng đậm đặc trong đám mây phân tử bắt đầu sụp đổ dưới lực hấp dẫn của chính nó.,ดาวก่อเกิด,ดาวก่อเกิดก่อตัวเมื่อบริเวณที่หนาแน่นภายในเมฆโมเลกุลเริ่มยุบตัวภายใต้แรงโน้มถ่วงของตัวเอง,protobintang,Sebuah protobintang terbentuk ketika wilayah padat dalam awan molekuler mulai runtuh di bawah gravitasinya sendiri.
magnetosphere,The Earth's magnetosphere deflects most of the charged particles streaming from the Sun.,자기권,지구의 자기권은 태양에서 흘러오는 대부분의 하전 입자를 편향시킨다.,磁気圏,地球の磁気圏は太陽から流れてくるほとんどの荷電粒子を偏向させる。,磁层,地球的磁层偏转了来自太阳的大部分带电粒子。,magnetosfera,La magnetosfera de la Tierra desvía la mayoría de las partículas cargadas que provienen del Sol.,từ quyển,Từ quyển của Trái Đất làm chệch hướng phần lớn các hạt mang điện phát ra từ Mặt Trời.,แมกนีโตสเฟียร์,แมกนีโตสเฟียร์ของโลกเบี่ยงเบนอนุภาคที่มีประจุส่วนใหญ่ที่พุ่งมาจากดวงอาทิตย์,magnetosfer,Magnetosfer Bumi membelokkan sebagian besar partikel bermuatan yang mengalir dari Matahari.
accretion,The accretion disk surrounding the black hole emits intense X-ray radiation as matter spirals inward.,강착; 부착,블랙홀을 둘러싼 강착 원반은 물질이 안쪽으로 나선형으로 빨려들면서 강렬한 엑스선 복사를 방출한다.,降着,ブラックホールを取り囲む降着円盤は物質が内側に渦を巻きながら強烈なX線放射を放出する。,吸积,围绕黑洞的吸积盘在物质向内旋转时发出强烈的X射线辐射。,acreción,El disco de acreción que rodea al agujero negro emite intensa radiación de rayos X mientras la materia gira en espiral hacia adentro.,bồi tụ,Đĩa bồi tụ bao quanh hố đen phát ra bức xạ tia X cường độ cao khi vật chất xoáy vào bên trong.,การพอกพูน,จานสะสมมวลที่ล้อมรอบหลุมดำปล่อยรังสีเอกซ์เข้มข้นในขณะที่สสารวนเข้าด้านใน,akresi,Piringan akresi yang mengelilingi lubang hitam memancarkan radiasi sinar-X yang intens saat materi berputar ke dalam.
equinox,During the vernal equinox day and night are of approximately equal duration worldwide.,춘분; 추분,춘분 동안 낮과 밤의 길이는 전 세계적으로 거의 같다.,春分; 秋分,春分の日には世界中で昼と夜がほぼ同じ長さになる。,春分; 秋分,在春分期间全球的昼夜长度大致相等。,equinoccio,Durante el equinoccio de primavera el día y la noche tienen una duración aproximadamente igual en todo el mundo.,xuân phân; thu phân,Trong ngày xuân phân ngày và đêm có thời lượng gần bằng nhau trên toàn thế giới.,วิษุวัต,ในช่วงวิษุวัตฤดูใบไม้ผลิ กลางวันและกลางคืนมีระยะเวลาเท่ากันโดยประมาณทั่วโลก,ekuinoks,Selama ekuinoks vernal siang dan malam memiliki durasi yang kira-kira sama di seluruh dunia.
solstice,The summer solstice marks the longest day and shortest night of the year in the Northern Hemisphere.,하지; 동지,하지는 북반구에서 일 년 중 가장 긴 낮과 가장 짧은 밤을 나타낸다.,夏至; 冬至,夏至は北半球で一年で最も昼が長く夜が最も短い日を示す。,夏至; 冬至,夏至标志着北半球一年中最长的白天和最短的夜晚。,solsticio,El solsticio de verano marca el día más largo y la noche más corta del año en el hemisferio norte.,hạ chí; đông chí,Hạ chí đánh dấu ngày dài nhất và đêm ngắn nhất trong năm ở Bắc bán cầu.,ครีษมายัน; เหมายัน,ครีษมายันเป็นจุดที่กลางวันยาวที่สุดและกลางคืนสั้นที่สุดของปีในซีกโลกเหนือ,solstis,Solstis musim panas menandai hari terpanjang dan malam terpendek dalam setahun di Belahan Bumi Utara.
zenith,At its zenith the Roman Empire controlled an area spanning three continents.,정점; 천정,전성기에 로마 제국은 세 대륙에 걸친 영토를 지배했다.,天頂; 絶頂,絶頂期においてローマ帝国は三つの大陸にまたがる領域を支配した。,天顶; 顶峰,在其顶峰时期罗马帝国控制着横跨三个大陆的区域。,cénit,En su cénit el Imperio romano controlaba un área que abarcaba tres continentes.,đỉnh điểm,Ở đỉnh điểm Đế chế La Mã kiểm soát một vùng lãnh thổ trải dài qua ba lục địa.,จุดสูงสุด,ที่จุดสูงสุด จักรวรรดิโรมันควบคุมพื้นที่ครอบคลุมสามทวีป,puncak,Pada puncaknya Kekaisaran Romawi menguasai wilayah yang membentang di tiga benua.
plebiscite,The government held a plebiscite to gauge public opinion on the proposed constitutional amendment.,국민투표,정부는 제안된 헌법 개정안에 대한 여론을 측정하기 위해 국민투표를 실시했다.,国民投票,政府は提案された憲法改正に関する世論を測るために国民投票を実施した。,全民公投,政府举行了全民公投以衡量公众对拟议宪法修正案的意见。,plebiscito,El gobierno celebró un plebiscito para medir la opinión pública sobre la enmienda constitucional propuesta.,trưng cầu dân ý,Chính phủ tổ chức trưng cầu dân ý để đánh giá ý kiến công chúng về sửa đổi hiến pháp được đề xuất.,การลงประชามติ,รัฐบาลจัดการลงประชามติเพื่อวัดความคิดเห็นของสาธารณชนเกี่ยวกับการแก้ไขรัฐธรรมนูญที่เสนอ,plebisit,Pemerintah mengadakan plebisit untuk mengukur opini publik tentang amendemen konstitusi yang diusulkan.
demagoguery,His fiery speeches were dismissed by serious analysts as mere demagoguery designed to exploit public fears.,선동,그의 격렬한 연설은 대중의 공포를 이용하려는 단순한 선동으로 진지한 분석가들에 의해 일축되었다.,扇動政治,彼の激しい演説は大衆の恐怖を利用するための単なる扇動として真剣な分析家に一蹴された。,蛊惑人心,他的激烈演说被严肃的分析人士斥为利用公众恐惧的蛊惑人心之术。,demagogia,Sus discursos encendidos fueron desestimados por analistas serios como mera demagogia diseñada para explotar los miedos públicos.,mị dân,Những bài phát biểu nảy lửa của ông bị các nhà phân tích nghiêm túc coi là sự mị dân nhằm khai thác nỗi sợ hãi của công chúng.,การปลุกปั่น,สุนทรพจน์อันเร่าร้อนของเขาถูกนักวิเคราะห์ที่จริงจังมองว่าเป็นเพียงการปลุกปั่นที่ออกแบบมาเพื่อฉวยโอกาสจากความกลัวของสาธารณชน,demagogi,Pidato-pidato berapi-apinya dianggap oleh analis serius sebagai demagogi belaka yang dirancang untuk mengeksploitasi ketakutan publik.
manifesto,The party's manifesto outlined a comprehensive plan for universal healthcare and educational reform.,선언문; 성명서,당의 선언문은 보편적 의료 보장과 교육 개혁을 위한 종합적인 계획을 개괄했다.,マニフェスト,党のマニフェストは国民皆保険と教育改革のための包括的な計画を概説した。,宣言,该党的宣言概述了全民医疗保健和教育改革的综合计划。,manifiesto,El manifiesto del partido delineó un plan integral para la salud universal y la reforma educativa.,tuyên ngôn,Tuyên ngôn của đảng phác thảo một kế hoạch toàn diện cho y tế toàn dân và cải cách giáo dục.,แถลงการณ์,แถลงการณ์ของพรรคระบุแผนที่ครอบคลุมสำหรับการดูแลสุขภาพถ้วนหน้าและการปฏิรูปการศึกษา,manifesto,Manifesto partai menguraikan rencana komprehensif untuk layanan kesehatan universal dan reformasi pendidikan.
emancipation,The emancipation of enslaved peoples marked a pivotal turning point in the nation's moral and legal history.,해방,노예 상태의 사람들의 해방은 국가의 도덕적·법적 역사에서 중대한 전환점을 이뤘다.,解放,被奴隷化された人々の解放は国の道徳的・法的歴史における画期的な転換点となった。,解放,被奴役人民的解放标志着该国道德和法律史上的关键转折点。,emancipación,La emancipación de los pueblos esclavizados marcó un punto de inflexión crucial en la historia moral y legal de la nación.,giải phóng,Sự giải phóng những người bị nô dịch đánh dấu bước ngoặt quan trọng trong lịch sử đạo đức và pháp lý của quốc gia.,การปลดปล่อย,การปลดปล่อยผู้ถูกกดขี่เป็นทาสเป็นจุดเปลี่ยนสำคัญในประวัติศาสตร์ทางศีลธรรมและกฎหมายของชาติ,emansipasi,Emansipasi orang-orang yang diperbudak menandai titik balik penting dalam sejarah moral dan hukum bangsa.
secession,The secession of the southern states precipitated a devastating civil war that lasted four years.,분리; 탈퇴,남부 주들의 분리는 4년간 지속된 파괴적인 남북전쟁을 촉발했다.,脱退; 分離,南部諸州の脱退は4年間にわたる壊滅的な内戦を引き起こした。,分裂; 脱离,南方各州的脱离引发了一场持续四年的毁灭性内战。,secesión,La secesión de los estados del sur precipitó una devastadora guerra civil que duró cuatro años.,ly khai,Sự ly khai của các bang miền Nam đã dẫn đến một cuộc nội chiến tàn khốc kéo dài bốn năm.,การแยกตัว,การแยกตัวของรัฐทางใต้ก่อให้เกิดสงครามกลางเมืองที่ทำลายล้างซึ่งกินเวลาสี่ปี,pemisahan,Pemisahan negara-negara bagian selatan memicu perang saudara yang menghancurkan yang berlangsung selama empat tahun.
nebular,The nebular hypothesis explains the formation of the solar system from a rotating cloud of gas and dust.,성운의,성운 가설은 회전하는 가스와 먼지 구름으로부터 태양계의 형성을 설명한다.,星雲の,星雲仮説は回転するガスと塵の雲から太陽系が形成されたことを説明する。,星云的,星云假说解释了太阳系由一团旋转的气体和尘埃云形成的过程。,nebular,La hipótesis nebular explica la formación del sistema solar a partir de una nube giratoria de gas y polvo.,tinh vân,Giả thuyết tinh vân giải thích sự hình thành của hệ mặt trời từ một đám mây khí và bụi quay.,เกี่ยวกับเนบิวลา,สมมติฐานเนบิวลาอธิบายการก่อตัวของระบบสุริยะจากเมฆก๊าซและฝุ่นที่หมุนอยู่,nebula,Hipotesis nebula menjelaskan pembentukan tata surya dari awan gas dan debu yang berputar.
aphelion,At aphelion the Earth is approximately 152 million kilometres from the Sun.,원일점,원일점에서 지구는 태양으로부터 약 1억 5200만 킬로미터 떨어져 있다.,遠日点,遠日点で地球は太陽からおよそ1億5200万キロメートル離れている。,远日点,在远日点地球距太阳约1.52亿公里。,afelio,En el afelio la Tierra está a aproximadamente 152 millones de kilómetros del Sol.,viễn nhật điểm,Tại viễn nhật điểm Trái Đất cách Mặt Trời khoảng 152 triệu kilômét.,จุดไกลดวงอาทิตย์ที่สุด,ที่จุดไกลดวงอาทิตย์ที่สุด โลกอยู่ห่างจากดวงอาทิตย์ประมาณ 152 ล้านกิโลเมตร,afelion,Pada titik afelion Bumi berjarak sekitar 152 juta kilometer dari Matahari.
parallax,Astronomers use stellar parallax to measure the distances to nearby stars with remarkable precision.,시차,천문학자들은 항성 시차를 사용하여 인근 별까지의 거리를 놀라운 정밀도로 측정한다.,視差,天文学者は恒星の視差を使って近くの星までの距離を驚くべき精度で測定する。,视差,天文学家利用恒星视差以惊人的精度测量附近恒星的距离。,paralaje,Los astrónomos usan el paralaje estelar para medir las distancias a las estrellas cercanas con notable precisión.,thị sai,Các nhà thiên văn sử dụng thị sai sao để đo khoảng cách đến các ngôi sao gần với độ chính xác đáng kinh ngạc.,พารัลแลกซ์,นักดาราศาสตร์ใช้พารัลแลกซ์ของดาวฤกษ์เพื่อวัดระยะทางไปยังดาวฤกษ์ใกล้เคียงด้วยความแม่นยำอย่างน่าทึ่ง,paralaks,Para astronom menggunakan paralaks bintang untuk mengukur jarak ke bintang-bintang terdekat dengan presisi yang luar biasa.
precession,The precession of Earth's rotational axis completes a full cycle approximately every 26000 years.,세차운동,지구 자전축의 세차운동은 약 26000년마다 한 번의 완전한 주기를 완성한다.,歳差運動,地球の自転軸の歳差運動はおよそ26000年ごとに完全な周期を完了する。,岁差,地球自转轴的岁差大约每26000年完成一个完整的周期。,precesión,La precesión del eje de rotación de la Tierra completa un ciclo completo aproximadamente cada 26000 años.,tuế sai,Tuế sai của trục quay Trái Đất hoàn thành một chu kỳ đầy đủ khoảng mỗi 26000 năm.,การส่ายของแกนหมุน,การส่ายของแกนหมุนของโลกเสร็จสมบูรณ์เป็นวงจรเต็มประมาณทุก 26000 ปี,presesi,Presesi sumbu rotasi Bumi menyelesaikan siklus penuh kira-kira setiap 26000 tahun.
sine,The sine function oscillates between negative one and positive one producing a smooth periodic wave.,사인,사인 함수는 -1과 1 사이에서 진동하며 매끄러운 주기적 파동을 생성한다.,サイン; 正弦,正弦関数は負の1と正の1の間で振動し滑らかな周期波を生成する。,正弦,正弦函数在负一和正一之间振荡产生平滑的周期波。,seno,La función seno oscila entre menos uno y más uno produciendo una onda periódica suave.,sin,Hàm sin dao động giữa âm một và dương một tạo ra một sóng tuần hoàn mượt mà.,ไซน์,ฟังก์ชันไซน์แกว่งระหว่างลบหนึ่งกับบวกหนึ่งสร้างคลื่นที่เรียบเป็นคาบ,sinus,Fungsi sinus berosilasi antara negatif satu dan positif satu menghasilkan gelombang periodik yang halus.
cosine,The cosine of an angle in a right triangle equals the ratio of the adjacent side to the hypotenuse.,코사인,직각삼각형에서 한 각의 코사인은 인접변과 빗변의 비율과 같다.,コサイン; 余弦,直角三角形における角のコサインは隣辺と斜辺の比に等しい。,余弦,直角三角形中一个角的余弦等于邻边与斜边的比值。,coseno,El coseno de un ángulo en un triángulo rectángulo es igual a la razón del cateto adyacente a la hipotenusa.,cosin,Cosin của một góc trong tam giác vuông bằng tỷ số giữa cạnh kề và cạnh huyền.,โคไซน์,โคไซน์ของมุมในสามเหลี่ยมมุมฉากเท่ากับอัตราส่วนของด้านประชิดต่อด้านตรงข้ามมุมฉาก,kosinus,Kosinus suatu sudut dalam segitiga siku-siku sama dengan rasio sisi yang berdekatan terhadap hipotenusa.
binomial,The binomial distribution models the number of successes in a fixed number of independent trials.,이항의,이항 분포는 고정된 수의 독립 시행에서의 성공 횟수를 모형화한다.,二項の,二項分布は一定回数の独立した試行における成功回数をモデル化する。,二项的,二项分布对固定次数独立试验中的成功次数进行建模。,binomial,La distribución binomial modela el número de éxitos en un número fijo de ensayos independientes.,nhị thức,Phân phối nhị thức mô hình hóa số lần thành công trong một số lượng cố định các phép thử độc lập.,ทวินาม,การแจกแจงทวินามจำลองจำนวนครั้งที่สำเร็จในจำนวนการทดลองอิสระที่แน่นอน,binomial,Distribusi binomial memodelkan jumlah keberhasilan dalam sejumlah percobaan independen yang tetap.
gaussian,The gaussian distribution commonly known as the bell curve appears frequently in natural and social phenomena.,가우스의; 정규 분포의,정규 분포라고도 알려진 가우스 분포는 자연 및 사회 현상에서 빈번하게 나타난다.,ガウスの,一般に釣鐘曲線として知られるガウス分布は自然現象や社会現象に頻繁に現れる。,高斯的,高斯分布通常被称为钟形曲线经常出现在自然和社会现象中。,gaussiana,La distribución gaussiana comúnmente conocida como la curva de campana aparece frecuentemente en fenómenos naturales y sociales.,Gauss,Phân phối Gauss thường được gọi là đường cong hình chuông xuất hiện thường xuyên trong các hiện tượng tự nhiên và xã hội.,เกาส์เซียน,การแจกแจงเกาส์เซียนหรือที่รู้จักกันในชื่อเส้นโค้งรูประฆังปรากฏบ่อยครั้งในปรากฏการณ์ทางธรรมชาติและสังคม,Gaussian,Distribusi Gaussian yang dikenal sebagai kurva lonceng sering muncul dalam fenomena alam dan sosial.
isomorphism,The isomorphism between the two algebraic structures means they share identical operational properties.,동형사상,두 대수적 구조 사이의 동형사상은 동일한 연산 속성을 공유함을 의미한다.,同型,二つの代数的構造の間の同型はそれらが同一の演算的性質を共有することを意味する。,同构,两个代数结构之间的同构意味着它们共享相同的运算性质。,isomorfismo,El isomorfismo entre las dos estructuras algebraicas significa que comparten propiedades operacionales idénticas.,phép đẳng cấu,Phép đẳng cấu giữa hai cấu trúc đại số có nghĩa là chúng có các tính chất phép toán giống hệt nhau.,สมสัณฐาน,สมสัณฐานระหว่างโครงสร้างพีชคณิตทั้งสองหมายความว่ามีคุณสมบัติการดำเนินการเหมือนกัน,isomorfisme,Isomorfisme antara dua struktur aljabar berarti keduanya memiliki sifat operasional yang identik.
parabola,A parabola is the set of all points equidistant from a fixed point called the focus and a fixed line called the directrix.,포물선,포물선은 초점이라 불리는 고정점과 준선이라 불리는 고정선으로부터 등거리에 있는 모든 점의 집합이다.,放物線,放物線は焦点と呼ばれる定点と準線と呼ばれる定直線から等距離にあるすべての点の集合である。,抛物线,抛物线是到一个称为焦点的定点和一条称为准线的定直线等距的所有点的集合。,parábola,Una parábola es el conjunto de todos los puntos equidistantes de un punto fijo llamado foco y una línea fija llamada directriz.,parabol,Parabol là tập hợp tất cả các điểm cách đều một điểm cố định gọi là tiêu điểm và một đường thẳng cố định gọi là đường chuẩn.,พาราโบลา,พาราโบลาคือเซตของจุดทั้งหมดที่อยู่ห่างเท่ากันจากจุดคงที่เรียกว่าจุดโฟกัสและเส้นคงที่เรียกว่าไดเรกทริกซ์,parabola,Parabola adalah himpunan semua titik yang berjarak sama dari titik tetap yang disebut fokus dan garis tetap yang disebut direktriks.
hyperbola,The trajectory of certain comets follows a hyperbola indicating they will never return to the inner solar system.,쌍곡선,특정 혜성의 궤적은 쌍곡선을 따르며 이는 내부 태양계로 다시 돌아오지 않을 것임을 나타낸다.,双曲線,ある彗星の軌道は双曲線を描きそれらが内部太陽系に戻ることはないことを示している。,双曲线,某些彗星的轨迹遵循双曲线表明它们永远不会回到内太阳系。,hipérbola,La trayectoria de ciertos cometas sigue una hipérbola lo que indica que nunca regresarán al sistema solar interior.,hyperbol,Quỹ đạo của một số sao chổi tuân theo đường hyperbol cho thấy chúng sẽ không bao giờ quay lại hệ mặt trời bên trong.,ไฮเพอร์โบลา,วิถีของดาวหางบางดวงเป็นไฮเพอร์โบลาซึ่งบ่งชี้ว่าจะไม่กลับมายังระบบสุริยะชั้นในอีก,hiperbola,Lintasan komet tertentu mengikuti hiperbola yang menunjukkan bahwa mereka tidak akan pernah kembali ke tata surya bagian dalam.
proportional,In a proportional representation system legislative seats are allocated according to each party's share of the total vote.,비례적인,비례대표제에서 입법부 의석은 각 정당의 총 투표 비율에 따라 배분된다.,比例の,比例代表制では議席は各政党の総得票率に応じて配分される。,比例的,在比例代表制中立法机构的席位按照各党在总票数中的份额来分配。,proporcional,En un sistema de representación proporcional los escaños legislativos se asignan según la proporción de votos totales de cada partido.,tỷ lệ,Trong hệ thống đại diện tỷ lệ ghế trong cơ quan lập pháp được phân bổ theo tỷ lệ phiếu bầu của mỗi đảng.,สัดส่วน,ในระบบสัดส่วน ที่นั่งในสภานิติบัญญัติจะถูกจัดสรรตามส่วนแบ่งคะแนนเสียงรวมของแต่ละพรรค,proporsional,Dalam sistem representasi proporsional kursi legislatif dialokasikan sesuai dengan pangsa suara total masing-masing partai.
quadratic,The quadratic formula provides the exact roots of any second-degree polynomial equation.,이차의,이차 공식은 모든 2차 다항식 방정식의 정확한 근을 제공한다.,二次の,二次方程式の公式はあらゆる二次多項式方程式の正確な根を提供する。,二次的,二次公式提供任何二次多项式方程的精确根。,cuadrático,La fórmula cuadrática proporciona las raíces exactas de cualquier ecuación polinómica de segundo grado.,bậc hai,Công thức bậc hai cung cấp các nghiệm chính xác của bất kỳ phương trình đa thức bậc hai nào.,กำลังสอง,สูตรกำลังสองให้ค่ารากที่แน่นอนของสมการพหุนามดีกรีสองใด ๆ,kuadrat,Rumus kuadrat memberikan akar yang tepat dari setiap persamaan polinomial berderajat dua.
elliptical,Kepler demonstrated that planetary orbits are elliptical rather than perfectly circular.,타원의,케플러는 행성 궤도가 완전한 원이 아니라 타원이라는 것을 증명했다.,楕円の,ケプラーは惑星の軌道が完全な円ではなく楕円であることを証明した。,椭圆的,开普勒证明了行星轨道是椭圆形的而不是完美的圆形。,elíptico,Kepler demostró que las órbitas planetarias son elípticas en lugar de perfectamente circulares.,hình elip,Kepler chứng minh rằng quỹ đạo hành tinh là hình elip chứ không phải hình tròn hoàn hảo.,วงรี,เคปเลอร์พิสูจน์ว่าวงโคจรของดาวเคราะห์เป็นวงรีไม่ใช่วงกลมสมบูรณ์,elips,Kepler menunjukkan bahwa orbit planet berbentuk elips bukan lingkaran sempurna.
infinitesimal,Leibniz's use of infinitesimal quantities laid the conceptual groundwork for modern calculus.,무한소의; 극소의,라이프니츠의 무한소 양 사용은 현대 미적분학의 개념적 기초를 놓았다.,無限小の,ライプニッツの無限小量の使用は現代の微積分の概念的基礎を築いた。,无穷小的,莱布尼茨对无穷小量的使用为现代微积分奠定了概念基础。,infinitesimal,El uso de cantidades infinitesimales por parte de Leibniz sentó las bases conceptuales del cálculo moderno.,vô cùng nhỏ,Việc Leibniz sử dụng các đại lượng vô cùng nhỏ đã đặt nền tảng khái niệm cho phép tính hiện đại.,เล็กจิ๋ว; อนันต์น้อย,การใช้ปริมาณอนันต์น้อยของไลบ์นิซวางรากฐานแนวคิดสำหรับแคลคูลัสสมัยใหม่,infinitesimal,Penggunaan kuantitas infinitesimal oleh Leibniz meletakkan dasar konseptual untuk kalkulus modern.
tessellation,A tessellation is a pattern of shapes that fit together perfectly without any gaps or overlaps.,테셀레이션; 쪽매맞춤,테셀레이션은 빈틈이나 겹침 없이 완벽하게 맞추어지는 도형의 패턴이다.,テッセレーション,テッセレーションは隙間も重なりもなく完全にはまり合う形のパターンである。,镶嵌,镶嵌是一种形状完美拼合没有任何间隙或重叠的图案。,teselación,Una teselación es un patrón de formas que encajan perfectamente sin huecos ni superposiciones.,sự lát gạch,Sự lát gạch là một mẫu hình dạng ghép khít với nhau hoàn hảo không có khoảng trống hay chồng chéo.,การปูกระเบื้อง,การปูกระเบื้องเป็นรูปแบบของรูปทรงที่เข้ากันอย่างสมบูรณ์โดยไม่มีช่องว่างหรือการซ้อนทับ,teselasi,Teselasi adalah pola bentuk yang cocok satu sama lain secara sempurna tanpa celah atau tumpang tindih.
geocentric,The geocentric model which placed the Earth at the centre of the cosmos was eventually superseded by the heliocentric theory.,지구 중심의,지구를 우주의 중심에 놓았던 지구 중심 모델은 결국 태양 중심 이론으로 대체되었다.,地球中心の,地球を宇宙の中心に置いた地球中心モデルは最終的に太陽中心説に取って代わられた。,地心的,将地球置于宇宙中心的地心模型最终被日心理论所取代。,geocéntrico,El modelo geocéntrico que colocaba la Tierra en el centro del cosmos fue finalmente reemplazado por la teoría heliocéntrica.,địa tâm,Mô hình địa tâm đặt Trái Đất ở trung tâm vũ trụ cuối cùng đã bị thay thế bởi thuyết nhật tâm.,ที่มีโลกเป็นศูนย์กลาง,แบบจำลองที่มีโลกเป็นศูนย์กลางซึ่งวางโลกไว้ที่ศูนย์กลางจักรวาลถูกแทนที่ด้วยทฤษฎีสุริยจักรวาลในที่สุด,geosentris,Model geosentris yang menempatkan Bumi di pusat kosmos akhirnya digantikan oleh teori heliosentris.
heliocentric,Copernicus proposed the heliocentric model asserting that the Earth and other planets revolve around the Sun.,태양 중심의,코페르니쿠스는 지구와 다른 행성들이 태양을 중심으로 공전한다고 주장하는 태양 중심 모델을 제안했다.,太陽中心の,コペルニクスは地球と他の惑星が太陽の周りを回ると主張する太陽中心モデルを提唱した。,日心的,哥白尼提出了日心模型主张地球和其他行星围绕太阳运行。,heliocéntrico,Copérnico propuso el modelo heliocéntrico afirmando que la Tierra y otros planetas giran alrededor del Sol.,nhật tâm,Copernicus đề xuất mô hình nhật tâm khẳng định rằng Trái Đất và các hành tinh khác quay quanh Mặt Trời.,ที่มีดวงอาทิตย์เป็นศูนย์กลาง,โคเปอร์นิคัสเสนอแบบจำลองที่มีดวงอาทิตย์เป็นศูนย์กลางโดยยืนยันว่าโลกและดาวเคราะห์อื่นโคจรรอบดวงอาทิตย์,heliosentris,Copernicus mengusulkan model heliosentris yang menyatakan bahwa Bumi dan planet lain berputar mengelilingi Matahari.
propagation,The propagation of electromagnetic waves through a vacuum occurs at the speed of light.,전파; 전달,진공을 통한 전자기파의 전파는 빛의 속도로 일어난다.,伝播,真空中の電磁波の伝播は光の速度で起こる。,传播,电磁波在真空中的传播以光速发生。,propagación,La propagación de ondas electromagnéticas a través del vacío ocurre a la velocidad de la luz.,sự lan truyền,Sự lan truyền của sóng điện từ qua chân không xảy ra ở tốc độ ánh sáng.,การแพร่กระจาย,การแพร่กระจายของคลื่นแม่เหล็กไฟฟ้าผ่านสุญญากาศเกิดขึ้นที่ความเร็วแสง,propagasi,Propagasi gelombang elektromagnetik melalui ruang hampa terjadi pada kecepatan cahaya.
reciprocal,The reciprocal of any non-zero number is obtained by dividing one by that number.,역수의; 상호적인,0이 아닌 모든 수의 역수는 그 수로 1을 나누어 얻는다.,逆数の,ゼロでない任意の数の逆数はその数で1を割ることによって得られる。,倒数的,任何非零数的倒数都可以通过用一除以该数来获得。,recíproco,El recíproco de cualquier número distinto de cero se obtiene dividiendo uno entre ese número.,nghịch đảo,Nghịch đảo của bất kỳ số khác không nào được lấy bằng cách chia một cho số đó.,ส่วนกลับ,ส่วนกลับของจำนวนที่ไม่เป็นศูนย์ใด ๆ ได้จากการหารหนึ่งด้วยจำนวนนั้น,kebalikan,Kebalikan dari bilangan bukan nol diperoleh dengan membagi satu dengan bilangan tersebut.
congruent,"Two triangles are congruent if they have exactly the same shape and size.",합동인,두 삼각형은 모양과 크기가 정확히 같으면 합동이다.,合同な,二つの三角形はまったく同じ形と大きさであれば合同である。,全等的,如果两个三角形形状和大小完全相同则它们是全等的。,congruente,Dos triángulos son congruentes si tienen exactamente la misma forma y tamaño.,đồng dạng bằng nhau,Hai tam giác đồng dạng bằng nhau nếu chúng có cùng hình dạng và kích thước.,สมภาค,สามเหลี่ยมสองรูปเป็นสมภาคกันถ้ามีรูปร่างและขนาดเท่ากัน,kongruen,Dua segitiga kongruen jika memiliki bentuk dan ukuran yang persis sama.
hypotenuse,"The hypotenuse is always the longest side of a right triangle lying opposite the right angle.",빗변,빗변은 항상 직각삼각형에서 직각의 맞은편에 있는 가장 긴 변이다.,斜辺,斜辺は常に直角三角形の直角の対辺で最も長い辺である。,斜边,斜边总是直角三角形中最长的边位于直角的对面。,hipotenusa,La hipotenusa es siempre el lado más largo de un triángulo rectángulo y se encuentra opuesta al ángulo recto.,cạnh huyền,Cạnh huyền luôn là cạnh dài nhất của tam giác vuông nằm đối diện với góc vuông.,ด้านตรงข้ามมุมฉาก,ด้านตรงข้ามมุมฉากเป็นด้านที่ยาวที่สุดของสามเหลี่ยมมุมฉากเสมอ อยู่ตรงข้ามกับมุมฉาก,hipotenusa,Hipotenusa selalu merupakan sisi terpanjang dari segitiga siku-siku yang terletak berhadapan dengan sudut siku-siku.
datum,"Each datum in the dataset was cross-referenced against multiple independent sources to ensure accuracy.",데이터; 자료(단수),데이터 세트의 각 자료는 정확성을 보장하기 위해 여러 독립적 출처와 교차 참조되었다.,データ(単数形),データセット内の各データは正確性を確保するために複数の独立した情報源と照合された。,数据(单数),数据集中的每个数据都与多个独立来源进行了交叉引用以确保准确性。,dato,Cada dato en el conjunto de datos fue cotejado con múltiples fuentes independientes para garantizar la precisión.,dữ liệu đơn,Mỗi dữ liệu đơn trong tập dữ liệu được đối chiếu chéo với nhiều nguồn độc lập để đảm bảo tính chính xác.,ข้อมูล(เอกพจน์),แต่ละข้อมูลในชุดข้อมูลถูกตรวจสอบไขว้กับหลายแหล่งอิสระเพื่อให้แน่ใจว่ามีความถูกต้อง,datum,Setiap datum dalam kumpulan data dirujuk silang terhadap beberapa sumber independen untuk memastikan akurasi.
aberration,"The chromatic aberration in the telescope lens caused coloured fringes to appear around bright objects.",수차,망원경 렌즈의 색수차가 밝은 물체 주위에 색깔 있는 테두리를 나타나게 했다.,収差,望遠鏡のレンズの色収差により明るい物体の周りに色のにじみが現れた。,色差,望远镜镜片的色差导致明亮物体周围出现彩色条纹。,aberración,La aberración cromática en la lente del telescopio causó que aparecieran franjas de color alrededor de los objetos brillantes.,quang sai,Quang sai màu trong thấu kính kính thiên văn khiến các viền màu xuất hiện xung quanh các vật thể sáng.,ความคลาดเคลื่อน,ความคลาดเคลื่อนของสีในเลนส์กล้องโทรทรรศน์ทำให้เกิดขอบสีรอบวัตถุที่สว่าง,aberasi,Aberasi kromatik pada lensa teleskop menyebabkan pinggiran berwarna muncul di sekitar objek terang.
determinant,"The determinant of a square matrix indicates whether the matrix is invertible.",행렬식,정방 행렬의 행렬식은 해당 행렬이 역행렬을 가지는지 여부를 나타낸다.,行列式,正方行列の行列式はその行列が逆行列を持つかどうかを示す。,行列式,方阵的行列式表明该矩阵是否可逆。,determinante,El determinante de una matriz cuadrada indica si la matriz es invertible.,định thức,Định thức của một ma trận vuông cho biết ma trận đó có khả nghịch hay không.,ดีเทอร์มิแนนต์,ดีเทอร์มิแนนต์ของเมทริกซ์จัตุรัสบ่งบอกว่าเมทริกซ์สามารถหาเมทริกซ์ผกผันได้หรือไม่,determinan,Determinan dari matriks persegi menunjukkan apakah matriks tersebut dapat dibalik.
quasiparticle,"In condensed matter physics a quasiparticle is an emergent phenomenon that behaves as though it were a distinct particle.",준입자,응집물질물리학에서 준입자는 마치 별개의 입자인 것처럼 행동하는 창발적 현상이다.,準粒子,凝縮系物理学における準粒子はあたかも独立した粒子のように振る舞う創発的現象である。,准粒子,在凝聚态物理学中准粒子是一种表现得像独立粒子一样的涌现现象。,cuasipartícula,En la física de la materia condensada una cuasipartícula es un fenómeno emergente que se comporta como si fuera una partícula distinta.,giả hạt,Trong vật lý vật chất ngưng tụ giả hạt là một hiện tượng xuất hiện hành xử như thể nó là một hạt riêng biệt.,ควาไซพาร์ติเคิล,ในฟิสิกส์ของสสารควบแน่น ควาไซพาร์ติเคิลเป็นปรากฏการณ์ที่เกิดขึ้นใหม่ที่ทำตัวราวกับเป็นอนุภาคที่แตกต่าง,kuasipartikel,Dalam fisika materi terkondensasi kuasipartikel adalah fenomena emergen yang berperilaku seolah-olah merupakan partikel yang berbeda.
incumbent,"It is incumbent upon elected officials to uphold the constitution and serve the public interest.",현직의; ~의 의무인,선출된 공직자는 헌법을 수호하고 공익에 봉사할 의무가 있다.,現職の; ～の義務である,選出された公務員には憲法を守り公益に奉仕する義務がある。,在任的; 义不容辞的,当选官员有义务维护宪法并服务于公共利益。,incumbente,Es deber de los funcionarios electos defender la constitución y servir al interés público.,đương nhiệm; có trách nhiệm,Các quan chức được bầu có trách nhiệm duy trì hiến pháp và phục vụ lợi ích công cộng.,ผู้ดำรงตำแหน่ง; เป็นหน้าที่,เป็นหน้าที่ของเจ้าหน้าที่ที่ได้รับเลือกตั้งที่จะรักษารัฐธรรมนูญและรับใช้ผลประโยชน์สาธารณะ,petahana; berkewajiban,Sudah menjadi kewajiban para pejabat terpilih untuk menegakkan konstitusi dan melayani kepentingan publik.
acquiescence,"Their acquiescence to the new policy was interpreted not as approval but as reluctant acceptance.",묵인; 묵종,새 정책에 대한 그들의 묵인은 승인이 아니라 마지못한 수용으로 해석되었다.,黙認,新しい政策への彼らの黙認は承認ではなく不承不承の受け入れと解釈された。,默许,他们对新政策的默许被解读为不是赞同而是不情愿的接受。,aquiescencia,Su aquiescencia a la nueva política fue interpretada no como aprobación sino como aceptación reticente.,sự mặc nhận,Sự mặc nhận của họ đối với chính sách mới được hiểu không phải là sự chấp thuận mà là sự chấp nhận miễn cưỡng.,การยอมรับโดยดุษณี,การยอมรับโดยดุษณีของพวกเขาต่อนโยบายใหม่ถูกตีความว่าไม่ใช่การเห็นด้วยแต่เป็นการยอมรับอย่างไม่เต็มใจ,persetujuan diam-diam,Persetujuan diam-diam mereka terhadap kebijakan baru ditafsirkan bukan sebagai persetujuan melainkan sebagai penerimaan yang enggan.
subversive,"The government labelled the underground newspaper as subversive and attempted to shut down its printing press.",전복적인; 파괴적인,정부는 지하 신문을 전복적이라고 규정하고 그 인쇄소를 폐쇄하려 시도했다.,破壊的な,政府は地下新聞を破壊的と分類しその印刷所を閉鎖しようとした。,颠覆性的,政府将这份地下报纸定性为颠覆性的并试图关闭其印刷厂。,subversivo,El gobierno calificó al periódico clandestino como subversivo e intentó cerrar su imprenta.,lật đổ,Chính phủ gán nhãn tờ báo ngầm là mang tính lật đổ và cố gắng đóng cửa nhà in của nó.,บ่อนทำลาย,รัฐบาลจัดให้หนังสือพิมพ์ใต้ดินเป็นสิ่งที่บ่อนทำลายและพยายามปิดโรงพิมพ์,subversif,Pemerintah melabeli surat kabar bawah tanah itu sebagai subversif dan berusaha menutup percetakannya.
enfranchise,"The amendment sought to enfranchise all citizens over the age of eighteen regardless of property ownership.",선거권을 부여하다,그 수정안은 재산 소유와 관계없이 18세 이상의 모든 시민에게 선거권을 부여하고자 했다.,参政権を与える,その改正は財産の所有に関係なく18歳以上のすべての市民に参政権を与えることを目指していた。,赋予选举权,该修正案旨在赋予所有十八岁以上公民选举权不论其是否拥有财产。,otorgar el derecho al voto,La enmienda buscaba otorgar el derecho al voto a todos los ciudadanos mayores de dieciocho años independientemente de la propiedad.,trao quyền bầu cử,Bản sửa đổi nhằm trao quyền bầu cử cho tất cả công dân trên mười tám tuổi bất kể quyền sở hữu tài sản.,ให้สิทธิเลือกตั้ง,การแก้ไขนี้พยายามให้สิทธิเลือกตั้งแก่พลเมืองทุกคนที่อายุเกินสิบแปดปีโดยไม่คำนึงถึงการเป็นเจ้าของทรัพย์สิน,memberikan hak pilih,Amendemen tersebut berupaya memberikan hak pilih kepada semua warga negara di atas usia delapan belas tahun tanpa memandang kepemilikan properti.
