departure,The departure time is 3 PM.,출발,출발 시간은 오후 3시입니다.,出発,出発時間は午後3時です。,出发,出发时间是下午3点。,salida,La hora de salida es a las 3 PM.,khởi hành,Giờ khởi hành là 3 giờ chiều.,การออกเดินทาง,เวลาออกเดินทางคือบ่าย 3 โมง,keberangkatan,Waktu keberangkatan adalah pukul 3 sore.
arrival,The arrival is scheduled for noon.,도착,도착은 정오로 예정되어 있습니다.,到着,到着は正午に予定されています。,到达,到达时间预定为中午。,llegada,La llegada está programada para el mediodía.,đến nơi,Dự kiến đến nơi vào buổi trưa.,การมาถึง,กำหนดมาถึงตอนเที่ยง,kedatangan,Kedatangan dijadwalkan pada siang hari.
boarding pass,Please show your boarding pass.,탑승권,탑승권을 보여 주세요.,搭乗券,搭乗券を見せてください。,登机牌,请出示您的登机牌。,tarjeta de embarque,Por favor muestre su tarjeta de embarque.,thẻ lên máy bay,Vui lòng xuất trình thẻ lên máy bay.,บัตรขึ้นเครื่อง,กรุณาแสดงบัตรขึ้นเครื่องของคุณ,boarding pass,Silakan tunjukkan boarding pass Anda.
customs,We went through customs quickly.,세관,우리는 세관을 빨리 통과했습니다.,税関,私たちはすぐに税関を通りました。,海关,我们很快通过了海关。,aduana,Pasamos por la aduana rápidamente.,hải quan,Chúng tôi đã qua hải quan nhanh chóng.,ศุลกากร,เราผ่านศุลกากรได้อย่างรวดเร็ว,bea cukai,Kami melewati bea cukai dengan cepat.
luggage,My luggage is very heavy.,짐,제 짐이 매우 무겁습니다.,荷物,私の荷物はとても重いです。,行李,我的行李非常重。,equipaje,Mi equipaje es muy pesado.,hành lý,Hành lý của tôi rất nặng.,สัมภาระ,สัมภาระของฉันหนักมาก,bagasi,Bagasi saya sangat berat.
suitcase,She packed her suitcase last night.,여행 가방,그녀는 어젯밤에 여행 가방을 쌌습니다.,スーツケース,彼女は昨夜スーツケースを詰めました。,行李箱,她昨晚收拾了行李箱。,maleta,Ella hizo su maleta anoche.,vali,Cô ấy đã đóng vali tối qua.,กระเป๋าเดินทาง,เธอจัดกระเป๋าเดินทางเมื่อคืนนี้,koper,Dia mengemas kopernya semalam.
terminal,The bus leaves from terminal 2.,터미널,버스는 터미널 2에서 출발합니다.,ターミナル,バスはターミナル2から出発します。,航站楼,巴士从2号航站楼出发。,terminal,El autobús sale de la terminal 2.,nhà ga,Xe buýt khởi hành từ nhà ga số 2.,อาคารผู้โดยสาร,รถบัสออกจากอาคารผู้โดยสาร 2,terminal,Bus berangkat dari terminal 2.
gate,Our gate number is 15.,탑승구,우리 탑승구 번호는 15번입니다.,ゲート,私たちのゲート番号は15です。,登机口,我们的登机口是15号。,puerta,Nuestra puerta es la número 15.,cổng,Số cổng của chúng tôi là 15.,ประตูขึ้นเครื่อง,หมายเลขประตูขึ้นเครื่องของเราคือ 15,gerbang,Nomor gerbang kami adalah 15.
flight,The flight takes about two hours.,비행,비행은 약 두 시간 걸립니다.,フライト,フライトは約2時間かかります。,航班,航班大约需要两个小时。,vuelo,El vuelo dura unas dos horas.,chuyến bay,Chuyến bay mất khoảng hai tiếng.,เที่ยวบิน,เที่ยวบินใช้เวลาประมาณสองชั่วโมง,penerbangan,Penerbangan memakan waktu sekitar dua jam.
delay,There was a long delay at the airport.,지연,공항에서 오랜 지연이 있었습니다.,遅延,空港で長い遅延がありました。,延误,机场出现了长时间的延误。,retraso,Hubo un largo retraso en el aeropuerto.,sự chậm trễ,Có sự chậm trễ lâu ở sân bay.,ความล่าช้า,มีความล่าช้านานที่สนามบิน,penundaan,Ada penundaan lama di bandara.
reservation,I made a reservation for tonight.,예약,오늘 밤 예약을 했습니다.,予約,今夜の予約をしました。,预订,我订了今晚的位置。,reservación,Hice una reservación para esta noche.,đặt chỗ,Tôi đã đặt chỗ cho tối nay.,การจอง,ฉันทำการจองสำหรับคืนนี้,reservasi,Saya membuat reservasi untuk malam ini.
check-in,Check-in starts at 2 PM.,체크인,체크인은 오후 2시에 시작합니다.,チェックイン,チェックインは午後2時から始まります。,办理登机,办理登机从下午2点开始。,registro,El registro comienza a las 2 PM.,làm thủ tục,Làm thủ tục bắt đầu lúc 2 giờ chiều.,เช็คอิน,เช็คอินเริ่มเวลาบ่าย 2 โมง,check-in,Check-in dimulai pukul 2 sore.
one-way,I bought a one-way ticket.,편도,편도 티켓을 샀습니다.,片道,片道切符を買いました。,单程,我买了一张单程票。,solo ida,Compré un boleto de solo ida.,một chiều,Tôi đã mua vé một chiều.,เที่ยวเดียว,ฉันซื้อตั๋วเที่ยวเดียว,sekali jalan,Saya membeli tiket sekali jalan.
round-trip,A round-trip ticket is cheaper.,왕복,왕복 티켓이 더 쌉니다.,往復,往復切符の方が安いです。,往返,往返票更便宜。,ida y vuelta,Un boleto de ida y vuelta es más barato.,khứ hồi,Vé khứ hồi rẻ hơn.,ไป-กลับ,ตั๋วไป-กลับถูกกว่า,pulang-pergi,Tiket pulang-pergi lebih murah.
boarding gate,We waited near the boarding gate.,탑승 게이트,우리는 탑승 게이트 근처에서 기다렸습니다.,搭乗ゲート,搭乗ゲートの近くで待ちました。,登机门,我们在登机门附近等候。,puerta de embarque,Esperamos cerca de la puerta de embarque.,cửa lên máy bay,Chúng tôi chờ gần cửa lên máy bay.,ประตูขึ้นเครื่อง,เรารอใกล้ประตูขึ้นเครื่อง,gerbang boarding,Kami menunggu dekat gerbang boarding.
visa,She applied for a travel visa.,비자,그녀는 여행 비자를 신청했습니다.,ビザ,彼女は旅行ビザを申請しました。,签证,她申请了旅行签证。,visa,Ella solicitó una visa de viaje.,thị thực,Cô ấy đã xin thị thực du lịch.,วีซ่า,เธอสมัครวีซ่าท่องเที่ยว,visa,Dia mengajukan visa perjalanan.
itinerary,Here is our travel itinerary.,여행 일정,여기 우리 여행 일정이 있습니다.,旅程,こちらが旅行の旅程です。,行程,这是我们的旅行行程。,itinerario,Aquí está nuestro itinerario de viaje.,lịch trình,Đây là lịch trình du lịch của chúng tôi.,กำหนดการเดินทาง,นี่คือกำหนดการเดินทางของเรา,rencana perjalanan,Ini adalah rencana perjalanan kami.
layover,We have a two-hour layover in Tokyo.,경유,도쿄에서 두 시간 경유합니다.,乗り継ぎ,東京で2時間の乗り継ぎがあります。,转机,我们在东京有两小时的转机。,escala,Tenemos una escala de dos horas en Tokio.,quá cảnh,Chúng tôi quá cảnh hai tiếng ở Tokyo.,แวะพัก,เรามีแวะพักสองชั่วโมงที่โตเกียว,transit,Kami transit dua jam di Tokyo.
aisle,I prefer an aisle seat.,통로,저는 통로 좌석을 선호합니다.,通路,通路側の席が好みです。,过道,我更喜欢过道座位。,pasillo,Prefiero un asiento de pasillo.,lối đi,Tôi thích ghế lối đi hơn.,ทางเดิน,ฉันชอบที่นั่งริมทางเดิน,lorong,Saya lebih suka kursi lorong.
window seat,Can I have a window seat?,창가 좌석,창가 좌석을 받을 수 있나요?,窓側席,窓側の席をもらえますか？,靠窗座位,我可以坐靠窗座位吗？,asiento de ventana,¿Puedo tener un asiento de ventana?,ghế cạnh cửa sổ,Tôi có thể ngồi ghế cạnh cửa sổ không?,ที่นั่งริมหน้าต่าง,ขอที่นั่งริมหน้าต่างได้ไหม?,kursi jendela,Bisakah saya mendapat kursi jendela?
carry-on,This bag is my carry-on.,기내 반입 가방,이 가방은 제 기내 반입 가방입니다.,機内持ち込み,このバッグは機内持ち込みです。,随身行李,这个包是我的随身行李。,equipaje de mano,Esta bolsa es mi equipaje de mano.,hành lý xách tay,Túi này là hành lý xách tay của tôi.,กระเป๋าถือขึ้นเครื่อง,กระเป๋าใบนี้เป็นกระเป๋าถือขึ้นเครื่องของฉัน,bagasi kabin,Tas ini adalah bagasi kabin saya.
runway,The plane is on the runway.,활주로,비행기가 활주로에 있습니다.,滑走路,飛行機は滑走路にいます。,跑道,飞机在跑道上。,pista,El avión está en la pista.,đường băng,Máy bay đang ở trên đường băng.,รันเวย์,เครื่องบินอยู่บนรันเวย์,landasan pacu,Pesawat berada di landasan pacu.
takeoff,The takeoff was very smooth.,이륙,이륙이 매우 순조로웠습니다.,離陸,離陸はとてもスムーズでした。,起飞,起飞非常平稳。,despegue,El despegue fue muy suave.,cất cánh,Việc cất cánh rất êm.,การขึ้นบิน,การขึ้นบินราบรื่นมาก,lepas landas,Lepas landasnya sangat mulus.
landing,The landing was a bit bumpy.,착륙,착륙이 좀 흔들렸습니다.,着陸,着陸は少し揺れました。,着陆,着陆有点颠簸。,aterrizaje,El aterrizaje fue un poco turbulento.,hạ cánh,Việc hạ cánh hơi xóc.,การลงจอด,การลงจอดสะเทือนเล็กน้อย,pendaratan,Pendaratannya agak berguncang.
turbulence,The turbulence scared some passengers.,난기류,난기류가 일부 승객을 놀라게 했습니다.,乱気流,乱気流で一部の乗客が怖がりました。,气流颠簸,气流颠簸吓到了一些乘客。,turbulencia,La turbulencia asustó a algunos pasajeros.,nhiễu động,Nhiễu động làm một số hành khách sợ.,ความปั่นป่วน,ความปั่นป่วนทำให้ผู้โดยสารบางคนตกใจ,turbulensi,Turbulensi membuat beberapa penumpang takut.
cabin,The cabin crew was very friendly.,객실,객실 승무원이 매우 친절했습니다.,客室,客室乗務員はとても親切でした。,客舱,客舱乘务员非常友好。,cabina,La tripulación de cabina fue muy amable.,khoang,Phi hành đoàn rất thân thiện.,ห้องโดยสาร,ลูกเรือประจำห้องโดยสารเป็นมิตรมาก,kabin,Kru kabin sangat ramah.
fare,The bus fare is two dollars.,요금,버스 요금은 2달러입니다.,運賃,バス運賃は2ドルです。,票价,公交票价是两美元。,tarifa,La tarifa del autobús es dos dólares.,giá vé,Giá vé xe buýt là hai đô la.,ค่าโดยสาร,ค่าโดยสารรถบัสสองดอลลาร์,tarif,Tarif bus adalah dua dolar.
route,This is the fastest route.,경로,이것이 가장 빠른 경로입니다.,ルート,これが一番速いルートです。,路线,这是最快的路线。,ruta,Esta es la ruta más rápida.,tuyến đường,Đây là tuyến đường nhanh nhất.,เส้นทาง,นี่คือเส้นทางที่เร็วที่สุด,rute,Ini adalah rute tercepat.
transfer,You need to transfer at the next stop.,환승,다음 정류장에서 환승해야 합니다.,乗り換え,次の停留所で乗り換えが必要です。,换乘,你需要在下一站换乘。,transbordo,Necesitas hacer transbordo en la próxima parada.,chuyển xe,Bạn cần chuyển xe ở trạm tiếp theo.,เปลี่ยนรถ,คุณต้องเปลี่ยนรถที่ป้ายถัดไป,pindah,Anda perlu pindah di halte berikutnya.
platform,The train is at platform 3.,승강장,기차는 3번 승강장에 있습니다.,ホーム,電車は3番ホームにいます。,站台,火车在3号站台。,andén,El tren está en el andén 3.,sân ga,Tàu ở sân ga số 3.,ชานชาลา,รถไฟอยู่ที่ชานชาลา 3,peron,Kereta berada di peron 3.
conductor,The conductor checked our tickets.,차장,차장이 우리 표를 확인했습니다.,車掌,車掌が切符を確認しました。,列车员,列车员检查了我们的票。,conductor,El conductor revisó nuestros boletos.,người soát vé,Người soát vé đã kiểm tra vé của chúng tôi.,พนักงานเก็บตั๋ว,พนักงานเก็บตั๋วตรวจตั๋วของเรา,kondektur,Kondektur memeriksa tiket kami.
destination,We arrived at our destination.,목적지,우리는 목적지에 도착했습니다.,目的地,目的地に到着しました。,目的地,我们到达了目的地。,destino,Llegamos a nuestro destino.,điểm đến,Chúng tôi đã đến điểm đến.,จุดหมายปลายทาง,เราถึงจุดหมายปลายทางแล้ว,tujuan,Kami tiba di tujuan kami.
journey,The journey took five hours.,여정,여정은 다섯 시간 걸렸습니다.,旅,旅は5時間かかりました。,旅程,旅程花了五个小时。,viaje,El viaje duró cinco horas.,hành trình,Hành trình mất năm tiếng.,การเดินทาง,การเดินทางใช้เวลาห้าชั่วโมง,perjalanan,Perjalanan memakan waktu lima jam.
timetable,Check the timetable for the next bus.,시간표,다음 버스 시간표를 확인하세요.,時刻表,次のバスの時刻表を確認してください。,时刻表,查看下一班公交的时刻表。,horario,Revisa el horario del próximo autobús.,lịch trình,Kiểm tra lịch trình xe buýt tiếp theo.,ตารางเวลา,ดูตารางเวลาสำหรับรถบัสคันถัดไป,jadwal,Periksa jadwal untuk bus berikutnya.
commute,My commute takes thirty minutes.,통근,제 통근은 30분 걸립니다.,通勤,通勤に30分かかります。,通勤,我的通勤时间是三十分钟。,desplazamiento,Mi desplazamiento toma treinta minutos.,đi làm,Đường đi làm của tôi mất ba mươi phút.,การเดินทางไปทำงาน,การเดินทางไปทำงานของฉันใช้เวลาสามสิบนาที,perjalanan kerja,Perjalanan kerja saya memakan waktu tiga puluh menit.
crosswalk,Use the crosswalk to cross the street.,횡단보도,길을 건너려면 횡단보도를 이용하세요.,横断歩道,横断歩道を使って道を渡ってください。,人行横道,请走人行横道过马路。,paso de peatones,Usa el paso de peatones para cruzar la calle.,vạch sang đường,Hãy dùng vạch sang đường để qua đường.,ทางม้าลาย,ใช้ทางม้าลายในการข้ามถนน,penyeberangan,Gunakan penyeberangan untuk menyeberang jalan.
intersection,Turn left at the intersection.,교차로,교차로에서 좌회전하세요.,交差点,交差点で左に曲がってください。,十字路口,在十字路口左转。,intersección,Gira a la izquierda en la intersección.,ngã tư,Rẽ trái ở ngã tư.,สี่แยก,เลี้ยวซ้ายที่สี่แยก,persimpangan,Belok kiri di persimpangan.
detour,We had to take a detour.,우회로,우리는 우회로를 이용해야 했습니다.,迂回路,迂回路を通らなければなりませんでした。,绕路,我们不得不绕路。,desvío,Tuvimos que tomar un desvío.,đường vòng,Chúng tôi phải đi đường vòng.,ทางอ้อม,เราต้องใช้ทางอ้อม,jalan memutar,Kami harus mengambil jalan memutar.
toll,You have to pay a toll on this road.,통행료,이 도로에서 통행료를 내야 합니다.,通行料,この道路では通行料を払う必要があります。,通行费,这条路需要付通行费。,peaje,Tienes que pagar un peaje en esta carretera.,phí cầu đường,Bạn phải trả phí cầu đường trên con đường này.,ค่าผ่านทาง,คุณต้องจ่ายค่าผ่านทางบนถนนนี้,tol,Anda harus membayar tol di jalan ini.
speed limit,The speed limit here is 60.,속도 제한,여기 속도 제한은 60입니다.,制限速度,ここの制限速度は60です。,限速,这里的限速是60。,límite de velocidad,El límite de velocidad aquí es 60.,giới hạn tốc độ,Giới hạn tốc độ ở đây là 60.,จำกัดความเร็ว,จำกัดความเร็วที่นี่คือ 60,batas kecepatan,Batas kecepatan di sini adalah 60.
traffic jam,We were stuck in a traffic jam.,교통 체증,우리는 교통 체증에 갇혔습니다.,渋滞,渋滞にはまりました。,交通堵塞,我们被堵在了交通堵塞中。,atasco,Nos quedamos atrapados en un atasco.,tắc đường,Chúng tôi bị kẹt trong tắc đường.,รถติด,เราติดอยู่ในรถติด,kemacetan,Kami terjebak dalam kemacetan.
seat belt,Please fasten your seat belt.,안전벨트,안전벨트를 매 주세요.,シートベルト,シートベルトを締めてください。,安全带,请系好安全带。,cinturón de seguridad,Por favor abroche su cinturón de seguridad.,dây an toàn,Vui lòng thắt dây an toàn.,เข็มขัดนิรภัย,กรุณาคาดเข็มขัดนิรภัย,sabuk pengaman,Silakan kenakan sabuk pengaman Anda.
rental car,We picked up the rental car at the airport.,렌터카,우리는 공항에서 렌터카를 찾았습니다.,レンタカー,空港でレンタカーを受け取りました。,租车,我们在机场取了租车。,auto de alquiler,Recogimos el auto de alquiler en el aeropuerto.,xe thuê,Chúng tôi lấy xe thuê ở sân bay.,รถเช่า,เรารับรถเช่าที่สนามบิน,mobil sewaan,Kami mengambil mobil sewaan di bandara.
ferry,We took a ferry to the island.,페리,우리는 섬으로 가는 페리를 탔습니다.,フェリー,フェリーで島に行きました。,渡轮,我们乘渡轮去了那个岛。,ferry,Tomamos un ferry a la isla.,phà,Chúng tôi đi phà ra đảo.,เรือข้ามฟาก,เราขึ้นเรือข้ามฟากไปเกาะ,feri,Kami naik feri ke pulau itu.
hitchhike,They decided to hitchhike across the country.,히치하이크,그들은 전국을 히치하이크하기로 했습니다.,ヒッチハイク,彼らは国中をヒッチハイクすることにしました。,搭便车,他们决定搭便车穿越全国。,hacer autostop,Decidieron hacer autostop por el país.,đi nhờ xe,Họ quyết định đi nhờ xe xuyên quốc gia.,โบกรถ,พวกเขาตัดสินใจโบกรถข้ามประเทศ,menumpang,Mereka memutuskan untuk menumpang melintasi negara.
cruise,They went on a cruise last summer.,크루즈,그들은 지난여름에 크루즈 여행을 갔습니다.,クルーズ,彼らは去年の夏クルーズに行きました。,邮轮,他们去年夏天坐了邮轮。,crucero,Fueron a un crucero el verano pasado.,du thuyền,Họ đi du thuyền mùa hè năm ngoái.,ล่องเรือ,พวกเขาไปล่องเรือเมื่อฤดูร้อนที่แล้ว,pelayaran,Mereka pergi berlayar musim panas lalu.
anchor,The ship dropped its anchor.,닻,배가 닻을 내렸습니다.,錨,船は錨を下ろしました。,锚,船放下了锚。,ancla,El barco soltó su ancla.,neo,Tàu đã thả neo.,สมอเรือ,เรือหย่อนสมอลง,jangkar,Kapal menurunkan jangkarnya.
harbor,The boats returned to the harbor.,항구,배들이 항구로 돌아왔습니다.,港,船が港に戻りました。,港口,船只回到了港口。,puerto,Los barcos regresaron al puerto.,bến cảng,Các thuyền quay về bến cảng.,ท่าเรือ,เรือกลับมาที่ท่าเรือ,pelabuhan,Kapal-kapal kembali ke pelabuhan.
compass,Use a compass to find north.,나침반,북쪽을 찾으려면 나침반을 사용하세요.,コンパス,コンパスを使って北を見つけてください。,指南针,用指南针找到北方。,brújula,Usa una brújula para encontrar el norte.,la bàn,Dùng la bàn để tìm hướng bắc.,เข็มทิศ,ใช้เข็มทิศเพื่อหาทิศเหนือ,kompas,Gunakan kompas untuk menemukan arah utara.
souvenir,I bought a souvenir for my friend.,기념품,친구에게 줄 기념품을 샀습니다.,お土産,友達にお土産を買いました。,纪念品,我给朋友买了一个纪念品。,recuerdo,Compré un recuerdo para mi amigo.,quà lưu niệm,Tôi đã mua quà lưu niệm cho bạn.,ของที่ระลึก,ฉันซื้อของที่ระลึกให้เพื่อน,oleh-oleh,Saya membeli oleh-oleh untuk teman saya.
quilting,My aunt enjoys quilting in the evenings.,퀼팅,이모는 저녁에 퀼팅을 즐깁니다.,キルティング,叔母は夕方にキルティングを楽しんでいます。,拼布,我姨妈晚上喜欢做拼布。,acolchado,Mi tía disfruta el acolchado por las noches.,may chăn bông,Dì tôi thích may chăn bông vào buổi tối.,การเย็บผ้าปะติด,ป้าของฉันสนุกกับการเย็บผ้าปะติดในตอนเย็น,membuat selimut perca,Bibi saya menikmati membuat selimut perca di malam hari.
model building,He spends weekends on model building.,모형 만들기,그는 주말에 모형 만들기를 합니다.,模型作り,彼は週末に模型作りをしています。,模型制作,他周末做模型制作。,modelismo,Él pasa los fines de semana haciendo modelismo.,làm mô hình,Anh ấy dành cuối tuần để làm mô hình.,การต่อโมเดล,เขาใช้เวลาสุดสัปดาห์ต่อโมเดล,membuat model,Dia menghabiskan akhir pekan membuat model.
stargazing,Stargazing is best on clear nights.,별 관측,별 관측은 맑은 밤에 가장 좋습니다.,星空観察,星空観察は晴れた夜が最適です。,观星,观星在晴朗的夜晚最好。,observación de estrellas,La observación de estrellas es mejor en noches despejadas.,ngắm sao,Ngắm sao đẹp nhất vào đêm trời trong.,การดูดาว,การดูดาวดีที่สุดในคืนฟ้าใส,melihat bintang,Melihat bintang paling baik pada malam cerah.
gardening,Gardening is a relaxing hobby.,원예,원예는 편안한 취미입니다.,ガーデニング,ガーデニングはリラックスできる趣味です。,园艺,园艺是一种放松的爱好。,jardinería,La jardinería es un pasatiempo relajante.,làm vườn,Làm vườn là một sở thích thư giãn.,การทำสวน,การทำสวนเป็นงานอดิเรกที่ผ่อนคลาย,berkebun,Berkebun adalah hobi yang menenangkan.
knitting,My grandmother loves knitting.,뜨개질,할머니는 뜨개질을 좋아하십니다.,編み物,祖母は編み物が大好きです。,编织,我奶奶喜欢编织。,tejer,A mi abuela le encanta tejer.,đan len,Bà tôi thích đan len.,ถักนิตติ้ง,คุณยายของฉันชอบถักนิตติ้ง,merajut,Nenek saya suka merajut.
pottery,She is taking a pottery class.,도예,그녀는 도예 수업을 듣고 있습니다.,陶芸,彼女は陶芸の授業を受けています。,陶艺,她正在上陶艺课。,cerámica,Ella está tomando una clase de cerámica.,làm gốm,Cô ấy đang học lớp làm gốm.,เครื่องปั้นดินเผา,เธอกำลังเรียนวิชาเครื่องปั้นดินเผา,keramik,Dia mengambil kelas keramik.
photography,Photography is his main hobby.,사진,사진은 그의 주요 취미입니다.,写真,写真が彼の主な趣味です。,摄影,摄影是他的主要爱好。,fotografía,La fotografía es su pasatiempo principal.,nhiếp ảnh,Nhiếp ảnh là sở thích chính của anh ấy.,การถ่ายภาพ,การถ่ายภาพเป็นงานอดิเรกหลักของเขา,fotografi,Fotografi adalah hobi utamanya.
chess,Do you know how to play chess?,체스,체스를 둘 줄 아세요?,チェス,チェスの遊び方を知っていますか？,国际象棋,你会下国际象棋吗？,ajedrez,¿Sabes jugar ajedrez?,cờ vua,Bạn có biết chơi cờ vua không?,หมากรุก,คุณเล่นหมากรุกเป็นไหม?,catur,Apakah kamu bisa bermain catur?
puzzle,This puzzle has 500 pieces.,퍼즐,이 퍼즐은 500조각입니다.,パズル,このパズルは500ピースです。,拼图,这个拼图有500块。,rompecabezas,Este rompecabezas tiene 500 piezas.,câu đố,Câu đố này có 500 mảnh.,จิ๊กซอว์,จิ๊กซอว์นี้มี 500 ชิ้น,teka-teki,Teka-teki ini memiliki 500 potongan.
board game,Let us play a board game tonight.,보드게임,오늘 밤 보드게임을 합시다.,ボードゲーム,今夜ボードゲームをしましょう。,桌游,今晚我们玩桌游吧。,juego de mesa,Juguemos un juego de mesa esta noche.,trò chơi bàn,Hãy chơi trò chơi bàn tối nay.,บอร์ดเกม,มาเล่นบอร์ดเกมคืนนี้กัน,permainan papan,Mari bermain permainan papan malam ini.
sketch,She likes to sketch flowers.,스케치,그녀는 꽃을 스케치하는 것을 좋아합니다.,スケッチ,彼女は花をスケッチするのが好きです。,素描,她喜欢素描花朵。,boceto,A ella le gusta dibujar bocetos de flores.,phác họa,Cô ấy thích phác họa hoa.,สเก็ตช์,เธอชอบสเก็ตช์ดอกไม้,sketsa,Dia suka membuat sketsa bunga.
craft,The children are making crafts.,공예,아이들이 공예를 만들고 있습니다.,工作,子供たちは工作を作っています。,手工,孩子们正在做手工。,manualidad,Los niños están haciendo manualidades.,thủ công,Bọn trẻ đang làm đồ thủ công.,งานฝีมือ,เด็กๆ กำลังทำงานฝีมือ,kerajinan,Anak-anak sedang membuat kerajinan.
collection,He has a large stamp collection.,수집,그는 큰 우표 수집품을 가지고 있습니다.,コレクション,彼は大きな切手コレクションを持っています。,收藏,他有一大批邮票收藏。,colección,Él tiene una gran colección de sellos.,bộ sưu tập,Anh ấy có bộ sưu tập tem lớn.,คอลเลกชัน,เขามีคอลเลกชันแสตมป์ขนาดใหญ่,koleksi,Dia memiliki koleksi perangko yang besar.
tent,We set up the tent by the lake.,텐트,우리는 호수 옆에 텐트를 쳤습니다.,テント,湖のそばにテントを張りました。,帐篷,我们在湖边搭了帐篷。,tienda de campaña,Montamos la tienda de campaña junto al lago.,lều,Chúng tôi dựng lều bên hồ.,เต็นท์,เราตั้งเต็นท์ริมทะเลสาบ,tenda,Kami mendirikan tenda di tepi danau.
campfire,We sat around the campfire.,모닥불,우리는 모닥불 주위에 앉았습니다.,キャンプファイヤー,キャンプファイヤーの周りに座りました。,篝火,我们围坐在篝火旁。,fogata,Nos sentamos alrededor de la fogata.,lửa trại,Chúng tôi ngồi quanh lửa trại.,กองไฟ,เรานั่งรอบกองไฟ,api unggun,Kami duduk mengelilingi api unggun.
sleeping bag,I forgot my sleeping bag.,침낭,침낭을 깜빡했습니다.,寝袋,寝袋を忘れました。,睡袋,我忘了带睡袋。,saco de dormir,Olvidé mi saco de dormir.,túi ngủ,Tôi quên mang túi ngủ.,ถุงนอน,ฉันลืมถุงนอน,kantong tidur,Saya lupa kantong tidur saya.
binoculars,He watched birds with binoculars.,쌍안경,그는 쌍안경으로 새를 관찰했습니다.,双眼鏡,双眼鏡で鳥を観察しました。,双筒望远镜,他用双筒望远镜观鸟。,binoculares,Observó aves con binoculares.,ống nhòm,Anh ấy ngắm chim bằng ống nhòm.,กล้องส่องทางไกล,เขาดูนกด้วยกล้องส่องทางไกล,teropong,Dia mengamati burung dengan teropong.
trail,The hiking trail was well marked.,등산로,등산로가 잘 표시되어 있었습니다.,トレイル,ハイキングトレイルはよく整備されていました。,小径,这条徒步小径标识很清楚。,sendero,El sendero estaba bien señalizado.,đường mòn,Đường mòn đi bộ được đánh dấu rõ ràng.,เส้นทางเดินป่า,เส้นทางเดินป่ามีป้ายบอกทางชัดเจน,jalur pendakian,Jalur pendakian ditandai dengan baik.
canteen,Fill your canteen with water before the hike.,수통,등산 전에 수통에 물을 채우세요.,水筒,ハイキングの前に水筒に水を入れてください。,水壶,徒步前把水壶装满水。,cantimplora,Llena tu cantimplora con agua antes de la caminata.,bình nước,Đổ đầy bình nước trước khi đi bộ.,กระติกน้ำ,เติมน้ำในกระติกน้ำก่อนเดินป่า,botol minum,Isi botol minum Anda dengan air sebelum mendaki.
leisure,What do you do in your leisure time?,여가,여가 시간에 무엇을 하세요?,余暇,余暇に何をしますか？,休闲,你休闲时间做什么？,ocio,¿Qué haces en tu tiempo de ocio?,giải trí,Bạn làm gì trong thời gian giải trí?,เวลาว่าง,คุณทำอะไรในเวลาว่าง?,waktu luang,Apa yang kamu lakukan di waktu luang?
pastime,Reading is a wonderful pastime.,오락,독서는 멋진 오락입니다.,娯楽,読書は素晴らしい娯楽です。,消遣,阅读是很好的消遣。,pasatiempo,Leer es un pasatiempo maravilloso.,thú tiêu khiển,Đọc sách là một thú tiêu khiển tuyệt vời.,กิจกรรมยามว่าง,การอ่านหนังสือเป็นกิจกรรมยามว่างที่ยอดเยี่ยม,kegiatan santai,Membaca adalah kegiatan santai yang menyenangkan.
tai chi,Many people practice tai chi in the park.,태극권,많은 사람들이 공원에서 태극권을 합니다.,太極拳,多くの人が公園で太極拳をしています。,太极拳,很多人在公园里练太极拳。,tai chi,Muchas personas practican tai chi en el parque.,thái cực quyền,Nhiều người tập thái cực quyền trong công viên.,ไทเก็ก,หลายคนฝึกไทเก็กในสวนสาธารณะ,tai chi,Banyak orang berlatih tai chi di taman.
meditation,Meditation helps reduce stress.,명상,명상은 스트레스를 줄이는 데 도움이 됩니다.,瞑想,瞑想はストレスを減らすのに役立ちます。,冥想,冥想有助于减轻压力。,meditación,La meditación ayuda a reducir el estrés.,thiền,Thiền giúp giảm căng thẳng.,การทำสมาธิ,การทำสมาธิช่วยลดความเครียด,meditasi,Meditasi membantu mengurangi stres.
origami,She taught me how to make origami.,종이접기,그녀가 종이접기 하는 법을 가르쳐 주었습니다.,折り紙,折り紙の作り方を教えてくれました。,折纸,她教我怎么折纸。,origami,Ella me enseñó a hacer origami.,xếp giấy,Cô ấy dạy tôi cách xếp giấy.,การพับกระดาษ,เธอสอนฉันพับกระดาษ,origami,Dia mengajari saya cara membuat origami.
embroidery,The embroidery on the shirt is beautiful.,자수,셔츠의 자수가 아름답습니다.,刺繍,シャツの刺繍が美しいです。,刺绣,衬衫上的刺绣很漂亮。,bordado,El bordado de la camisa es hermoso.,thêu,Hoa văn thêu trên áo rất đẹp.,งานปักผ้า,งานปักผ้าบนเสื้อสวยงาม,bordir,Bordiran di kemeja itu indah.
woodworking,He enjoys woodworking as a hobby.,목공,그는 취미로 목공을 즐깁니다.,木工,彼は趣味で木工を楽しんでいます。,木工,他喜欢木工作为爱好。,carpintería,Él disfruta la carpintería como pasatiempo.,làm mộc,Anh ấy thích làm mộc như một sở thích.,งานไม้,เขาสนุกกับงานไม้เป็นงานอดิเรก,pertukangan kayu,Dia menikmati pertukangan kayu sebagai hobi.
study hall,We have study hall after lunch.,자습 시간,점심 후 자습 시간이 있습니다.,自習室,昼食後に自習室があります。,自习,我们午饭后有自习。,sala de estudio,Tenemos sala de estudio después del almuerzo.,tiết tự học,Chúng tôi có tiết tự học sau bữa trưa.,ชั่วโมงติว,เรามีชั่วโมงติวหลังอาหารกลางวัน,jam belajar,Kami ada jam belajar setelah makan siang.
transcript,She requested her official transcript.,성적 증명서,그녀는 공식 성적 증명서를 요청했습니다.,成績証明書,彼女は公式の成績証明書を請求しました。,成绩单,她申请了正式成绩单。,expediente académico,Ella solicitó su expediente académico oficial.,bảng điểm,Cô ấy yêu cầu bảng điểm chính thức.,ใบแสดงผลการเรียน,เธอขอใบแสดงผลการเรียนอย่างเป็นทางการ,transkrip,Dia meminta transkrip resminya.
principal,The principal spoke at the assembly.,교장,교장 선생님이 조회에서 말씀하셨습니다.,校長,校長が集会で話しました。,校长,校长在集会上讲话了。,director,El director habló en la asamblea.,hiệu trưởng,Hiệu trưởng đã phát biểu trong buổi lễ.,ผู้อำนวยการ,ผู้อำนวยการพูดในที่ประชุม,kepala sekolah,Kepala sekolah berbicara di pertemuan.
classroom,Our classroom is on the second floor.,교실,우리 교실은 2층에 있습니다.,教室,私たちの教室は2階にあります。,教室,我们的教室在二楼。,aula,Nuestra aula está en el segundo piso.,phòng học,Phòng học của chúng tôi ở tầng hai.,ห้องเรียน,ห้องเรียนของเราอยู่ชั้นสอง,ruang kelas,Ruang kelas kami di lantai dua.
textbook,Open your textbook to page 50.,교과서,교과서 50페이지를 펴세요.,教科書,教科書の50ページを開いてください。,课本,请打开课本第50页。,libro de texto,Abre tu libro de texto en la página 50.,sách giáo khoa,Mở sách giáo khoa trang 50.,ตำราเรียน,เปิดตำราเรียนหน้า 50,buku pelajaran,Buka buku pelajaran halaman 50.
highlighter,She used a yellow highlighter on the text.,형광펜,그녀는 텍스트에 노란 형광펜을 사용했습니다.,蛍光ペン,彼女はテキストに黄色い蛍光ペンを使いました。,荧光笔,她用黄色荧光笔标记了文字。,resaltador,Usó un resaltador amarillo en el texto.,bút dạ quang,Cô ấy dùng bút dạ quang vàng trên văn bản.,ปากกาไฮไลท์,เธอใช้ปากกาไฮไลท์สีเหลืองบนข้อความ,stabilo,Dia menggunakan stabilo kuning pada teks.
marker,Please write your name with a marker.,마커,마커로 이름을 써 주세요.,マーカー,マーカーで名前を書いてください。,马克笔,请用马克笔写你的名字。,marcador,Por favor escribe tu nombre con un marcador.,bút lông,Vui lòng viết tên bằng bút lông.,ปากกามาร์คเกอร์,กรุณาเขียนชื่อของคุณด้วยปากกามาร์คเกอร์,spidol,Tolong tulis nama Anda dengan spidol.
binder,Put the papers in your binder.,바인더,서류를 바인더에 넣으세요.,バインダー,バインダーに書類を入れてください。,活页夹,把文件放进你的活页夹里。,carpeta,Pon los papeles en tu carpeta.,kẹp hồ sơ,Đặt giấy tờ vào kẹp hồ sơ.,แฟ้ม,ใส่กระดาษในแฟ้มของคุณ,map,Masukkan kertas ke dalam map Anda.
report card,He showed his report card to his parents.,성적표,그는 부모님에게 성적표를 보여드렸습니다.,通知表,彼は通知表を両親に見せました。,成绩单,他把成绩单给父母看了。,boleta de calificaciones,Le mostró su boleta de calificaciones a sus padres.,phiếu điểm,Anh ấy cho bố mẹ xem phiếu điểm.,ใบรายงานผลการเรียน,เขาแสดงใบรายงานผลการเรียนให้พ่อแม่ดู,rapor,Dia menunjukkan rapornya kepada orang tuanya.
semester,This semester ends in June.,학기,이번 학기는 6월에 끝납니다.,学期,今学期は6月に終わります。,学期,这个学期在六月结束。,semestre,Este semestre termina en junio.,học kỳ,Học kỳ này kết thúc vào tháng sáu.,ภาคเรียน,ภาคเรียนนี้จบในเดือนมิถุนายน,semester,Semester ini berakhir pada bulan Juni.
tutor,She hired a math tutor.,과외 교사,그녀는 수학 과외 교사를 고용했습니다.,家庭教師,数学の家庭教師を雇いました。,家教,她请了一个数学家教。,tutor,Ella contrató un tutor de matemáticas.,gia sư,Cô ấy thuê một gia sư toán.,ติวเตอร์,เธอจ้างติวเตอร์วิชาคณิตศาสตร์,tutor,Dia menyewa tutor matematika.
assignment,The assignment is due on Friday.,과제,과제는 금요일까지입니다.,課題,課題は金曜日が締め切りです。,作业,作业在星期五到期。,tarea,La tarea debe entregarse el viernes.,bài tập,Bài tập phải nộp vào thứ sáu.,งานที่ได้รับมอบหมาย,งานที่ได้รับมอบหมายต้องส่งวันศุกร์,tugas,Tugas harus dikumpulkan hari Jumat.
diploma,She received her diploma last month.,졸업장,그녀는 지난달 졸업장을 받았습니다.,卒業証書,先月卒業証書を受け取りました。,文凭,她上个月拿到了文凭。,diploma,Ella recibió su diploma el mes pasado.,bằng tốt nghiệp,Cô ấy nhận bằng tốt nghiệp tháng trước.,ใบประกาศนียบัตร,เธอได้รับใบประกาศนียบัตรเมื่อเดือนที่แล้ว,ijazah,Dia menerima ijazahnya bulan lalu.
scholarship,He won a scholarship to study abroad.,장학금,그는 유학 장학금을 받았습니다.,奨学金,彼は留学のための奨学金を獲得しました。,奖学金,他获得了出国留学的奖学金。,beca,Ganó una beca para estudiar en el extranjero.,học bổng,Anh ấy giành được học bổng du học.,ทุนการศึกษา,เขาได้ทุนการศึกษาไปเรียนต่างประเทศ,beasiswa,Dia memenangkan beasiswa untuk belajar di luar negeri.
lecture,The lecture was about history.,강의,강의는 역사에 관한 것이었습니다.,講義,講義は歴史についてでした。,讲座,这堂讲座是关于历史的。,conferencia,La conferencia fue sobre historia.,bài giảng,Bài giảng về lịch sử.,การบรรยาย,การบรรยายเกี่ยวกับประวัติศาสตร์,kuliah,Kuliah itu tentang sejarah.
attendance,Attendance is required for this class.,출석,이 수업은 출석이 필수입니다.,出席,この授業は出席が必要です。,出勤,这门课要求出勤。,asistencia,La asistencia es obligatoria para esta clase.,điểm danh,Điểm danh là bắt buộc cho lớp này.,การเข้าเรียน,การเข้าเรียนเป็นสิ่งจำเป็นสำหรับวิชานี้,kehadiran,Kehadiran wajib untuk kelas ini.
curriculum,The school updated its curriculum.,교육 과정,학교가 교육 과정을 업데이트했습니다.,カリキュラム,学校はカリキュラムを更新しました。,课程,学校更新了课程。,currículo,La escuela actualizó su currículo.,chương trình học,Trường đã cập nhật chương trình học.,หลักสูตร,โรงเรียนปรับปรุงหลักสูตร,kurikulum,Sekolah memperbarui kurikulumnya.
recess,The children play during recess.,쉬는 시간,아이들은 쉬는 시간에 놉니다.,休み時間,子供たちは休み時間に遊びます。,课间休息,孩子们在课间休息时玩耍。,recreo,Los niños juegan durante el recreo.,giờ ra chơi,Trẻ em chơi trong giờ ra chơi.,พักเที่ยง,เด็กๆ เล่นตอนพักเที่ยง,istirahat,Anak-anak bermain saat istirahat.
enrollment,Enrollment starts next week.,등록,등록은 다음 주에 시작됩니다.,入学,入学手続きは来週始まります。,注册,注册下周开始。,inscripción,La inscripción comienza la próxima semana.,ghi danh,Ghi danh bắt đầu tuần tới.,การลงทะเบียน,การลงทะเบียนเริ่มสัปดาห์หน้า,pendaftaran,Pendaftaran dimulai minggu depan.
syllabus,The teacher handed out the syllabus.,강의 계획서,선생님이 강의 계획서를 나눠 주셨습니다.,シラバス,先生がシラバスを配りました。,教学大纲,老师发了教学大纲。,programa de estudios,El maestro repartió el programa de estudios.,đề cương,Giáo viên phát đề cương môn học.,ประมวลรายวิชา,คุณครูแจกประมวลรายวิชา,silabus,Guru membagikan silabus.
midterm,The midterm covers the first five chapters.,중간고사,중간고사는 처음 다섯 장을 다룹니다.,中間試験,中間試験は最初の5章をカバーします。,期中考试,期中考试涵盖前五章。,examen parcial,El examen parcial cubre los primeros cinco capítulos.,thi giữa kỳ,Thi giữa kỳ bao gồm năm chương đầu.,สอบกลางภาค,สอบกลางภาคครอบคลุมห้าบทแรก,ujian tengah semester,Ujian tengah semester mencakup lima bab pertama.
quiz,We have a quiz in science today.,퀴즈,오늘 과학 퀴즈가 있습니다.,小テスト,今日理科の小テストがあります。,小测验,我们今天有一个科学小测验。,prueba,Tenemos una prueba de ciencias hoy.,bài kiểm tra,Hôm nay có bài kiểm tra khoa học.,แบบทดสอบ,เรามีแบบทดสอบวิทยาศาสตร์วันนี้,kuis,Kami ada kuis sains hari ini.
laboratory,We did an experiment in the laboratory.,실험실,우리는 실험실에서 실험을 했습니다.,実験室,実験室で実験をしました。,实验室,我们在实验室做了一个实验。,laboratorio,Hicimos un experimento en el laboratorio.,phòng thí nghiệm,Chúng tôi làm thí nghiệm trong phòng thí nghiệm.,ห้องปฏิบัติการ,เราทำการทดลองในห้องปฏิบัติการ,laboratorium,Kami melakukan percobaan di laboratorium.
locker,Put your bag in the locker.,사물함,가방을 사물함에 넣으세요.,ロッカー,ロッカーにバッグを入れてください。,储物柜,把包放进储物柜里。,casillero,Pon tu bolsa en el casillero.,tủ khóa,Đặt túi vào tủ khóa.,ล็อกเกอร์,เก็บกระเป๋าในล็อกเกอร์,loker,Taruh tas Anda di loker.
bulletin board,Check the bulletin board for updates.,게시판,게시판에서 업데이트를 확인하세요.,掲示板,掲示板で最新情報を確認してください。,公告栏,查看公告栏获取最新信息。,tablón de anuncios,Revisa el tablón de anuncios para actualizaciones.,bảng thông báo,Kiểm tra bảng thông báo để cập nhật.,บอร์ดประกาศ,ดูบอร์ดประกาศสำหรับข่าวสาร,papan pengumuman,Periksa papan pengumuman untuk informasi terbaru.
field trip,Our class went on a field trip.,현장 학습,우리 반은 현장 학습을 갔습니다.,遠足,私たちのクラスは遠足に行きました。,实地考察,我们班去实地考察了。,excursión,Nuestra clase fue de excursión.,chuyến tham quan,Lớp chúng tôi đi chuyến tham quan.,ทัศนศึกษา,ชั้นเรียนของเราไปทัศนศึกษา,karyawisata,Kelas kami pergi karyawisata.
detention,He got detention for being late.,방과 후 벌,그는 지각해서 방과 후 벌을 받았습니다.,居残り,遅刻で居残りになりました。,留校,他因为迟到被留校了。,detención,Lo castigaron con detención por llegar tarde.,phạt ở lại,Anh ấy bị phạt ở lại vì đi trễ.,กักบริเวณ,เขาถูกกักบริเวณเพราะมาสาย,detensi,Dia mendapat detensi karena terlambat.
valedictorian,She was the valedictorian of her class.,수석 졸업생,그녀는 반의 수석 졸업생이었습니다.,首席,彼女はクラスの首席でした。,毕业生代表,她是班里的毕业生代表。,graduado de honor,Ella fue la graduada de honor de su clase.,thủ khoa,Cô ấy là thủ khoa của lớp.,นักเรียนเรียนดีที่สุด,เธอเป็นนักเรียนเรียนดีที่สุดของชั้น,lulusan terbaik,Dia adalah lulusan terbaik di kelasnya.
workload,The workload has increased this month.,업무량,이번 달에 업무량이 늘었습니다.,仕事量,今月は仕事量が増えました。,工作量,这个月工作量增加了。,carga de trabajo,La carga de trabajo ha aumentado este mes.,khối lượng công việc,Khối lượng công việc tăng lên tháng này.,ปริมาณงาน,ปริมาณงานเพิ่มขึ้นเดือนนี้,beban kerja,Beban kerja meningkat bulan ini.
meeting,The meeting starts at ten.,회의,회의는 10시에 시작합니다.,会議,会議は10時に始まります。,会议,会议十点开始。,reunión,La reunión empieza a las diez.,cuộc họp,Cuộc họp bắt đầu lúc mười giờ.,การประชุม,การประชุมเริ่มเวลาสิบโมง,rapat,Rapat dimulai pukul sepuluh.
boss,My boss is very supportive.,상사,제 상사는 매우 협조적입니다.,上司,上司はとても協力的です。,老板,我的老板非常支持我。,jefe,Mi jefe es muy comprensivo.,sếp,Sếp tôi rất hỗ trợ.,หัวหน้า,หัวหน้าของฉันให้การสนับสนุนมาก,bos,Bos saya sangat mendukung.
colleague,I had lunch with a colleague.,동료,동료와 점심을 먹었습니다.,同僚,同僚と昼食を食べました。,同事,我和一个同事吃了午饭。,colega,Almorcé con un colega.,đồng nghiệp,Tôi ăn trưa với đồng nghiệp.,เพื่อนร่วมงาน,ฉันกินข้าวกลางวันกับเพื่อนร่วมงาน,rekan kerja,Saya makan siang dengan rekan kerja.
salary,His salary increased this year.,급여,그의 급여가 올해 올랐습니다.,給料,彼の給料は今年上がりました。,薪水,他今年涨薪了。,salario,Su salario aumentó este año.,lương,Lương của anh ấy tăng năm nay.,เงินเดือน,เงินเดือนของเขาเพิ่มขึ้นปีนี้,gaji,Gajinya naik tahun ini.
interview,She has a job interview tomorrow.,면접,그녀는 내일 면접이 있습니다.,面接,彼女は明日面接があります。,面试,她明天有一个工作面试。,entrevista,Ella tiene una entrevista de trabajo mañana.,phỏng vấn,Cô ấy có buổi phỏng vấn việc làm ngày mai.,สัมภาษณ์,เธอมีสัมภาษณ์งานพรุ่งนี้,wawancara,Dia ada wawancara kerja besok.
resume,Please send me your resume.,이력서,이력서를 보내 주세요.,履歴書,履歴書を送ってください。,简历,请把你的简历发给我。,currículum,Por favor envíame tu currículum.,sơ yếu lý lịch,Vui lòng gửi sơ yếu lý lịch cho tôi.,เรซูเม่,กรุณาส่งเรซูเม่ของคุณมา,resume,Tolong kirimkan resume Anda.
schedule,What is your schedule today?,일정,오늘 일정이 어떻게 되세요?,スケジュール,今日のスケジュールは何ですか？,日程,你今天的日程是什么？,horario,¿Cuál es tu horario hoy?,lịch trình,Lịch trình của bạn hôm nay thế nào?,ตารางเวลา,ตารางเวลาของคุณวันนี้เป็นอย่างไร?,jadwal,Apa jadwal Anda hari ini?
task,I finished all my tasks for today.,업무,오늘의 모든 업무를 끝냈습니다.,タスク,今日のタスクを全て終えました。,任务,我完成了今天所有的任务。,tarea,Terminé todas mis tareas de hoy.,nhiệm vụ,Tôi đã hoàn thành tất cả nhiệm vụ hôm nay.,งาน,ฉันทำงานทั้งหมดของวันนี้เสร็จแล้ว,tugas,Saya menyelesaikan semua tugas hari ini.
project,We are working on a new project.,프로젝트,우리는 새 프로젝트를 진행하고 있습니다.,プロジェクト,新しいプロジェクトに取り組んでいます。,项目,我们正在做一个新项目。,proyecto,Estamos trabajando en un nuevo proyecto.,dự án,Chúng tôi đang làm một dự án mới.,โปรเจกต์,เรากำลังทำโปรเจกต์ใหม่,proyek,Kami sedang mengerjakan proyek baru.
deadline,The deadline is next Friday.,마감,마감은 다음 금요일입니다.,締め切り,締め切りは来週の金曜日です。,截止日期,截止日期是下周五。,fecha límite,La fecha límite es el próximo viernes.,hạn chót,Hạn chót là thứ sáu tới.,กำหนดส่ง,กำหนดส่งคือวันศุกร์หน้า,tenggat waktu,Tenggat waktu adalah hari Jumat depan.
promotion,She got a promotion last month.,승진,그녀는 지난달 승진했습니다.,昇進,彼女は先月昇進しました。,升职,她上个月升职了。,ascenso,Ella obtuvo un ascenso el mes pasado.,thăng chức,Cô ấy được thăng chức tháng trước.,การเลื่อนตำแหน่ง,เธอได้เลื่อนตำแหน่งเมื่อเดือนที่แล้ว,promosi,Dia mendapat promosi bulan lalu.
overtime,He worked overtime last night.,야근,그는 어젯밤 야근했습니다.,残業,彼は昨夜残業しました。,加班,他昨晚加班了。,horas extras,Él trabajó horas extras anoche.,tăng ca,Anh ấy tăng ca tối qua.,ทำงานล่วงเวลา,เขาทำงานล่วงเวลาเมื่อคืน,lembur,Dia bekerja lembur semalam.
paycheck,I receive my paycheck every month.,월급,저는 매달 월급을 받습니다.,給与,毎月給与を受け取ります。,工资,我每个月领工资。,cheque de pago,Recibo mi cheque de pago cada mes.,phiếu lương,Tôi nhận phiếu lương mỗi tháng.,เช็คเงินเดือน,ฉันได้รับเช็คเงินเดือนทุกเดือน,gaji,Saya menerima gaji setiap bulan.
contract,He signed a one-year contract.,계약,그는 1년 계약을 했습니다.,契約,彼は1年の契約にサインしました。,合同,他签了一年的合同。,contrato,Firmó un contrato de un año.,hợp đồng,Anh ấy ký hợp đồng một năm.,สัญญา,เขาเซ็นสัญญาหนึ่งปี,kontrak,Dia menandatangani kontrak satu tahun.
department,She works in the sales department.,부서,그녀는 영업부에서 일합니다.,部門,彼女は営業部門で働いています。,部门,她在销售部门工作。,departamento,Ella trabaja en el departamento de ventas.,phòng ban,Cô ấy làm việc ở phòng kinh doanh.,แผนก,เธอทำงานในแผนกขาย,departemen,Dia bekerja di departemen penjualan.
coworker,My coworker helped me with the report.,직장 동료,직장 동료가 보고서를 도와주었습니다.,同僚,同僚がレポートを手伝ってくれました。,同事,我的同事帮我写了报告。,compañero de trabajo,Mi compañero de trabajo me ayudó con el informe.,đồng nghiệp,Đồng nghiệp giúp tôi làm báo cáo.,เพื่อนร่วมงาน,เพื่อนร่วมงานช่วยฉันทำรายงาน,rekan kerja,Rekan kerja saya membantu saya dengan laporan.
supervisor,Talk to your supervisor about it.,관리자,그것에 대해 관리자에게 말하세요.,上司,それについて上司に話してください。,主管,和你的主管谈谈这件事。,supervisor,Habla con tu supervisor sobre eso.,người giám sát,Nói với người giám sát của bạn về điều đó.,หัวหน้างาน,พูดคุยกับหัวหน้างานของคุณเกี่ยวกับเรื่องนี้,atasan,Bicarakan dengan atasan Anda tentang itu.
employee,The company has fifty employees.,직원,그 회사에는 직원이 50명 있습니다.,従業員,会社には50人の従業員がいます。,员工,公司有五十名员工。,empleado,La empresa tiene cincuenta empleados.,nhân viên,Công ty có năm mươi nhân viên.,พนักงาน,บริษัทมีพนักงานห้าสิบคน,karyawan,Perusahaan memiliki lima puluh karyawan.
employer,His employer offers good benefits.,고용주,그의 고용주는 좋은 복리후생을 제공합니다.,雇用主,彼の雇用主は良い福利厚生を提供しています。,雇主,他的雇主提供很好的福利。,empleador,Su empleador ofrece buenos beneficios.,người sử dụng lao động,Người sử dụng lao động của anh ấy cung cấp phúc lợi tốt.,นายจ้าง,นายจ้างของเขาให้สวัสดิการที่ดี,pemberi kerja,Pemberi kerjanya menawarkan tunjangan yang baik.
career,She is planning her future career.,경력,그녀는 미래의 경력을 계획하고 있습니다.,キャリア,彼女は将来のキャリアを計画しています。,职业,她在规划她未来的职业。,carrera,Ella está planificando su futura carrera.,sự nghiệp,Cô ấy đang lên kế hoạch cho sự nghiệp tương lai.,อาชีพ,เธอกำลังวางแผนอาชีพในอนาคต,karier,Dia merencanakan karier masa depannya.
resign,He decided to resign from his job.,사직하다,그는 직장을 사직하기로 결정했습니다.,辞職する,彼は仕事を辞職することにしました。,辞职,他决定辞职。,renunciar,Decidió renunciar a su trabajo.,từ chức,Anh ấy quyết định từ chức.,ลาออก,เขาตัดสินใจลาออกจากงาน,mengundurkan diri,Dia memutuskan untuk mengundurkan diri.
commuter,The train is full of commuters.,통근자,기차에 통근자들이 가득합니다.,通勤者,電車は通勤者でいっぱいです。,通勤者,火车上满是通勤者。,viajero,El tren está lleno de viajeros.,người đi làm,Tàu chật kín người đi làm.,ผู้โดยสารประจำ,รถไฟเต็มไปด้วยผู้โดยสารประจำ,penglaju,Kereta penuh dengan penglaju.
intern,She started as an intern last summer.,인턴,그녀는 지난여름 인턴으로 시작했습니다.,インターン,彼女は去年の夏インターンとして始めました。,实习生,她去年夏天开始当实习生。,pasante,Ella empezó como pasante el verano pasado.,thực tập sinh,Cô ấy bắt đầu làm thực tập sinh mùa hè trước.,นักศึกษาฝึกงาน,เธอเริ่มเป็นนักศึกษาฝึกงานเมื่อฤดูร้อนที่แล้ว,magang,Dia mulai sebagai magang musim panas lalu.
conference,There is a conference next week.,회의,다음 주에 회의가 있습니다.,会議,来週会議があります。,会议,下周有一个会议。,conferencia,Hay una conferencia la próxima semana.,hội nghị,Có một hội nghị vào tuần tới.,การประชุม,มีการประชุมสัปดาห์หน้า,konferensi,Ada konferensi minggu depan.
presentation,He gave a great presentation.,발표,그는 훌륭한 발표를 했습니다.,プレゼンテーション,彼は素晴らしいプレゼンテーションをしました。,演讲,他做了一个精彩的演讲。,presentación,Dio una gran presentación.,bài thuyết trình,Anh ấy đã thuyết trình rất hay.,การนำเสนอ,เขานำเสนอได้ยอดเยี่ยม,presentasi,Dia memberikan presentasi yang hebat.
warehouse,The goods are stored in the warehouse.,창고,물품은 창고에 보관됩니다.,倉庫,商品は倉庫に保管されています。,仓库,货物存放在仓库里。,almacén,Los productos se almacenan en el almacén.,nhà kho,Hàng hóa được lưu trữ trong nhà kho.,คลังสินค้า,สินค้าถูกเก็บในคลังสินค้า,gudang,Barang-barang disimpan di gudang.
uniform,Students must wear a uniform.,교복,학생들은 교복을 입어야 합니다.,制服,生徒は制服を着なければなりません。,校服,学生必须穿校服。,uniforme,Los estudiantes deben usar uniforme.,đồng phục,Học sinh phải mặc đồng phục.,เครื่องแบบ,นักเรียนต้องสวมเครื่องแบบ,seragam,Siswa harus memakai seragam.
whiteboard,The teacher wrote on the whiteboard.,화이트보드,선생님이 화이트보드에 글을 쓰셨습니다.,ホワイトボード,先生はホワイトボードに書きました。,白板,老师在白板上写字。,pizarra blanca,El maestro escribió en la pizarra blanca.,bảng trắng,Thầy giáo viết trên bảng trắng.,ไวท์บอร์ด,คุณครูเขียนบนไวท์บอร์ด,papan tulis,Guru menulis di papan tulis.
projector,The projector is not working.,프로젝터,프로젝터가 작동하지 않습니다.,プロジェクター,プロジェクターが動きません。,投影仪,投影仪不工作了。,proyector,El proyector no funciona.,máy chiếu,Máy chiếu không hoạt động.,โปรเจกเตอร์,โปรเจกเตอร์ไม่ทำงาน,proyektor,Proyektor tidak berfungsi.
stapler,Can I use your stapler?,스테이플러,스테이플러를 써도 될까요?,ホッチキス,ホッチキスを使ってもいいですか？,订书机,我可以用你的订书机吗？,engrapadora,¿Puedo usar tu engrapadora?,dập ghim,Tôi dùng dập ghim của bạn được không?,เครื่องเย็บกระดาษ,ขอใช้เครื่องเย็บกระดาษหน่อยได้ไหม?,stapler,Boleh saya pakai stapler Anda?
paperclip,Use a paperclip to hold the pages together.,클립,페이지를 클립으로 묶으세요.,クリップ,ページをクリップでまとめてください。,回形针,用回形针把纸夹在一起。,sujetapapeles,Usa un sujetapapeles para sujetar las páginas.,kẹp giấy,Dùng kẹp giấy để giữ các trang lại.,คลิปหนีบกระดาษ,ใช้คลิปหนีบกระดาษเพื่อรวมหน้าเข้าด้วยกัน,penjepit kertas,Gunakan penjepit kertas untuk menyatukan halaman.
cubicle,His cubicle is near the window.,칸막이 사무실,그의 칸막이 사무실은 창문 근처입니다.,仕切り,彼のデスクスペースは窓の近くです。,隔间,他的隔间靠近窗户。,cubículo,Su cubículo está cerca de la ventana.,buồng làm việc,Buồng làm việc của anh ấy gần cửa sổ.,คิวบิเคิล,คิวบิเคิลของเขาอยู่ใกล้หน้าต่าง,bilik,Biliknya dekat jendela.
memo,Please read the memo carefully.,메모,메모를 주의 깊게 읽어 주세요.,メモ,メモをよく読んでください。,备忘录,请仔细阅读备忘录。,memorando,Por favor lee el memorando cuidadosamente.,bản ghi nhớ,Vui lòng đọc bản ghi nhớ kỹ lưỡng.,บันทึกข้อความ,กรุณาอ่านบันทึกข้อความอย่างระมัดระวัง,memo,Tolong baca memo dengan saksama.
agenda,What is on the agenda today?,안건,오늘 안건이 무엇인가요?,議題,今日の議題は何ですか？,议程,今天的议程是什么？,agenda,¿Qué hay en la agenda hoy?,chương trình nghị sự,Chương trình nghị sự hôm nay là gì?,วาระการประชุม,วาระการประชุมวันนี้มีอะไรบ้าง?,agenda,Apa yang ada di agenda hari ini?
applicant,There are many applicants for the job.,지원자,그 일자리에 지원자가 많습니다.,応募者,その仕事には多くの応募者がいます。,申请人,这份工作有很多申请人。,solicitante,Hay muchos solicitantes para el trabajo.,ứng viên,Có nhiều ứng viên cho công việc này.,ผู้สมัคร,มีผู้สมัครจำนวนมากสำหรับตำแหน่งนี้,pelamar,Ada banyak pelamar untuk pekerjaan itu.
recruitment,The recruitment process takes two weeks.,채용,채용 과정은 2주가 걸립니다.,採用,採用プロセスは2週間かかります。,招聘,招聘过程需要两周。,reclutamiento,El proceso de reclutamiento toma dos semanas.,tuyển dụng,Quá trình tuyển dụng mất hai tuần.,การสรรหาบุคลากร,กระบวนการสรรหาบุคลากรใช้เวลาสองสัปดาห์,perekrutan,Proses perekrutan memakan waktu dua minggu.
workspace,Keep your workspace clean.,작업 공간,작업 공간을 깨끗하게 유지하세요.,作業スペース,作業スペースをきれいにしてください。,工作区,保持你的工作区整洁。,espacio de trabajo,Mantén tu espacio de trabajo limpio.,không gian làm việc,Giữ không gian làm việc sạch sẽ.,พื้นที่ทำงาน,รักษาพื้นที่ทำงานให้สะอาด,ruang kerja,Jaga ruang kerja Anda tetap bersih.
benefits,The job comes with good benefits.,복리후생,그 직장은 좋은 복리후생이 있습니다.,福利厚生,その仕事には良い福利厚生があります。,福利,这份工作有很好的福利。,beneficios,El trabajo incluye buenos beneficios.,phúc lợi,Công việc có phúc lợi tốt.,สวัสดิการ,งานนี้มาพร้อมสวัสดิการที่ดี,tunjangan,Pekerjaan ini dilengkapi tunjangan yang bagus.
pension,He will receive a pension after retirement.,연금,그는 퇴직 후 연금을 받게 됩니다.,年金,退職後に年金を受け取ります。,养老金,他退休后将领取养老金。,pensión,Recibirá una pensión después de jubilarse.,lương hưu,Ông ấy sẽ nhận lương hưu sau khi nghỉ hưu.,เงินบำนาญ,เขาจะได้รับเงินบำนาญหลังเกษียณ,pensiun,Dia akan menerima pensiun setelah pensiun.
networking,Networking is important for your career.,네트워킹,네트워킹은 경력에 중요합니다.,ネットワーキング,ネットワーキングはキャリアに重要です。,社交,社交对你的职业很重要。,establecer contactos,Establecer contactos es importante para tu carrera.,kết nối,Kết nối rất quan trọng cho sự nghiệp.,การสร้างเครือข่าย,การสร้างเครือข่ายสำคัญสำหรับอาชีพของคุณ,jaringan,Jaringan penting untuk karier Anda.
passport control,We waited at passport control.,출입국 심사,우리는 출입국 심사에서 기다렸습니다.,入国審査,入国審査で待ちました。,护照检查,我们在护照检查处等候。,control de pasaportes,Esperamos en el control de pasaportes.,kiểm tra hộ chiếu,Chúng tôi chờ ở quầy kiểm tra hộ chiếu.,ตรวจคนเข้าเมือง,เรารอที่ตรวจคนเข้าเมือง,pemeriksaan paspor,Kami menunggu di pemeriksaan paspor.
currency exchange,Where is the currency exchange?,환전소,환전소가 어디에 있나요?,両替所,両替所はどこですか？,货币兑换,货币兑换处在哪里？,cambio de divisas,¿Dónde está el cambio de divisas?,đổi tiền,Quầy đổi tiền ở đâu?,แลกเงิน,แลกเงินอยู่ที่ไหน?,penukaran uang,Di mana penukaran uang?
duty-free,She bought perfume at duty-free.,면세점,그녀는 면세점에서 향수를 샀습니다.,免税店,免税店で香水を買いました。,免税店,她在免税店买了香水。,libre de impuestos,Ella compró perfume en la tienda libre de impuestos.,miễn thuế,Cô ấy mua nước hoa ở cửa hàng miễn thuế.,ปลอดภาษี,เธอซื้อน้ำหอมที่ร้านปลอดภาษี,bebas pajak,Dia membeli parfum di toko bebas pajak.
check-out,Check-out time is at noon.,체크아웃,체크아웃 시간은 정오입니다.,チェックアウト,チェックアウトは正午です。,退房,退房时间是中午。,salida,La hora de salida es al mediodía.,trả phòng,Giờ trả phòng là buổi trưa.,เช็คเอาต์,เวลาเช็คเอาต์คือเที่ยง,check-out,Waktu check-out adalah siang hari.
lobby,We will meet in the hotel lobby.,로비,호텔 로비에서 만납시다.,ロビー,ホテルのロビーで会いましょう。,大厅,我们在酒店大厅见面。,vestíbulo,Nos reuniremos en el vestíbulo del hotel.,sảnh,Chúng ta sẽ gặp nhau ở sảnh khách sạn.,ล็อบบี้,เราจะพบกันที่ล็อบบี้โรงแรม,lobi,Kita akan bertemu di lobi hotel.
housekeeping,Call housekeeping for extra towels.,객실 정비,수건이 더 필요하면 객실 정비에 전화하세요.,ハウスキーピング,タオルが追加で必要ならハウスキーピングに電話してください。,客房服务,打电话给客房服务要额外的毛巾。,servicio de limpieza,Llama al servicio de limpieza para toallas extra.,dọn phòng,Gọi dọn phòng để lấy thêm khăn tắm.,แม่บ้าน,โทรเรียกแม่บ้านเพื่อขอผ้าเช็ดตัวเพิ่ม,layanan kamar,Hubungi layanan kamar untuk handuk tambahan.
tour guide,The tour guide was very knowledgeable.,여행 가이드,여행 가이드가 매우 지식이 풍부했습니다.,ツアーガイド,ツアーガイドはとても知識が豊富でした。,导游,导游非常有知识。,guía turístico,El guía turístico era muy conocedor.,hướng dẫn viên,Hướng dẫn viên rất am hiểu.,ไกด์นำเที่ยว,ไกด์นำเที่ยวมีความรู้มาก,pemandu wisata,Pemandu wisata sangat berpengetahuan.
excursion,We booked an excursion to the waterfall.,소풍,우리는 폭포로의 소풍을 예약했습니다.,小旅行,滝への小旅行を予約しました。,远足,我们预订了去瀑布的远足。,excursión,Reservamos una excursión a la cascada.,chuyến đi,Chúng tôi đặt chuyến đi đến thác nước.,ทริป,เราจองทริปไปน้ำตก,wisata,Kami memesan wisata ke air terjun.
sunscreen,Don't forget to apply sunscreen.,자외선 차단제,자외선 차단제를 바르는 것을 잊지 마세요.,日焼け止め,日焼け止めを塗るのを忘れないでください。,防晒霜,别忘了涂防晒霜。,protector solar,No olvides aplicar protector solar.,kem chống nắng,Đừng quên bôi kem chống nắng.,ครีมกันแดด,อย่าลืมทาครีมกันแดด,tabir surya,Jangan lupa memakai tabir surya.
swimming pool,The hotel has a swimming pool.,수영장,호텔에 수영장이 있습니다.,プール,ホテルにはプールがあります。,游泳池,酒店有一个游泳池。,piscina,El hotel tiene una piscina.,hồ bơi,Khách sạn có hồ bơi.,สระว่ายน้ำ,โรงแรมมีสระว่ายน้ำ,kolam renang,Hotel ini memiliki kolam renang.
calligraphy,She is learning calligraphy.,서예,그녀는 서예를 배우고 있습니다.,書道,彼女は書道を学んでいます。,书法,她正在学书法。,caligrafía,Ella está aprendiendo caligrafía.,thư pháp,Cô ấy đang học thư pháp.,การเขียนพู่กัน,เธอกำลังเรียนการเขียนพู่กัน,kaligrafi,Dia sedang belajar kaligrafi.
scrapbook,She made a scrapbook of her vacation.,스크랩북,그녀는 휴가 스크랩북을 만들었습니다.,スクラップブック,彼女は休暇のスクラップブックを作りました。,剪贴簿,她做了一本度假剪贴簿。,álbum de recortes,Hizo un álbum de recortes de sus vacaciones.,sổ lưu niệm,Cô ấy làm sổ lưu niệm về kỳ nghỉ.,สมุดบันทึกภาพ,เธอทำสมุดบันทึกภาพของวันหยุดพักผ่อน,buku tempel,Dia membuat buku tempel tentang liburannya.
birdwatching,Birdwatching is popular in this area.,조류 관찰,이 지역에서는 조류 관찰이 인기 있습니다.,バードウォッチング,この地域ではバードウォッチングが人気です。,观鸟,观鸟在这个地区很受欢迎。,observación de aves,La observación de aves es popular en esta zona.,ngắm chim,Ngắm chim phổ biến ở khu vực này.,การดูนก,การดูนกเป็นที่นิยมในพื้นที่นี้,pengamatan burung,Pengamatan burung populer di daerah ini.
kite,The children are flying a kite.,연,아이들이 연을 날리고 있습니다.,凧,子供たちが凧を上げています。,风筝,孩子们在放风筝。,cometa,Los niños están volando una cometa.,diều,Bọn trẻ đang thả diều.,ว่าว,เด็กๆ กำลังเล่นว่าว,layang-layang,Anak-anak sedang menerbangkan layang-layang.
juggling,He learned juggling at the circus.,저글링,그는 서커스에서 저글링을 배웠습니다.,ジャグリング,彼はサーカスでジャグリングを学びました。,杂耍,他在马戏团学了杂耍。,malabares,Aprendió malabares en el circo.,tung hứng,Anh ấy học tung hứng ở rạp xiếc.,การโยนลูกบอล,เขาเรียนรู้การโยนลูกบอลที่ละครสัตว์,juggling,Dia belajar juggling di sirkus.
aquarium,We visited the aquarium on Saturday.,수족관,우리는 토요일에 수족관을 방문했습니다.,水族館,土曜日に水族館を訪れました。,水族馆,我们周六参观了水族馆。,acuario,Visitamos el acuario el sábado.,thủy cung,Chúng tôi đi thăm thủy cung vào thứ bảy.,พิพิธภัณฑ์สัตว์น้ำ,เราไปพิพิธภัณฑ์สัตว์น้ำวันเสาร์,akuarium,Kami mengunjungi akuarium pada hari Sabtu.
marathon,She ran her first marathon.,마라톤,그녀는 첫 마라톤을 뛰었습니다.,マラソン,彼女は初めてのマラソンを走りました。,马拉松,她跑了她的第一个马拉松。,maratón,Corrió su primer maratón.,marathon,Cô ấy chạy marathon đầu tiên.,มาราธอน,เธอวิ่งมาราธอนครั้งแรก,maraton,Dia berlari maraton pertamanya.
volunteer,He volunteers at the hospital.,자원봉사자,그는 병원에서 자원봉사를 합니다.,ボランティア,彼は病院でボランティアをしています。,志愿者,他在医院做志愿者。,voluntario,Él es voluntario en el hospital.,tình nguyện viên,Anh ấy tình nguyện ở bệnh viện.,อาสาสมัคร,เขาเป็นอาสาสมัครที่โรงพยาบาล,sukarelawan,Dia menjadi sukarelawan di rumah sakit.
retirement,She is looking forward to retirement.,은퇴,그녀는 은퇴를 기대하고 있습니다.,退職,彼女は退職を楽しみにしています。,退休,她期待着退休。,jubilación,Ella espera con ansias la jubilación.,nghỉ hưu,Cô ấy mong chờ được nghỉ hưu.,การเกษียณ,เธอตั้งตารอการเกษียณ,pensiun,Dia menantikan masa pensiun.
transfer student,A transfer student joined our class.,전학생,전학생이 우리 반에 왔습니다.,転校生,転校生がクラスに来ました。,转学生,一个转学生加入了我们班。,estudiante transferido,Un estudiante transferido se unió a nuestra clase.,học sinh chuyển trường,Một học sinh chuyển trường đến lớp chúng tôi.,นักเรียนย้ายมา,นักเรียนย้ายมาเข้าชั้นเรียนของเรา,siswa pindahan,Seorang siswa pindahan bergabung dengan kelas kami.
tutorial,I watched a tutorial on painting.,튜토리얼,그림 그리기 튜토리얼을 봤습니다.,チュートリアル,絵のチュートリアルを見ました。,教程,我看了一个绘画教程。,tutorial,Vi un tutorial sobre pintura.,hướng dẫn,Tôi đã xem một video hướng dẫn vẽ.,บทเรียน,ฉันดูบทเรียนเกี่ยวกับการวาดภาพ,tutorial,Saya menonton tutorial tentang melukis.
cafeteria,We eat lunch in the cafeteria.,구내식당,우리는 구내식당에서 점심을 먹습니다.,カフェテリア,カフェテリアで昼食を食べます。,食堂,我们在食堂吃午饭。,cafetería,Almorzamos en la cafetería.,nhà ăn,Chúng tôi ăn trưa ở nhà ăn.,โรงอาหาร,เรากินข้าวกลางวันในโรงอาหาร,kantin,Kami makan siang di kantin.
gymnasium,The ceremony was held in the gymnasium.,체육관,행사가 체육관에서 열렸습니다.,体育館,式典は体育館で行われました。,体育馆,仪式在体育馆举行。,gimnasio,La ceremonia se celebró en el gimnasio.,phòng thể chất,Buổi lễ được tổ chức tại phòng thể chất.,โรงยิม,พิธีจัดขึ้นในโรงยิม,gimnasium,Upacara diadakan di gimnasium.
dean,The dean welcomed the new students.,학장,학장이 신입생을 환영했습니다.,学部長,学部長が新入生を歓迎しました。,院长,院长欢迎了新生。,decano,El decano dio la bienvenida a los nuevos estudiantes.,khoa trưởng,Khoa trưởng chào đón sinh viên mới.,คณบดี,คณบดีต้อนรับนักศึกษาใหม่,dekan,Dekan menyambut mahasiswa baru.
orientation,Orientation is on the first day of school.,오리엔테이션,오리엔테이션은 개학 첫날입니다.,オリエンテーション,オリエンテーションは学校の初日です。,迎新,迎新活动在开学第一天。,orientación,La orientación es el primer día de clases.,định hướng,Ngày định hướng là ngày đầu tiên đến trường.,ปฐมนิเทศ,ปฐมนิเทศในวันแรกของการเปิดเทอม,orientasi,Orientasi pada hari pertama sekolah.
apprentice,He works as an apprentice at the bakery.,견습생,그는 빵집에서 견습생으로 일합니다.,見習い,彼はパン屋で見習いとして働いています。,学徒,他在面包店当学徒。,aprendiz,Trabaja como aprendiz en la panadería.,người học việc,Anh ấy làm người học việc ở tiệm bánh.,ลูกมือ,เขาทำงานเป็นลูกมือที่ร้านเบเกอรี่,magang,Dia bekerja sebagai magang di toko roti.
freelancer,She works as a freelancer from home.,프리랜서,그녀는 집에서 프리랜서로 일합니다.,フリーランサー,彼女は自宅でフリーランサーとして働いています。,自由职业者,她在家做自由职业者。,freelancer,Ella trabaja como freelancer desde casa.,freelancer,Cô ấy làm freelancer tại nhà.,ฟรีแลนซ์,เธอทำงานฟรีแลนซ์จากบ้าน,pekerja lepas,Dia bekerja sebagai pekerja lepas dari rumah.
payroll,The payroll is processed every month.,급여 명부,급여 명부는 매달 처리됩니다.,給与台帳,給与台帳は毎月処理されます。,工资单,工资单每月处理。,nómina,La nómina se procesa cada mes.,bảng lương,Bảng lương được xử lý hàng tháng.,บัญชีเงินเดือน,บัญชีเงินเดือนถูกประมวลผลทุกเดือน,penggajian,Penggajian diproses setiap bulan.
shift,She works the night shift.,교대,그녀는 야간 교대 근무를 합니다.,シフト,彼女は夜勤シフトで働いています。,轮班,她上夜班。,turno,Ella trabaja el turno de noche.,ca,Cô ấy làm ca đêm.,กะ,เธอทำงานกะกลางคืน,shift,Dia bekerja shift malam.
invoice,Please send the invoice by email.,청구서,청구서를 이메일로 보내 주세요.,請求書,請求書をメールで送ってください。,发票,请通过电子邮件发送发票。,factura,Por favor envía la factura por correo electrónico.,hóa đơn,Vui lòng gửi hóa đơn qua email.,ใบแจ้งหนี้,กรุณาส่งใบแจ้งหนี้ทางอีเมล,faktur,Tolong kirim faktur melalui email.
client,The client was very satisfied.,고객,고객이 매우 만족했습니다.,クライアント,クライアントはとても満足していました。,客户,客户非常满意。,cliente,El cliente estaba muy satisfecho.,khách hàng,Khách hàng rất hài lòng.,ลูกค้า,ลูกค้าพอใจมาก,klien,Klien sangat puas.
headquarters,The headquarters is in New York.,본사,본사는 뉴욕에 있습니다.,本社,本社はニューヨークにあります。,总部,总部在纽约。,sede central,La sede central está en Nueva York.,trụ sở chính,Trụ sở chính ở New York.,สำนักงานใหญ่,สำนักงานใหญ่อยู่ในนิวยอร์ก,kantor pusat,Kantor pusat berada di New York.
branch,Our company has a branch in London.,지점,우리 회사는 런던에 지점이 있습니다.,支店,当社はロンドンに支店があります。,分公司,我们公司在伦敦有一个分公司。,sucursal,Nuestra empresa tiene una sucursal en Londres.,chi nhánh,Công ty chúng tôi có chi nhánh ở London.,สาขา,บริษัทของเรามีสาขาในลอนดอน,cabang,Perusahaan kami memiliki cabang di London.
commuter train,The commuter train was delayed.,통근 열차,통근 열차가 지연되었습니다.,通勤電車,通勤電車が遅延しました。,通勤列车,通勤列车晚点了。,tren de cercanías,El tren de cercanías se retrasó.,tàu đi làm,Tàu đi làm bị trễ.,รถไฟสายผู้โดยสารประจำ,รถไฟสายผู้โดยสารประจำล่าช้า,kereta komuter,Kereta komuter terlambat.
subway,Take the subway to the city center.,지하철,지하철을 타고 도심으로 가세요.,地下鉄,地下鉄で都心に行ってください。,地铁,坐地铁去市中心。,metro,Toma el metro al centro de la ciudad.,tàu điện ngầm,Đi tàu điện ngầm đến trung tâm thành phố.,รถไฟใต้ดิน,ขึ้นรถไฟใต้ดินไปศูนย์กลางเมือง,kereta bawah tanah,Naik kereta bawah tanah ke pusat kota.
roundabout,Go straight past the roundabout.,원형 교차로,원형 교차로를 지나서 직진하세요.,ロータリー,ロータリーを過ぎてまっすぐ進んでください。,环形交叉路口,过环形交叉路口后直行。,rotonda,Sigue recto pasando la rotonda.,vòng xoay,Đi thẳng qua vòng xoay.,วงเวียน,ขับตรงผ่านวงเวียน,bundaran,Jalan lurus melewati bundaran.
parking lot,The parking lot is full.,주차장,주차장이 가득 찼습니다.,駐車場,駐車場は満車です。,停车场,停车场满了。,estacionamiento,El estacionamiento está lleno.,bãi đỗ xe,Bãi đỗ xe đã đầy.,ที่จอดรถ,ที่จอดรถเต็ม,tempat parkir,Tempat parkir sudah penuh.
pedestrian,Watch out for pedestrians.,보행자,보행자를 조심하세요.,歩行者,歩行者に注意してください。,行人,注意行人。,peatón,Cuidado con los peatones.,người đi bộ,Hãy cẩn thận với người đi bộ.,คนเดินเท้า,ระวังคนเดินเท้า,pejalan kaki,Hati-hati dengan pejalan kaki.
overpass,Cross the road using the overpass.,육교,육교를 이용하여 도로를 건너세요.,歩道橋,歩道橋を使って道を渡ってください。,天桥,走天桥过马路。,paso elevado,Cruza la calle usando el paso elevado.,cầu vượt,Qua đường bằng cầu vượt.,สะพานลอย,ข้ามถนนโดยใช้สะพานลอย,jembatan penyeberangan,Menyeberang jalan menggunakan jembatan penyeberangan.
underpass,The underpass connects both sides of the road.,지하도,지하도는 도로의 양쪽을 연결합니다.,地下道,地下道は道路の両側をつないでいます。,地下通道,地下通道连接道路两侧。,paso subterráneo,El paso subterráneo conecta ambos lados de la carretera.,hầm đi bộ,Hầm đi bộ nối hai bên đường.,ทางลอดใต้ถนน,ทางลอดใต้ถนนเชื่อมต่อทั้งสองฝั่งถนน,terowongan,Terowongan menghubungkan kedua sisi jalan.
kayak,We rented a kayak for the afternoon.,카약,우리는 오후에 카약을 빌렸습니다.,カヤック,午後にカヤックをレンタルしました。,皮划艇,我们租了一个皮划艇过下午。,kayak,Alquilamos un kayak para la tarde.,thuyền kayak,Chúng tôi thuê thuyền kayak buổi chiều.,เรือคายัค,เราเช่าเรือคายัคสำหรับช่วงบ่าย,kayak,Kami menyewa kayak untuk sore hari.
archery,She is good at archery.,양궁,그녀는 양궁을 잘 합니다.,アーチェリー,彼女はアーチェリーが上手です。,射箭,她擅长射箭。,tiro con arco,Ella es buena en tiro con arco.,bắn cung,Cô ấy giỏi bắn cung.,ยิงธนู,เธอยิงธนูเก่ง,panahan,Dia pandai memanah.
fencing,He joined the fencing club at school.,펜싱,그는 학교에서 펜싱 동아리에 가입했습니다.,フェンシング,彼は学校のフェンシングクラブに入りました。,击剑,他加入了学校的击剑俱乐部。,esgrima,Se unió al club de esgrima de la escuela.,đấu kiếm,Anh ấy tham gia câu lạc bộ đấu kiếm ở trường.,ฟันดาบ,เขาเข้าชมรมฟันดาบที่โรงเรียน,anggar,Dia bergabung dengan klub anggar di sekolah.
rock climbing,Rock climbing requires strong arms.,암벽 등반,암벽 등반은 강한 팔이 필요합니다.,ロッククライミング,ロッククライミングには強い腕が必要です。,攀岩,攀岩需要强壮的手臂。,escalada en roca,La escalada en roca requiere brazos fuertes.,leo núi đá,Leo núi đá cần cánh tay khỏe.,ปีนหน้าผา,ปีนหน้าผาต้องใช้แขนที่แข็งแรง,panjat tebing,Panjat tebing membutuhkan lengan yang kuat.
ceramics,She sells ceramics at the market.,도자기,그녀는 시장에서 도자기를 팝니다.,陶器,彼女は市場で陶器を売っています。,陶瓷,她在市场上卖陶瓷。,cerámica,Ella vende cerámica en el mercado.,đồ gốm,Cô ấy bán đồ gốm ở chợ.,เซรามิก,เธอขายเซรามิกที่ตลาด,keramik,Dia menjual keramik di pasar.
watercolor,He painted a watercolor of the sunset.,수채화,그는 일몰의 수채화를 그렸습니다.,水彩画,彼は夕日の水彩画を描きました。,水彩画,他画了一幅日落的水彩画。,acuarela,Pintó una acuarela del atardecer.,màu nước,Anh ấy vẽ tranh màu nước cảnh hoàng hôn.,สีน้ำ,เขาวาดภาพสีน้ำของพระอาทิตย์ตก,cat air,Dia melukis cat air pemandangan matahari terbenam.
scholarship exam,She studied hard for the scholarship exam.,장학 시험,그녀는 장학 시험을 위해 열심히 공부했습니다.,奨学金試験,奨学金試験のために一生懸命勉強しました。,奖学金考试,她为奖学金考试努力学习。,examen de beca,Estudió mucho para el examen de beca.,kỳ thi học bổng,Cô ấy học chăm cho kỳ thi học bổng.,สอบชิงทุน,เธอเรียนหนักเพื่อสอบชิงทุน,ujian beasiswa,Dia belajar keras untuk ujian beasiswa.
study group,We formed a study group for the exam.,스터디 그룹,우리는 시험을 위해 스터디 그룹을 만들었습니다.,勉強会,試験のために勉強会を作りました。,学习小组,我们组了一个学习小组准备考试。,grupo de estudio,Formamos un grupo de estudio para el examen.,nhóm học,Chúng tôi lập nhóm học cho kỳ thi.,กลุ่มติว,เราตั้งกลุ่มติวสำหรับการสอบ,kelompok belajar,Kami membentuk kelompok belajar untuk ujian.
reference letter,My professor wrote me a reference letter.,추천서,교수님이 추천서를 써 주셨습니다.,推薦状,教授が推薦状を書いてくれました。,推荐信,我的教授给我写了一封推荐信。,carta de referencia,Mi profesor me escribió una carta de referencia.,thư giới thiệu,Giáo sư viết cho tôi thư giới thiệu.,จดหมายแนะนำ,อาจารย์ของฉันเขียนจดหมายแนะนำให้,surat referensi,Profesor saya menulis surat referensi untuk saya.
business card,He gave me his business card.,명함,그는 저에게 명함을 주었습니다.,名刺,彼は名刺をくれました。,名片,他给了我他的名片。,tarjeta de presentación,Me dio su tarjeta de presentación.,danh thiếp,Anh ấy đưa cho tôi danh thiếp.,นามบัตร,เขาให้นามบัตรของเขาแก่ฉัน,kartu nama,Dia memberikan kartu namanya kepada saya.
trainee,The trainee learned quickly.,수습생,수습생이 빨리 배웠습니다.,研修生,研修生はすぐに学びました。,实习生,实习生学得很快。,aprendiz,El aprendiz aprendió rápidamente.,người tập sự,Người tập sự học rất nhanh.,ผู้ฝึกงาน,ผู้ฝึกงานเรียนรู้อย่างรวดเร็ว,peserta pelatihan,Peserta pelatihan belajar dengan cepat.
time off,She took a day off from work.,휴가,그녀는 하루 휴가를 냈습니다.,休み,彼女は仕事を一日休みました。,休假,她请了一天假。,día libre,Ella se tomó un día libre del trabajo.,ngày nghỉ,Cô ấy nghỉ làm một ngày.,วันหยุด,เธอลาหยุดจากงานหนึ่งวัน,cuti,Dia mengambil cuti satu hari.
graduation,Graduation is in May this year.,졸업,올해 졸업은 5월입니다.,卒業,今年の卒業は5月です。,毕业,今年毕业在五月。,graduación,La graduación es en mayo este año.,lễ tốt nghiệp,Lễ tốt nghiệp năm nay vào tháng năm.,พิธีสำเร็จการศึกษา,พิธีสำเร็จการศึกษาปีนี้ในเดือนพฤษภาคม,wisuda,Wisuda pada bulan Mei tahun ini.
extracurricular,She joined many extracurricular activities.,과외 활동,그녀는 많은 과외 활동에 참여했습니다.,課外,彼女は多くの課外活動に参加しました。,课外,她参加了很多课外活动。,extracurricular,Se unió a muchas actividades extracurriculares.,ngoại khóa,Cô ấy tham gia nhiều hoạt động ngoại khóa.,กิจกรรมนอกหลักสูตร,เธอเข้าร่วมกิจกรรมนอกหลักสูตรหลายอย่าง,ekstrakurikuler,Dia mengikuti banyak kegiatan ekstrakurikuler.
departure lounge,We waited in the departure lounge.,출발 라운지,우리는 출발 라운지에서 기다렸습니다.,出発ラウンジ,出発ラウンジで待ちました。,候机厅,我们在候机厅等候。,sala de embarque,Esperamos en la sala de embarque.,phòng chờ khởi hành,Chúng tôi chờ ở phòng chờ khởi hành.,ห้องรอขาออก,เรารอในห้องรอขาออก,ruang tunggu keberangkatan,Kami menunggu di ruang tunggu keberangkatan.
menu,Can I see the menu please?,메뉴,메뉴를 볼 수 있을까요?,メニュー,メニューを見せてください。,菜单,请给我看一下菜单。,menú,¿Puedo ver el menú por favor?,thực đơn,Cho tôi xem thực đơn được không?,เมนู,ขอดูเมนูหน่อยได้ไหมคะ,menu,Boleh saya lihat menunya?
appetizer,We ordered an appetizer to share.,전채,우리는 나눠 먹을 전채를 주문했어요.,前菜,前菜をシェアするために注文しました。,前菜,我们点了一道前菜一起吃。,aperitivo,Pedimos un aperitivo para compartir.,món khai vị,Chúng tôi gọi một món khai vị để chia nhau.,อาหารเรียกน้ำย่อย,เราสั่งอาหารเรียกน้ำย่อยมาแบ่งกัน,makanan pembuka,Kami memesan makanan pembuka untuk berbagi.
main course,The main course was delicious.,메인 요리,메인 요리가 맛있었어요.,メインコース,メインコースはおいしかったです。,主菜,主菜很好吃。,plato principal,El plato principal estaba delicioso.,món chính,Món chính rất ngon.,อาหารจานหลัก,อาหารจานหลักอร่อยมาก,hidangan utama,Hidangan utamanya lezat.
dessert,Would you like some dessert?,디저트,디저트 드시겠어요?,デザート,デザートはいかがですか？,甜点,你想来点甜点吗？,postre,¿Le gustaría un postre?,món tráng miệng,Bạn có muốn dùng món tráng miệng không?,ของหวาน,คุณอยากทานของหวานไหมคะ,makanan penutup,Apakah Anda ingin makanan penutup?
waiter,The waiter brought our drinks.,웨이터,웨이터가 음료를 가져왔어요.,ウェイター,ウェイターが飲み物を持ってきました。,服务员,服务员端来了我们的饮料。,camarero,El camarero trajo nuestras bebidas.,phục vụ,Người phục vụ mang đồ uống cho chúng tôi.,พนักงานเสิร์ฟ,พนักงานเสิร์ฟนำเครื่องดื่มมาให้เรา,pelayan,Pelayan membawakan minuman kami.
bill,Can I have the bill please?,계산서,계산서 주세요.,会計,お会計をお願いします。,账单,请给我账单。,cuenta,¿Me trae la cuenta por favor?,hóa đơn,Cho tôi xin hóa đơn.,บิล,ขอบิลหน่อยค่ะ,bon,Boleh minta bonnya?
tip,We left a generous tip.,팁,우리는 팁을 넉넉히 남겼어요.,チップ,私たちは気前よくチップを残しました。,小费,我们留了很多小费。,propina,Dejamos una propina generosa.,tiền boa,Chúng tôi để lại tiền boa hậu hĩnh.,ทิป,เราทิ้งทิปไว้อย่างใจกว้าง,tip,Kami meninggalkan tip yang besar.
food court,The food court has many restaurants.,푸드코트,푸드코트에 식당이 많아요.,フードコート,フードコートにはたくさんのレストランがあります。,美食广场,美食广场有很多餐厅。,zona de comidas,La zona de comidas tiene muchos restaurantes.,khu ẩm thực,Khu ẩm thực có nhiều nhà hàng.,ศูนย์อาหาร,ศูนย์อาหารมีร้านอาหารมากมาย,food court,Food court memiliki banyak restoran.
chef,The chef prepared a special dish.,셰프,셰프가 특별한 요리를 준비했어요.,シェフ,シェフが特別な料理を用意しました。,厨师,厨师准备了一道特别的菜。,chef,El chef preparó un plato especial.,đầu bếp,Đầu bếp đã chuẩn bị một món đặc biệt.,เชฟ,เชฟเตรียมอาหารพิเศษ,koki,Koki menyiapkan hidangan spesial.
napkin,Please pass me a napkin.,냅킨,냅킨 좀 건네주세요.,ナプキン,ナプキンをください。,餐巾,请递给我一张餐巾。,servilleta,Pásame una servilleta por favor.,khăn ăn,Làm ơn đưa cho tôi khăn ăn.,ผ้าเช็ดปาก,ช่วยส่งผ้าเช็ดปากให้หน่อย,serbet,Tolong berikan saya serbet.
cutlery,The cutlery is on the table.,수저,수저가 테이블 위에 있어요.,カトラリー,カトラリーはテーブルの上にあります。,餐具,餐具在桌子上。,cubiertos,Los cubiertos están en la mesa.,dao dĩa,Dao dĩa ở trên bàn.,ช้อนส้อม,ช้อนส้อมอยู่บนโต๊ะ,alat makan,Alat makan ada di atas meja.
portion,The portion was very large.,양,양이 아주 많았어요.,量,量がとても多かったです。,分量,分量很大。,porción,La porción era muy grande.,phần ăn,Phần ăn rất lớn.,ปริมาณอาหาร,ปริมาณอาหารเยอะมาก,porsi,Porsinya sangat besar.
takeout,Let's order takeout tonight.,포장,오늘 밤 포장 주문하자.,テイクアウト,今夜はテイクアウトにしましょう。,外卖,今晚我们点外卖吧。,comida para llevar,Pidamos comida para llevar esta noche.,đồ mang về,Tối nay gọi đồ mang về nhé.,อาหารกลับบ้าน,สั่งอาหารกลับบ้านคืนนี้กันเถอะ,makanan bawa pulang,Ayo pesan makanan bawa pulang malam ini.
vegetarian,Do you have vegetarian options?,채식,채식 메뉴가 있나요?,ベジタリアン,ベジタリアンメニューはありますか？,素食,有素食选项吗？,vegetariano,¿Tienen opciones vegetarianas?,chay,Có món chay không?,มังสวิรัติ,มีเมนูมังสวิรัติไหมคะ,vegetarian,Apakah ada pilihan vegetarian?
spicy,This dish is very spicy.,매운,이 요리는 매우 매워요.,辛い,この料理はとても辛いです。,辣,这道菜很辣。,picante,Este plato es muy picante.,cay,Món này rất cay.,เผ็ด,อาหารจานนี้เผ็ดมาก,pedas,Hidangan ini sangat pedas.
receipt,Can I get a receipt?,영수증,영수증 주시겠어요?,レシート,レシートをもらえますか？,收据,可以给我收据吗？,recibo,¿Me da un recibo?,biên lai,Cho tôi xin biên lai.,ใบเสร็จ,ขอใบเสร็จได้ไหมคะ,struk,Boleh minta struknya?
side dish,I ordered a side dish of salad.,반찬,샐러드를 반찬으로 주문했어요.,サイドディッシュ,サラダのサイドディッシュを注文しました。,配菜,我点了一份沙拉作为配菜。,acompañamiento,Pedí una ensalada como acompañamiento.,món phụ,Tôi gọi thêm một món phụ là salad.,อาหารเคียง,ฉันสั่งสลัดเป็นอาหารเคียง,lauk,Saya memesan salad sebagai lauk.
straw,Can I have a straw please?,빨대,빨대 하나 주세요.,ストロー,ストローをください。,吸管,请给我一根吸管。,pajita,¿Me da una pajita por favor?,ống hút,Cho tôi xin một ống hút.,หลอด,ขอหลอดหน่อยค่ะ,sedotan,Boleh minta sedotannya?
buffet,The hotel has a breakfast buffet.,뷔페,호텔에 아침 뷔페가 있어요.,ビュッフェ,ホテルには朝食ビュッフェがあります。,自助餐,酒店有早餐自助餐。,bufé,El hotel tiene un bufé de desayuno.,tiệc tự chọn,Khách sạn có tiệc tự chọn buổi sáng.,บุฟเฟ่ต์,โรงแรมมีบุฟเฟ่ต์อาหารเช้า,prasmanan,Hotel ini memiliki prasmanan sarapan.
high chair,Do you have a high chair for babies?,유아용 의자,유아용 의자가 있나요?,ハイチェア,ベビー用のハイチェアはありますか？,儿童椅,有儿童椅吗？,trona,¿Tienen una trona para bebés?,ghế cao cho bé,Có ghế cao cho bé không?,เก้าอี้สูงสำหรับเด็ก,มีเก้าอี้สูงสำหรับเด็กไหมคะ,kursi tinggi bayi,Apakah ada kursi tinggi untuk bayi?
room service,We ordered room service for dinner.,룸서비스,저녁으로 룸서비스를 주문했어요.,ルームサービス,夕食にルームサービスを注文しました。,客房服务,我们点了客房服务当晚餐。,servicio de habitación,Pedimos servicio de habitación para la cena.,dịch vụ phòng,Chúng tôi gọi dịch vụ phòng cho bữa tối.,บริการห้องพัก,เราสั่งรูมเซอร์วิสสำหรับมื้อเย็น,layanan kamar,Kami memesan layanan kamar untuk makan malam.
front desk,Please contact the front desk.,프런트 데스크,프런트 데스크에 연락하세요.,フロントデスク,フロントデスクに連絡してください。,前台,请联系前台。,recepción,Por favor contacte con recepción.,lễ tân,Vui lòng liên hệ lễ tân.,แผนกต้อนรับ,กรุณาติดต่อแผนกต้อนรับ,resepsionis,Silakan hubungi resepsionis.
concierge,The concierge recommended a restaurant.,컨시어지,컨시어지가 레스토랑을 추천했어요.,コンシェルジュ,コンシェルジュがレストランを推薦しました。,礼宾部,礼宾部推荐了一家餐厅。,conserje,El conserje recomendó un restaurante.,nhân viên hướng dẫn,Nhân viên hướng dẫn giới thiệu một nhà hàng.,พนักงานต้อนรับ,พนักงานต้อนรับแนะนำร้านอาหาร,petugas informasi,Petugas informasi merekomendasikan restoran.
wake-up call,I requested a wake-up call at 7 AM.,모닝콜,아침 7시에 모닝콜을 요청했어요.,モーニングコール,午前7時にモーニングコールを頼みました。,叫醒服务,我要求早上7点叫醒服务。,llamada de despertador,Solicité una llamada de despertador a las 7 AM.,cuộc gọi đánh thức,Tôi yêu cầu gọi đánh thức lúc 7 giờ sáng.,บริการปลุก,ฉันขอบริการปลุกตอนตี 7,panggilan bangun,Saya meminta panggilan bangun pukul 7 pagi.
valet parking,The hotel offers valet parking.,발렛 파킹,호텔에서 발렛 파킹을 제공해요.,バレーパーキング,ホテルはバレーパーキングを提供しています。,代客泊车,酒店提供代客泊车服务。,aparcacoches,El hotel ofrece servicio de aparcacoches.,dịch vụ đỗ xe,Khách sạn có dịch vụ đỗ xe.,บริการรับจอดรถ,โรงแรมมีบริการรับจอดรถ,layanan parkir valet,Hotel ini menawarkan layanan parkir valet.
bellhop,The bellhop carried our bags to the room.,벨보이,벨보이가 가방을 방까지 날라줬어요.,ベルボーイ,ベルボーイが荷物を部屋まで運びました。,行李员,行李员把我们的行李搬到房间。,botones,El botones llevó nuestras maletas a la habitación.,nhân viên khuân hành lý,Nhân viên khuân hành lý mang túi lên phòng.,พนักงานยกกระเป๋า,พนักงานยกกระเป๋าขนกระเป๋าไปที่ห้อง,pelayan hotel,Pelayan hotel membawa tas kami ke kamar.
laundry service,The hotel provides laundry service.,세탁 서비스,호텔에서 세탁 서비스를 제공해요.,ランドリーサービス,ホテルはランドリーサービスを提供しています。,洗衣服务,酒店提供洗衣服务。,servicio de lavandería,El hotel ofrece servicio de lavandería.,dịch vụ giặt là,Khách sạn cung cấp dịch vụ giặt là.,บริการซักรีด,โรงแรมมีบริการซักรีด,layanan laundri,Hotel ini menyediakan layanan laundri.
minibar,The minibar has snacks and drinks.,미니바,미니바에 간식과 음료가 있어요.,ミニバー,ミニバーにはスナックと飲み物があります。,迷你吧,迷你吧里有零食和饮料。,minibar,El minibar tiene aperitivos y bebidas.,tủ lạnh nhỏ,Tủ lạnh nhỏ có đồ ăn nhẹ và đồ uống.,มินิบาร์,มินิบาร์มีขนมและเครื่องดื่ม,minibar,Minibar memiliki makanan ringan dan minuman.
suite,We booked a suite with a view.,스위트룸,전망 좋은 스위트룸을 예약했어요.,スイートルーム,眺めの良いスイートルームを予約しました。,套房,我们预订了一间有景观的套房。,suite,Reservamos una suite con vista.,phòng suite,Chúng tôi đặt phòng suite có view đẹp.,ห้องสวีท,เราจองห้องสวีทที่มีวิว,suite,Kami memesan suite dengan pemandangan.
amenities,The room has many amenities.,편의시설,방에 편의시설이 많아요.,アメニティ,部屋にはたくさんのアメニティがあります。,设施,房间有很多设施。,comodidades,La habitación tiene muchas comodidades.,tiện nghi,Phòng có nhiều tiện nghi.,สิ่งอำนวยความสะดวก,ห้องพักมีสิ่งอำนวยความสะดวกมากมาย,fasilitas,Kamar ini memiliki banyak fasilitas.
key card,My key card stopped working.,카드키,카드키가 작동을 멈췄어요.,カードキー,カードキーが動かなくなりました。,房卡,我的房卡不能用了。,tarjeta llave,Mi tarjeta llave dejó de funcionar.,thẻ phòng,Thẻ phòng của tôi không hoạt động.,คีย์การ์ด,คีย์การ์ดของฉันใช้ไม่ได้แล้ว,kartu kunci,Kartu kunci saya tidak berfungsi.
complimentary,Breakfast is complimentary for guests.,무료의,투숙객에게 조식이 무료예요.,無料の,宿泊客には朝食が無料です。,免费的,住客可免费享用早餐。,gratuito,El desayuno es gratuito para los huéspedes.,miễn phí,Bữa sáng miễn phí cho khách.,ฟรี,อาหารเช้าฟรีสำหรับแขก,gratis,Sarapan gratis untuk tamu.
spa,The hotel has a relaxing spa.,스파,호텔에 편안한 스파가 있어요.,スパ,ホテルにはリラックスできるスパがあります。,水疗,酒店有一个放松的水疗中心。,spa,El hotel tiene un spa relajante.,spa,Khách sạn có spa thư giãn.,สปา,โรงแรมมีสปาผ่อนคลาย,spa,Hotel ini memiliki spa yang menenangkan.
shuttle,There is a free shuttle to the airport.,셔틀,공항까지 무료 셔틀이 있어요.,シャトル,空港への無料シャトルがあります。,班车,有免费的机场班车。,transporte,Hay un transporte gratuito al aeropuerto.,xe đưa đón,Có xe đưa đón miễn phí ra sân bay.,รถรับส่ง,มีรถรับส่งฟรีไปสนามบิน,antar-jemput,Ada antar-jemput gratis ke bandara.
do not disturb,I put the do not disturb sign on the door.,방해 금지,문에 방해 금지 표시를 걸었어요.,起こさないでください,ドアに起こさないでくださいの札をかけました。,请勿打扰,我把请勿打扰的牌子挂在门上了。,no molestar,Puse el cartel de no molestar en la puerta.,không làm phiền,Tôi treo biển không làm phiền ở cửa.,ห้ามรบกวน,ฉันแขวนป้ายห้ามรบกวนที่ประตู,jangan ganggu,Saya memasang tanda jangan ganggu di pintu.
extra bed,Can we get an extra bed?,추가 침대,추가 침대를 받을 수 있나요?,エキストラベッド,エキストラベッドをもらえますか？,加床,可以加一张床吗？,cama extra,¿Podemos conseguir una cama extra?,giường phụ,Chúng tôi có thể thêm giường phụ không?,เตียงเสริม,ขอเตียงเสริมได้ไหมคะ,tempat tidur tambahan,Bisakah kami mendapatkan tempat tidur tambahan?
safe,I put my passport in the safe.,금고,여권을 금고에 넣었어요.,金庫,パスポートを金庫に入れました。,保险箱,我把护照放在保险箱里了。,caja fuerte,Puse mi pasaporte en la caja fuerte.,két sắt,Tôi để hộ chiếu trong két sắt.,ตู้เซฟ,ฉันเก็บพาสปอร์ตไว้ในตู้เซฟ,brankas,Saya menaruh paspor di brankas.
towel,We need more towels please.,수건,수건을 더 주세요.,タオル,タオルをもう少しください。,毛巾,请多给我们几条毛巾。,toalla,Necesitamos más toallas por favor.,khăn tắm,Chúng tôi cần thêm khăn tắm.,ผ้าเช็ดตัว,ขอผ้าเช็ดตัวเพิ่มหน่อยค่ะ,handuk,Kami butuh handuk lagi.
pillow,Can I have an extra pillow?,베개,베개 하나 더 주세요.,枕,枕をもう一つもらえますか？,枕头,可以多给我一个枕头吗？,almohada,¿Me puede dar una almohada extra?,gối,Cho tôi thêm một cái gối.,หมอน,ขอหมอนเพิ่มอีกใบได้ไหมคะ,bantal,Boleh minta bantal tambahan?
boarding,Boarding will begin in ten minutes.,탑승,10분 후에 탑승이 시작됩니다.,搭乗,搭乗は10分後に始まります。,登机,登机将在十分钟后开始。,embarque,El embarque comenzará en diez minutos.,lên máy bay,Lên máy bay sẽ bắt đầu trong mười phút.,การขึ้นเครื่อง,การขึ้นเครื่องจะเริ่มในอีกสิบนาที,boarding,Boarding akan dimulai dalam sepuluh menit.
final call,This is the final call for flight 302.,최종 안내,302편 최종 탑승 안내입니다.,最終案内,302便の最終案内です。,最后登机通知,这是302航班的最后登机通知。,última llamada,Esta es la última llamada para el vuelo 302.,thông báo cuối,Đây là thông báo cuối cho chuyến bay 302.,ประกาศครั้งสุดท้าย,นี่คือประกาศครั้งสุดท้ายสำหรับเที่ยวบิน 302,panggilan terakhir,Ini adalah panggilan terakhir untuk penerbangan 302.
connecting flight,I have a connecting flight to Tokyo.,연결 항공편,도쿄행 연결 항공편이 있어요.,乗り継ぎ便,東京への乗り継ぎ便があります。,转机航班,我有一班转机到东京的航班。,vuelo de conexión,Tengo un vuelo de conexión a Tokio.,chuyến bay nối,Tôi có chuyến bay nối đến Tokyo.,เที่ยวบินต่อเครื่อง,ฉันมีเที่ยวบินต่อเครื่องไปโตเกียว,penerbangan lanjutan,Saya memiliki penerbangan lanjutan ke Tokyo.
overhead bin,Please store bags in the overhead bin.,머리 위 선반,가방을 머리 위 선반에 넣어 주세요.,頭上の棚,荷物を頭上の棚に入れてください。,行李架,请把包放在行李架里。,compartimento superior,Guarde las maletas en el compartimento superior.,ngăn hành lý trên cao,Vui lòng để túi vào ngăn hành lý trên cao.,ช่องเก็บของเหนือศีรษะ,กรุณาเก็บกระเป๋าในช่องเก็บของเหนือศีรษะ,bagasi atas,Silakan simpan tas di bagasi atas.
emergency exit,The emergency exit is at the rear.,비상구,비상구는 뒤쪽에 있습니다.,非常口,非常口は後方にあります。,紧急出口,紧急出口在后面。,salida de emergencia,La salida de emergencia está en la parte trasera.,lối thoát hiểm,Lối thoát hiểm ở phía sau.,ทางออกฉุกเฉิน,ทางออกฉุกเฉินอยู่ด้านหลัง,pintu darurat,Pintu darurat ada di bagian belakang.
baggage claim,Go to baggage claim on level one.,수하물 수취,1층의 수하물 수취대로 가세요.,手荷物受取所,1階の手荷物受取所に行ってください。,行李提取处,请到一层行李提取处。,recogida de equipaje,Vaya a la recogida de equipaje en el nivel uno.,băng chuyền hành lý,Đi đến băng chuyền hành lý ở tầng một.,จุดรับกระเป๋า,ไปที่จุดรับกระเป๋าที่ชั้น 1,pengambilan bagasi,Pergi ke pengambilan bagasi di lantai satu.
security check,Please proceed to the security check.,보안 검색,보안 검색대로 이동해 주세요.,保安検査,保安検査にお進みください。,安检,请前往安检。,control de seguridad,Pase al control de seguridad por favor.,kiểm tra an ninh,Vui lòng đi đến khu kiểm tra an ninh.,จุดตรวจความปลอดภัย,กรุณาเดินไปที่จุดตรวจความปลอดภัย,pemeriksaan keamanan,Silakan lanjut ke pemeriksaan keamanan.
gate change,There is a gate change for flight 101.,게이트 변경,101편의 게이트가 변경되었습니다.,ゲート変更,101便のゲートが変更になりました。,登机口变更,101航班登机口变更了。,cambio de puerta,Hay un cambio de puerta para el vuelo 101.,thay đổi cổng,Có thay đổi cổng cho chuyến bay 101.,เปลี่ยนประตูขึ้นเครื่อง,มีการเปลี่ยนประตูขึ้นเครื่องสำหรับเที่ยวบิน 101,perubahan gerbang,Ada perubahan gerbang untuk penerbangan 101.
announcement,Listen to the announcement carefully.,안내 방송,안내 방송을 주의 깊게 들으세요.,アナウンス,アナウンスを注意深く聞いてください。,广播,请仔细听广播。,anuncio,Escuche el anuncio con atención.,thông báo,Hãy lắng nghe thông báo cẩn thận.,ประกาศ,ฟังประกาศอย่างตั้งใจ,pengumuman,Dengarkan pengumuman dengan seksama.
estimated time,The estimated time of arrival is 5 PM.,예상 시간,예상 도착 시간은 오후 5시입니다.,到着予定時刻,到着予定時刻は午後5時です。,预计时间,预计到达时间是下午5点。,hora estimada,La hora estimada de llegada es a las 5 PM.,thời gian dự kiến,Thời gian dự kiến đến là 5 giờ chiều.,เวลาโดยประมาณ,เวลาถึงโดยประมาณคือ 5 โมงเย็น,perkiraan waktu,Perkiraan waktu tiba adalah pukul 5 sore.
flight attendant,The flight attendant offered us water.,승무원,승무원이 물을 제공했어요.,客室乗務員,客室乗務員が水を提供してくれました。,空乘人员,空乘人员给我们提供了水。,auxiliar de vuelo,La auxiliar de vuelo nos ofreció agua.,tiếp viên hàng không,Tiếp viên hàng không mời chúng tôi nước.,แอร์โฮสเตส,แอร์โฮสเตสเสนอน้ำให้เรา,pramugari,Pramugari menawarkan kami air.
tray table,Please fold up your tray table.,트레이 테이블,트레이 테이블을 접어 주세요.,テーブル,テーブルを畳んでください。,小桌板,请收起您的小桌板。,mesa plegable,Pliegue su mesa plegable por favor.,bàn gấp,Vui lòng gấp bàn gấp lên.,โต๊ะวางถาด,กรุณาพับโต๊ะวางถาดขึ้น,meja lipat,Silakan lipat meja lipat Anda.
aisle seat,I prefer an aisle seat.,통로 좌석,통로 좌석을 선호해요.,通路側の席,通路側の席が好きです。,靠走道的座位,我喜欢靠走道的座位。,asiento de pasillo,Prefiero un asiento de pasillo.,ghế lối đi,Tôi thích ghế lối đi.,ที่นั่งริมทางเดิน,ฉันชอบที่นั่งริมทางเดิน,kursi lorong,Saya lebih suka kursi lorong.
life vest,Put on your life vest before takeoff.,구명조끼,이륙 전에 구명조끼를 착용하세요.,救命胴衣,離陸前に救命胴衣を着用してください。,救生衣,起飞前穿上救生衣。,chaleco salvavidas,Póngase el chaleco salvavidas antes del despegue.,áo phao,Mặc áo phao trước khi cất cánh.,เสื้อชูชีพ,สวมเสื้อชูชีพก่อนเครื่องขึ้น,rompi pelampung,Kenakan rompi pelampung sebelum lepas landas.
customs declaration,Fill out the customs declaration form.,세관 신고서,세관 신고서를 작성하세요.,税関申告書,税関申告書に記入してください。,海关申报单,请填写海关申报单。,declaración de aduanas,Rellene el formulario de declaración de aduanas.,tờ khai hải quan,Hãy điền tờ khai hải quan.,แบบฟอร์มศุลกากร,กรอกแบบฟอร์มศุลกากร,formulir bea cukai,Isi formulir bea cukai.
immigration,Go through immigration after landing.,입국 심사,착륙 후 입국 심사를 통과하세요.,入国審査,着陸後に入国審査を通ってください。,入境检查,着陆后通过入境检查。,inmigración,Pase por inmigración después de aterrizar.,nhập cảnh,Đi qua cửa nhập cảnh sau khi hạ cánh.,ตรวจคนเข้าเมือง,ผ่านตรวจคนเข้าเมืองหลังลงจอด,imigrasi,Lewati imigrasi setelah mendarat.
carry-on luggage,Keep your carry-on luggage under the seat.,기내 수하물,기내 수하물을 좌석 아래에 보관하세요.,機内持ち込み手荷物,機内持ち込み手荷物を座席の下に置いてください。,随身行李,请把随身行李放在座位下面。,equipaje de mano,Guarde su equipaje de mano bajo el asiento.,hành lý xách tay,Để hành lý xách tay dưới ghế.,กระเป๋าถือขึ้นเครื่อง,เก็บกระเป๋าถือขึ้นเครื่องไว้ใต้เบาะนั่ง,bagasi kabin,Simpan bagasi kabin di bawah kursi.
bus stop,The bus stop is across the street.,버스 정류장,버스 정류장은 길 건너편에 있어요.,バス停,バス停は通りの向かいにあります。,公交站,公交站在街对面。,parada de autobús,La parada de autobús está al otro lado de la calle.,trạm xe buýt,Trạm xe buýt ở bên kia đường.,ป้ายรถเมล์,ป้ายรถเมล์อยู่ฝั่งตรงข้ามถนน,halte bus,Halte bus ada di seberang jalan.
ticket machine,Buy your ticket from the ticket machine.,발권기,발권기에서 표를 구매하세요.,券売機,券売機でチケットを購入してください。,售票机,从售票机买票。,máquina de billetes,Compre su billete en la máquina de billetes.,máy bán vé,Mua vé từ máy bán vé.,ตู้ขายตั๋ว,ซื้อตั๋วจากตู้ขายตั๋ว,mesin tiket,Beli tiket Anda dari mesin tiket.
transit card,You can use a transit card to pay.,교통 카드,교통 카드로 결제할 수 있어요.,交通カード,交通カードで支払えます。,交通卡,你可以用交通卡付款。,tarjeta de transporte,Puede usar una tarjeta de transporte para pagar.,thẻ giao thông,Bạn có thể dùng thẻ giao thông để trả tiền.,บัตรโดยสาร,คุณสามารถใช้บัตรโดยสารจ่ายเงินได้,kartu transit,Anda bisa menggunakan kartu transit untuk membayar.
metro,Take the metro to the city center.,지하철,지하철을 타고 시내로 가세요.,地下鉄,地下鉄で市内中心部に行ってください。,地铁,坐地铁去市中心。,metro,Tome el metro hasta el centro de la ciudad.,tàu điện ngầm,Đi tàu điện ngầm đến trung tâm thành phố.,รถไฟใต้ดิน,นั่งรถไฟใต้ดินไปใจกลางเมือง,kereta bawah tanah,Naik kereta bawah tanah ke pusat kota.
tram,The tram runs every 15 minutes.,트램,트램은 15분마다 운행해요.,路面電車,路面電車は15分ごとに運行しています。,有轨电车,有轨电车每15分钟一趟。,tranvía,El tranvía pasa cada 15 minutos.,xe điện,Xe điện chạy mỗi 15 phút.,รถราง,รถรางวิ่งทุก 15 นาที,trem,Trem beroperasi setiap 15 menit.
transfer ticket,Get a transfer ticket at the counter.,환승권,카운터에서 환승권을 받으세요.,乗り換え切符,カウンターで乗り換え切符をもらってください。,换乘票,在柜台领取换乘票。,billete de transbordo,Obtenga un billete de transbordo en el mostrador.,vé chuyển tuyến,Lấy vé chuyển tuyến ở quầy.,ตั๋วเปลี่ยนสาย,รับตั๋วเปลี่ยนสายที่เคาน์เตอร์,tiket transfer,Ambil tiket transfer di loket.
route map,Check the route map on the wall.,노선도,벽에 있는 노선도를 확인하세요.,路線図,壁の路線図を確認してください。,线路图,查看墙上的线路图。,mapa de rutas,Revise el mapa de rutas en la pared.,bản đồ tuyến,Xem bản đồ tuyến trên tường.,แผนที่เส้นทาง,ดูแผนที่เส้นทางบนผนัง,peta rute,Periksa peta rute di dinding.
next stop,The next stop is Central Station.,다음 정류장,다음 정류장은 중앙역입니다.,次の停車駅,次の停車駅は中央駅です。,下一站,下一站是中央车站。,próxima parada,La próxima parada es Estación Central.,trạm tiếp theo,Trạm tiếp theo là ga Trung tâm.,ป้ายถัดไป,ป้ายถัดไปคือสถานีกลาง,halte berikutnya,Halte berikutnya adalah Stasiun Sentral.
express train,The express train is faster.,급행 열차,급행 열차가 더 빨라요.,急行電車,急行電車の方が速いです。,快车,快车更快。,tren expreso,El tren expreso es más rápido.,tàu nhanh,Tàu nhanh nhanh hơn.,รถไฟด่วน,รถไฟด่วนเร็วกว่า,kereta ekspres,Kereta ekspres lebih cepat.
local train,The local train stops at every station.,완행 열차,완행 열차는 모든 역에 정차해요.,各駅停車,各駅停車は全ての駅に停まります。,慢车,慢车每站都停。,tren local,El tren local para en todas las estaciones.,tàu chợ,Tàu chợ dừng ở mọi ga.,รถไฟท้องถิ่น,รถไฟท้องถิ่นหยุดทุกสถานี,kereta lokal,Kereta lokal berhenti di setiap stasiun.
peak hours,Trains are crowded during peak hours.,출퇴근 시간,출퇴근 시간에 기차가 붐벼요.,ラッシュアワー,ラッシュアワーは電車が混んでいます。,高峰时段,高峰时段火车很拥挤。,horas punta,Los trenes están llenos en horas punta.,giờ cao điểm,Tàu đông vào giờ cao điểm.,ชั่วโมงเร่งด่วน,รถไฟแน่นในชั่วโมงเร่งด่วน,jam sibuk,Kereta padat saat jam sibuk.
taxi stand,The taxi stand is near the exit.,택시 승강장,택시 승강장은 출구 근처에 있어요.,タクシー乗り場,タクシー乗り場は出口の近くにあります。,出租车站,出租车站在出口附近。,parada de taxis,La parada de taxis está cerca de la salida.,bến taxi,Bến taxi gần lối ra.,จุดจอดแท็กซี่,จุดจอดแท็กซี่อยู่ใกล้ทางออก,pangkalan taksi,Pangkalan taksi ada di dekat pintu keluar.
monthly pass,A monthly pass saves money.,정기권,정기권을 사면 돈을 아낄 수 있어요.,定期券,定期券を使えばお金を節約できます。,月票,月票可以省钱。,abono mensual,Un abono mensual ahorra dinero.,vé tháng,Vé tháng giúp tiết kiệm tiền.,บัตรเดือน,บัตรเดือนช่วยประหยัดเงิน,pass bulanan,Pass bulanan menghemat uang.
priority seat,Please give priority seats to the elderly.,우선석,어르신께 우선석을 양보해 주세요.,優先席,お年寄りに優先席を譲ってください。,优先座位,请把优先座位让给老人。,asiento prioritario,Ceda el asiento prioritario a los mayores.,ghế ưu tiên,Hãy nhường ghế ưu tiên cho người cao tuổi.,ที่นั่งสำรอง,กรุณาให้ที่นั่งสำรองแก่ผู้สูงอายุ,kursi prioritas,Silakan berikan kursi prioritas kepada lansia.
map,I need a map of the city.,지도,도시 지도가 필요해요.,地図,街の地図が必要です。,地图,我需要一张城市地图。,mapa,Necesito un mapa de la ciudad.,bản đồ,Tôi cần một bản đồ thành phố.,แผนที่,ฉันต้องการแผนที่ของเมือง,peta,Saya butuh peta kota.
north,The museum is to the north.,북쪽,박물관은 북쪽에 있어요.,北,博物館は北にあります。,北,博物馆在北边。,norte,El museo está al norte.,phía bắc,Bảo tàng ở phía bắc.,ทิศเหนือ,พิพิธภัณฑ์อยู่ทางทิศเหนือ,utara,Museum ada di sebelah utara.
south,Drive south for 10 minutes.,남쪽,남쪽으로 10분간 운전하세요.,南,南に10分運転してください。,南,往南开10分钟。,sur,Conduzca hacia el sur durante 10 minutos.,phía nam,Lái xe về phía nam 10 phút.,ทิศใต้,ขับไปทางใต้ 10 นาที,selatan,Berkendara ke selatan selama 10 menit.
east,The sun rises in the east.,동쪽,해는 동쪽에서 떠요.,東,太陽は東から昇ります。,东,太阳从东边升起。,este,El sol sale por el este.,phía đông,Mặt trời mọc ở phía đông.,ทิศตะวันออก,พระอาทิตย์ขึ้นทางทิศตะวันออก,timur,Matahari terbit di timur.
west,The beach is to the west.,서쪽,해변은 서쪽에 있어요.,西,ビーチは西にあります。,西,海滩在西边。,oeste,La playa está al oeste.,phía tây,Bãi biển ở phía tây.,ทิศตะวันตก,ชายหาดอยู่ทางทิศตะวันตก,barat,Pantai ada di sebelah barat.
turn left,Turn left at the next corner.,좌회전,다음 모퉁이에서 좌회전하세요.,左に曲がる,次の角を左に曲がってください。,左转,在下一个路口左转。,gire a la izquierda,Gire a la izquierda en la siguiente esquina.,rẽ trái,Rẽ trái ở góc tiếp theo.,เลี้ยวซ้าย,เลี้ยวซ้ายที่มุมถัดไป,belok kiri,Belok kiri di tikungan berikutnya.
turn right,Turn right after the bridge.,우회전,다리를 지나서 우회전하세요.,右に曲がる,橋を渡ったら右に曲がってください。,右转,过桥后右转。,gire a la derecha,Gire a la derecha después del puente.,rẽ phải,Rẽ phải sau cầu.,เลี้ยวขวา,เลี้ยวขวาหลังสะพาน,belok kanan,Belok kanan setelah jembatan.
go straight,Go straight for two blocks.,직진,두 블록 직진하세요.,まっすぐ行く,2ブロックまっすぐ行ってください。,直走,直走两个街区。,siga recto,Siga recto durante dos cuadras.,đi thẳng,Đi thẳng hai dãy nhà.,ตรงไป,ตรงไปสองช่วงตึก,jalan lurus,Jalan lurus dua blok.
landmark,The tower is a famous landmark.,랜드마크,그 탑은 유명한 랜드마크예요.,ランドマーク,あの塔は有名なランドマークです。,地标,那座塔是著名的地标。,punto de referencia,La torre es un punto de referencia famoso.,địa danh,Tòa tháp là một địa danh nổi tiếng.,สถานที่สำคัญ,หอคอยนั้นเป็นสถานที่สำคัญที่มีชื่อเสียง,landmark,Menara itu adalah landmark terkenal.
shortcut,I know a shortcut to the station.,지름길,역까지 가는 지름길을 알아요.,近道,駅への近道を知っています。,捷径,我知道去车站的捷径。,atajo,Conozco un atajo a la estación.,đường tắt,Tôi biết đường tắt đến ga.,ทางลัด,ฉันรู้ทางลัดไปสถานี,jalan pintas,Saya tahu jalan pintas ke stasiun.
opposite,The bank is opposite the park.,맞은편,은행은 공원 맞은편에 있어요.,向かい,銀行は公園の向かいにあります。,对面,银行在公园对面。,enfrente,El banco está enfrente del parque.,đối diện,Ngân hàng ở đối diện công viên.,ตรงข้าม,ธนาคารอยู่ตรงข้ามสวนสาธารณะ,seberang,Bank ada di seberang taman.
nearby,Is there a pharmacy nearby?,근처에,근처에 약국이 있나요?,近くに,近くに薬局はありますか？,附近,附近有药店吗？,cerca,¿Hay una farmacia cerca?,gần đây,Có nhà thuốc nào gần đây không?,ใกล้ๆ,มีร้านขายยาใกล้ๆ ไหม,dekat sini,Apakah ada apotek dekat sini?
around the corner,The café is around the corner.,모퉁이를 돌면,카페는 모퉁이를 돌면 있어요.,角を曲がったところ,カフェは角を曲がったところにあります。,拐角处,咖啡店在拐角处。,a la vuelta de la esquina,El café está a la vuelta de la esquina.,quanh góc,Quán cà phê ở quanh góc.,เลี้ยวมุมไป,ร้านกาแฟอยู่เลี้ยวมุมไป,di tikungan,Kafe ada di tikungan.
straight ahead,The station is straight ahead.,앞쪽에,역은 바로 앞쪽에 있어요.,まっすぐ前,駅はまっすぐ前にあります。,正前方,车站就在正前方。,todo recto,La estación está todo recto.,phía trước,Ga ở ngay phía trước.,ตรงไปข้างหน้า,สถานีอยู่ตรงไปข้างหน้า,lurus ke depan,Stasiun ada lurus ke depan.
between,The shop is between the bank and the café.,사이에,가게는 은행과 카페 사이에 있어요.,間に,店は銀行とカフェの間にあります。,之间,商店在银行和咖啡店之间。,entre,La tienda está entre el banco y el café.,giữa,Cửa hàng nằm giữa ngân hàng và quán cà phê.,ระหว่าง,ร้านค้าอยู่ระหว่างธนาคารกับร้านกาแฟ,antara,Toko itu ada antara bank dan kafe.
next to,The library is next to the school.,옆에,도서관은 학교 옆에 있어요.,隣に,図書館は学校の隣にあります。,旁边,图书馆在学校旁边。,al lado de,La biblioteca está al lado de la escuela.,bên cạnh,Thư viện ở bên cạnh trường học.,ข้างๆ,ห้องสมุดอยู่ข้างๆ โรงเรียน,di sebelah,Perpustakaan ada di sebelah sekolah.
across from,The hotel is across from the station.,건너편에,호텔은 역 건너편에 있어요.,向かいに,ホテルは駅の向かいにあります。,对面,酒店在车站对面。,frente a,El hotel está frente a la estación.,đối diện,Khách sạn ở đối diện nhà ga.,ตรงข้ามกับ,โรงแรมอยู่ตรงข้ามกับสถานี,di seberang,Hotel ada di seberang stasiun.
dead end,This road is a dead end.,막다른 길,이 길은 막다른 길이에요.,行き止まり,この道は行き止まりです。,死胡同,这条路是死胡同。,callejón sin salida,Esta calle es un callejón sin salida.,đường cụt,Con đường này là đường cụt.,ทางตัน,ถนนนี้เป็นทางตัน,jalan buntu,Jalan ini adalah jalan buntu.
U-turn,Make a U-turn at the light.,유턴,신호등에서 유턴하세요.,Uターン,信号でUターンしてください。,掉头,在红绿灯处掉头。,vuelta en U,Haga una vuelta en U en el semáforo.,quay đầu,Quay đầu ở đèn giao thông.,กลับรถ,กลับรถที่สัญญาณไฟ,putar balik,Putar balik di lampu merah.
one-way street,This is a one-way street.,일방통행로,이 길은 일방통행로예요.,一方通行,ここは一方通行です。,单行道,这是一条单行道。,calle de sentido único,Esta es una calle de sentido único.,đường một chiều,Đây là đường một chiều.,ถนนวันเวย์,นี่คือถนนวันเวย์,jalan satu arah,Ini adalah jalan satu arah.
traffic light,Wait at the traffic light.,신호등,신호등에서 기다리세요.,信号機,信号機で待ってください。,红绿灯,在红绿灯处等一下。,semáforo,Espere en el semáforo.,đèn giao thông,Chờ ở đèn giao thông.,ไฟจราจร,รอที่ไฟจราจร,lampu lalu lintas,Tunggu di lampu lalu lintas.
zebra crossing,Use the zebra crossing to cross the road.,횡단보도,횡단보도를 이용해 길을 건너세요.,横断歩道,横断歩道を使って道路を渡ってください。,斑马线,走斑马线过马路。,paso de cebra,Use el paso de cebra para cruzar la calle.,vạch qua đường,Đi qua vạch qua đường để sang đường.,ทางม้าลาย,ใช้ทางม้าลายข้ามถนน,zebra cross,Gunakan zebra cross untuk menyeberang jalan.
footbridge,Take the footbridge over the river.,인도교,강 위의 인도교를 건너세요.,歩道橋,川の上の歩道橋を渡ってください。,人行天桥,走人行天桥过河。,pasarela,Tome la pasarela sobre el río.,cầu đi bộ,Đi qua cầu đi bộ bắc qua sông.,สะพานลอย,ใช้สะพานลอยข้ามแม่น้ำ,jembatan penyeberangan,Ambil jembatan penyeberangan di atas sungai.
GPS,Use the GPS to find the way.,GPS,GPS를 사용해서 길을 찾으세요.,GPS,GPSを使って道を見つけてください。,GPS,用GPS找路。,GPS,Use el GPS para encontrar el camino.,GPS,Dùng GPS để tìm đường.,จีพีเอส,ใช้จีพีเอสหาทาง,GPS,Gunakan GPS untuk menemukan jalan.
direction,Can you give me directions to the mall?,방향,쇼핑몰까지 가는 방향을 알려주세요.,方向,モールへの行き方を教えてもらえますか？,方向,你能告诉我去商场的方向吗？,dirección,¿Puede indicarme la dirección al centro comercial?,chỉ đường,Bạn có thể chỉ đường đến trung tâm mua sắm không?,ทิศทาง,คุณบอกทางไปห้างสรรพสินค้าได้ไหม,arah,Bisakah Anda memberi saya arah ke mal?
along,Walk along the river to the park.,따라,강을 따라 공원까지 걸으세요.,沿って,川に沿って公園まで歩いてください。,沿着,沿着河走到公园。,a lo largo de,Camine a lo largo del río hasta el parque.,dọc theo,Đi dọc theo sông đến công viên.,ตามทาง,เดินตามทางแม่น้ำไปสวนสาธารณะ,sepanjang,Berjalan sepanjang sungai ke taman.
past,Walk past the church and turn left.,지나서,교회를 지나서 좌회전하세요.,過ぎて,教会を過ぎて左に曲がってください。,经过,走过教堂后左转。,pasado,Pase la iglesia y gire a la izquierda.,đi qua,Đi qua nhà thờ rồi rẽ trái.,ผ่าน,เดินผ่านโบสถ์แล้วเลี้ยวซ้าย,melewati,Jalan melewati gereja lalu belok kiri.
road sign,Follow the road signs to the airport.,도로 표지판,도로 표지판을 따라 공항으로 가세요.,道路標識,道路標識に従って空港に行ってください。,路标,按照路标去机场。,señal de tráfico,Siga las señales de tráfico al aeropuerto.,biển báo đường,Đi theo biển báo đường đến sân bay.,ป้ายจราจร,ตามป้ายจราจรไปสนามบิน,rambu jalan,Ikuti rambu jalan ke bandara.
distance,What is the distance to the station?,거리,역까지 거리가 얼마나 되나요?,距離,駅までの距離はどれくらいですか？,距离,到车站的距离是多少？,distancia,¿Cuál es la distancia a la estación?,khoảng cách,Khoảng cách đến ga là bao xa?,ระยะทาง,ระยะทางไปสถานีเท่าไหร่,jarak,Berapa jarak ke stasiun?
round trip,How much is a round trip ticket?,왕복,왕복 티켓은 얼마예요?,往復,往復チケットはいくらですか？,往返,往返票多少钱？,ida y vuelta,¿Cuánto cuesta un billete de ida y vuelta?,khứ hồi,Vé khứ hồi bao nhiêu?,ไปกลับ,ตั๋วไปกลับราคาเท่าไหร่,pulang-pergi,Berapa harga tiket pulang-pergi?
single ticket,I need a single ticket to downtown.,편도 티켓,시내까지 편도 티켓 한 장 주세요.,片道切符,市内中心部への片道切符を一枚ください。,单程票,我要一张去市中心的单程票。,billete sencillo,Necesito un billete sencillo al centro.,vé một chiều,Tôi cần một vé một chiều đến trung tâm.,ตั๋วเที่ยวเดียว,ฉันต้องการตั๋วเที่ยวเดียวไปตัวเมือง,tiket sekali jalan,Saya butuh tiket sekali jalan ke pusat kota.
