curfew,The city imposed a curfew from midnight to five in the morning.,통행금지,도시는 자정부터 새벽 5시까지 통행금지를 시행했다.,夜間外出禁止令,市は深夜から朝5時まで夜間外出禁止令を発令した。,宵禁,该市实施了从午夜到凌晨五点的宵禁。,toque de queda,La ciudad impuso un toque de queda desde la medianoche hasta las cinco de la mañana.,giới nghiêm,Thành phố áp đặt lệnh giới nghiêm từ nửa đêm đến năm giờ sáng.,เคอร์ฟิว,เมืองประกาศเคอร์ฟิวตั้งแต่เที่ยงคืนถึงตีห้า,jam malam,Kota memberlakukan jam malam dari tengah malam hingga pukul lima pagi.
embezzlement,The accountant was found guilty of embezzlement of company funds.,횡령,그 회계사는 회사 자금 횡령 혐의로 유죄 판결을 받았다.,横領,その会計士は会社資金の横領で有罪となった。,挪用公款,该会计被判挪用公司资金罪。,malversación,El contador fue declarado culpable de malversación de fondos de la empresa.,biển thủ,Kế toán bị kết tội biển thủ quỹ công ty.,การยักยอก,นักบัญชีถูกตัดสินว่ามีความผิดฐานยักยอกเงินของบริษัท,penggelapan,Akuntan itu dinyatakan bersalah atas penggelapan dana perusahaan.
logo,The company redesigned its logo to appeal to a younger audience.,로고,회사는 젊은 층에게 어필하기 위해 로고를 재설계했다.,ロゴ,会社は若い顧客層にアピールするためにロゴをリデザインした。,标志,公司重新设计了标志以吸引年轻受众。,logotipo,La empresa rediseñó su logotipo para atraer a un público más joven.,logo,Công ty thiết kế lại logo để thu hút khán giả trẻ hơn.,โลโก้,บริษัทออกแบบโลโก้ใหม่เพื่อดึงดูดกลุ่มเป้าหมายที่อายุน้อยกว่า,logo,Perusahaan mendesain ulang logonya untuk menarik audiens yang lebih muda.
slogan,"Our new slogan, 'Think Different,' quickly became famous.",슬로건,우리의 새 슬로건 '다르게 생각하라'는 빠르게 유명해졌다.,スローガン,新しいスローガン「Think Different」はすぐに有名になった。,口号,我们的新口号'Think Different'很快就出名了。,eslogan,"Nuestro nuevo eslogan, 'Piensa Diferente', rápidamente se hizo famoso.",khẩu hiệu,"Khẩu hiệu mới của chúng tôi, 'Think Different', nhanh chóng trở nên nổi tiếng.",สโลแกน,สโลแกนใหม่ของเรา 'Think Different' กลายเป็นที่รู้จักอย่างรวดเร็ว,slogan,"Slogan baru kami, 'Think Different', dengan cepat menjadi terkenal."
consumer,Modern consumers expect fast delivery and easy returns.,소비자,현대 소비자들은 빠른 배송과 쉬운 반품을 기대한다.,消費者,現代の消費者は迅速な配送と簡単な返品を期待する。,消费者,现代消费者期望快速配送和轻松退货。,consumidor,Los consumidores modernos esperan entregas rápidas y devoluciones fáciles.,người tiêu dùng,Người tiêu dùng hiện đại mong đợi giao hàng nhanh và đổi trả dễ dàng.,ผู้บริโภค,ผู้บริโภคยุคใหม่คาดหวังการจัดส่งที่รวดเร็วและการคืนสินค้าที่ง่าย,konsumen,Konsumen modern mengharapkan pengiriman cepat dan pengembalian yang mudah.
loyalty,The company rewards customer loyalty with exclusive discounts.,충성도,회사는 독점 할인으로 고객 충성도에 보답한다.,ロイヤルティ,会社は独占割引で顧客ロイヤルティに報いている。,忠诚度,公司以独家折扣奖励客户忠诚度。,lealtad,La empresa premia la lealtad del cliente con descuentos exclusivos.,sự trung thành,Công ty thưởng cho sự trung thành của khách hàng bằng giảm giá độc quyền.,ความภักดี,บริษัทให้รางวัลความภักดีของลูกค้าด้วยส่วนลดพิเศษ,loyalitas,Perusahaan memberi penghargaan loyalitas pelanggan dengan diskon eksklusif.
endorsement,The celebrity endorsement boosted the product's visibility enormously.,추천; 보증,유명인의 추천이 제품의 인지도를 크게 높였다.,推薦,セレブリティの推薦が製品の認知度を大幅に向上させた。,代言,名人代言极大地提升了产品的知名度。,respaldo,El respaldo de la celebridad impulsó enormemente la visibilidad del producto.,sự ủng hộ,Sự ủng hộ của người nổi tiếng đã tăng cường đáng kể sự nhận diện sản phẩm.,การรับรอง,การรับรองจากคนดังทำให้ผลิตภัณฑ์เป็นที่รู้จักอย่างมาก,dukungan,Dukungan selebriti meningkatkan visibilitas produk secara luar biasa.
demographic,The product targets a young demographic between eighteen and thirty.,인구통계학적 집단,이 제품은 18세에서 30세 사이의 젊은 인구통계학적 집단을 대상으로 한다.,人口統計層,この製品は18歳から30歳の若い人口統計層をターゲットにしている。,人口群体,该产品瞄准十八岁到三十岁之间的年轻人群。,grupo demográfico,El producto se dirige a un grupo demográfico joven de entre dieciocho y treinta años.,nhóm nhân khẩu học,Sản phẩm nhắm đến nhóm nhân khẩu học trẻ từ mười tám đến ba mươi tuổi.,กลุ่มประชากร,ผลิตภัณฑ์มุ่งเป้าไปที่กลุ่มประชากรอายุน้อยระหว่างสิบแปดถึงสามสิบปี,demografis,Produk ini menargetkan demografis muda antara delapan belas dan tiga puluh tahun.
billboard,They placed a huge billboard on the highway to advertise the new car.,광고판,그들은 신차를 광고하기 위해 고속도로에 거대한 광고판을 설치했다.,看板,彼らは新車を宣伝するために高速道路に巨大な看板を設置した。,广告牌,他们在高速公路上放置了巨大的广告牌来宣传新车。,valla publicitaria,Colocaron una enorme valla publicitaria en la autopista para anunciar el nuevo auto.,biển quảng cáo,Họ đặt một biển quảng cáo lớn trên đường cao tốc để quảng cáo xe mới.,ป้ายโฆษณา,พวกเขาติดป้ายโฆษณาขนาดใหญ่บนทางหลวงเพื่อโฆษณารถยนต์รุ่นใหม่,papan reklame,Mereka memasang papan reklame besar di jalan tol untuk mengiklankan mobil baru.
sponsor,A major bank agreed to sponsor the local football team.,후원하다,대형 은행이 지역 축구팀을 후원하기로 합의했다.,スポンサーになる,大手銀行が地元のサッカーチームのスポンサーになることに合意した。,赞助,一家大银行同意赞助当地足球队。,patrocinar,Un banco importante aceptó patrocinar al equipo local de fútbol.,tài trợ,Một ngân hàng lớn đồng ý tài trợ cho đội bóng đá địa phương.,สนับสนุน,ธนาคารรายใหญ่ตกลงที่จะสนับสนุนทีมฟุตบอลท้องถิ่น,mensponsori,Sebuah bank besar setuju untuk mensponsori tim sepak bola lokal.
brochure,We designed a brochure to promote our new range of products.,브로셔,우리는 새로운 제품군을 홍보하기 위해 브로셔를 디자인했다.,パンフレット,私たちは新しい製品ラインを宣伝するためのパンフレットをデザインした。,宣传册,我们设计了一本宣传册来推广我们的新系列产品。,folleto,Diseñamos un folleto para promocionar nuestra nueva gama de productos.,tờ rơi,Chúng tôi thiết kế một tờ rơi để quảng bá dòng sản phẩm mới.,โบรชัวร์,เราออกแบบโบรชัวร์เพื่อโปรโมตสินค้ากลุ่มใหม่ของเรา,brosur,Kami mendesain brosur untuk mempromosikan rangkaian produk baru kami.
merchandise,The band sells merchandise such as T-shirts and posters at concerts.,상품,그 밴드는 콘서트에서 티셔츠와 포스터 같은 상품을 판매한다.,グッズ,そのバンドはコンサートでTシャツやポスターなどのグッズを販売する。,商品,乐队在演唱会上出售T恤和海报等商品。,mercancía,La banda vende mercancía como camisetas y pósteres en los conciertos.,hàng hóa,Ban nhạc bán các mặt hàng như áo phông và áp phích tại các buổi hòa nhạc.,สินค้า,วงดนตรีขายสินค้าเช่นเสื้อยืดและโปสเตอร์ในคอนเสิร์ต,merchandise,Band ini menjual merchandise seperti kaos dan poster di konser.
trademark,The company registered its trademark to protect its brand identity.,상표,회사는 브랜드 정체성을 보호하기 위해 상표를 등록했다.,商標,会社はブランドアイデンティティを守るために商標を登録した。,商标,公司注册了商标以保护其品牌形象。,marca registrada,La empresa registró su marca para proteger su identidad de marca.,nhãn hiệu,Công ty đã đăng ký nhãn hiệu để bảo vệ bản sắc thương hiệu.,เครื่องหมายการค้า,บริษัทจดทะเบียนเครื่องหมายการค้าเพื่อปกป้องเอกลักษณ์ของแบรนด์,merek dagang,Perusahaan mendaftarkan merek dagangnya untuk melindungi identitas mereknya.
newsletter,Subscribers receive a monthly newsletter with tips and special offers.,뉴스레터,구독자들은 팁과 특별 혜택이 담긴 월간 뉴스레터를 받는다.,ニュースレター,購読者はヒントや特別オファーが掲載された月刊ニュースレターを受け取る。,通讯,订阅者每月收到包含提示和特别优惠的通讯。,boletín,Los suscriptores reciben un boletín mensual con consejos y ofertas especiales.,bản tin,Người đăng ký nhận bản tin hàng tháng với mẹo và ưu đãi đặc biệt.,จดหมายข่าว,สมาชิกจะได้รับจดหมายข่าวรายเดือนพร้อมเคล็ดลับและข้อเสนอพิเศษ,buletin,Pelanggan menerima buletin bulanan berisi tips dan penawaran khusus.
testimonial,Customer testimonials helped build trust in the new product.,고객 후기,고객 후기가 신제품에 대한 신뢰를 구축하는 데 도움이 되었다.,お客様の声,顧客の声が新製品への信頼構築に役立った。,客户评价,客户评价帮助建立了对新产品的信任。,testimonio,Los testimonios de clientes ayudaron a generar confianza en el nuevo producto.,lời chứng thực,Lời chứng thực của khách hàng giúp xây dựng niềm tin vào sản phẩm mới.,คำรับรอง,คำรับรองจากลูกค้าช่วยสร้างความเชื่อมั่นในผลิตภัณฑ์ใหม่,testimoni,Testimoni pelanggan membantu membangun kepercayaan pada produk baru.
niche,The company found a profitable niche in the organic food market.,틈새시장,회사는 유기농 식품 시장에서 수익성 있는 틈새시장을 찾았다.,ニッチ,その会社はオーガニック食品市場で収益性のあるニッチを見つけた。,利基市场,公司在有机食品市场找到了一个有利可图的利基市场。,nicho,La empresa encontró un nicho rentable en el mercado de alimentos orgánicos.,thị trường ngách,Công ty tìm thấy thị trường ngách có lợi nhuận trong thị trường thực phẩm hữu cơ.,ตลาดเฉพาะ,บริษัทค้นพบตลาดเฉพาะที่ทำกำไรได้ในตลาดอาหารออร์แกนิก,ceruk,Perusahaan menemukan ceruk yang menguntungkan di pasar makanan organik.
outreach,The outreach program connected the brand with local communities.,홍보 활동,홍보 활동 프로그램이 브랜드를 지역 사회와 연결시켰다.,アウトリーチ,アウトリーチプログラムがブランドと地域コミュニティをつなげた。,推广,推广项目将品牌与当地社区联系起来。,difusión,El programa de difusión conectó la marca con las comunidades locales.,tiếp cận,Chương trình tiếp cận kết nối thương hiệu với cộng đồng địa phương.,การเข้าถึง,โปรแกรมการเข้าถึงเชื่อมต่อแบรนด์กับชุมชนท้องถิ่น,penjangkauan,Program penjangkauan menghubungkan merek dengan komunitas lokal.
jingle,The catchy jingle from the commercial stuck in everyone's head.,징글,광고의 중독성 있는 징글이 모든 사람의 머릿속에 남았다.,ジングル,CMのキャッチーなジングルがみんなの頭に残った。,广告歌,广告中朗朗上口的广告歌让每个人都记住了。,jingle,El pegadizo jingle del comercial se quedó en la cabeza de todos.,nhạc quảng cáo,Nhạc quảng cáo bắt tai trong đoạn quảng cáo cứ vang mãi trong đầu mọi người.,เพลงโฆษณา,เพลงโฆษณาจากโฆษณาที่ติดหูวนเวียนอยู่ในหัวของทุกคน,jingle,Jingle yang menarik dari iklan itu menempel di kepala semua orang.
rebate,"After purchasing the appliance, she applied for a fifty-dollar mail-in rebate.",리베이트,가전제품을 구매한 후 그녀는 50달러의 우편 리베이트를 신청했다.,リベート,家電を購入した後、彼女は50ドルの郵送リベートを申請した。,返利,购买电器后她申请了五十美元的邮寄返利。,reembolso,"Después de comprar el electrodoméstico, solicitó un reembolso de cincuenta dólares por correo.",hoàn tiền,"Sau khi mua thiết bị, cô ấy nộp đơn xin hoàn tiền năm mươi đô la qua đường bưu điện.",เงินคืน,หลังจากซื้อเครื่องใช้ไฟฟ้า เธอสมัครขอเงินคืนห้าสิบดอลลาร์ทางไปรษณีย์,rabat,"Setelah membeli peralatan, dia mengajukan rabat lima puluh dolar melalui pos."
engagement,Social media engagement increased after the company started posting videos.,참여도,회사가 동영상을 게시하기 시작한 후 소셜 미디어 참여도가 증가했다.,エンゲージメント,会社が動画投稿を始めてからSNSのエンゲージメントが増加した。,互动,公司开始发布视频后社交媒体互动量增加了。,interacción,La interacción en redes sociales aumentó después de que la empresa empezó a publicar videos.,tương tác,Tương tác trên mạng xã hội tăng sau khi công ty bắt đầu đăng video.,การมีส่วนร่วม,การมีส่วนร่วมบนโซเชียลมีเดียเพิ่มขึ้นหลังจากบริษัทเริ่มโพสต์วิดีโอ,keterlibatan,Keterlibatan media sosial meningkat setelah perusahaan mulai memposting video.
tagline,A good tagline makes a brand instantly recognizable.,태그라인,좋은 태그라인은 브랜드를 즉시 인식할 수 있게 한다.,タグライン,良いタグラインはブランドを即座に認知させる。,宣传语,好的宣传语能让品牌立刻被辨认出来。,lema,Un buen lema hace que una marca sea reconocible al instante.,câu khẩu hiệu,Một câu khẩu hiệu tốt giúp thương hiệu được nhận biết ngay lập tức.,สโลแกนประจำ,สโลแกนประจำที่ดีทำให้แบรนด์เป็นที่จดจำได้ทันที,tagline,Tagline yang bagus membuat merek langsung dikenali.
retail,The retail industry has been transformed by online shopping.,소매,소매 산업은 온라인 쇼핑에 의해 변혁되었다.,小売,小売業界はオンラインショッピングによって変革された。,零售,零售行业已被在线购物所改变。,minorista,La industria minorista ha sido transformada por las compras en línea.,bán lẻ,Ngành bán lẻ đã được chuyển đổi bởi mua sắm trực tuyến.,ค้าปลีก,อุตสาหกรรมค้าปลีกถูกเปลี่ยนแปลงโดยการช้อปปิ้งออนไลน์,ritel,Industri ritel telah ditransformasi oleh belanja online.
wholesale,They buy goods at wholesale prices and sell them at a markup.,도매,그들은 도매가로 상품을 구입하고 마진을 붙여 판매한다.,卸売,彼らは卸売価格で商品を買い、利益を上乗せして販売する。,批发,他们以批发价购买商品然后加价出售。,mayorista,Compran productos a precios mayoristas y los venden con un margen de ganancia.,bán buôn,Họ mua hàng với giá bán buôn và bán lại với giá cao hơn.,ขายส่ง,พวกเขาซื้อสินค้าในราคาขายส่งและขายต่อในราคาที่สูงขึ้น,grosir,Mereka membeli barang dengan harga grosir dan menjualnya dengan margin keuntungan.
franchise,She opened a franchise of the popular coffee chain in her city.,프랜차이즈,그녀는 자기 도시에 인기 있는 커피 체인의 프랜차이즈를 열었다.,フランチャイズ,彼女は自分の町に人気コーヒーチェーンのフランチャイズを開いた。,特许经营,她在自己的城市开了一家热门咖啡连锁的特许经营店。,franquicia,Ella abrió una franquicia de la popular cadena de café en su ciudad.,nhượng quyền,Cô ấy mở một cửa hàng nhượng quyền của chuỗi cà phê nổi tiếng trong thành phố.,แฟรนไชส์,เธอเปิดแฟรนไชส์ของร้านกาแฟชื่อดังในเมืองของเธอ,waralaba,Dia membuka waralaba jaringan kopi populer di kotanya.
markup,The store applies a forty percent markup on all imported goods.,마진,가게는 모든 수입 상품에 40%의 마진을 적용한다.,値上げ幅,その店はすべての輸入品に40%の値上げ幅を適用する。,加价,商店对所有进口商品加价百分之四十。,margen de ganancia,La tienda aplica un margen de ganancia del cuarenta por ciento en todos los productos importados.,mức tăng giá,Cửa hàng áp dụng mức tăng giá bốn mươi phần trăm cho tất cả hàng nhập khẩu.,กำไรส่วนเพิ่ม,ร้านค้าบวกกำไรส่วนเพิ่มสี่สิบเปอร์เซ็นต์สำหรับสินค้านำเข้าทั้งหมด,margin,Toko menerapkan margin empat puluh persen pada semua barang impor.
existence,The existence of life on other planets remains an open question.,존재,다른 행성에 생명체의 존재는 여전히 미해결 문제이다.,存在,他の惑星における生命の存在は未解決の問題のままだ。,存在,其他星球上是否存在生命仍然是一个悬而未决的问题。,existencia,La existencia de vida en otros planetas sigue siendo una pregunta abierta.,sự tồn tại,Sự tồn tại của sự sống trên các hành tinh khác vẫn là câu hỏi mở.,การดำรงอยู่,การดำรงอยู่ของสิ่งมีชีวิตบนดาวเคราะห์อื่นยังคงเป็นคำถามที่ยังไม่มีคำตอบ,keberadaan,Keberadaan kehidupan di planet lain masih menjadi pertanyaan terbuka.
perception,Our perception of time changes depending on what we are doing.,인식,우리의 시간에 대한 인식은 우리가 무엇을 하고 있는지에 따라 변한다.,知覚,時間の知覚は何をしているかによって変わる。,感知,我们对时间的感知会随着所做事情的不同而改变。,percepción,Nuestra percepción del tiempo cambia dependiendo de lo que estemos haciendo.,nhận thức,Nhận thức của chúng ta về thời gian thay đổi tùy thuộc vào việc chúng ta đang làm gì.,การรับรู้,การรับรู้เวลาของเราเปลี่ยนแปลงขึ้นอยู่กับสิ่งที่เรากำลังทำ,persepsi,Persepsi kita tentang waktu berubah tergantung pada apa yang sedang kita lakukan.
rationality,Good decision-making depends on rationality rather than emotion.,합리성,좋은 의사결정은 감정보다 합리성에 달려 있다.,合理性,良い意思決定は感情よりも合理性に依存する。,理性,好的决策取决于理性而非情感。,racionalidad,La buena toma de decisiones depende de la racionalidad más que de la emoción.,lý trí,Việc ra quyết định tốt phụ thuộc vào lý trí hơn là cảm xúc.,ความมีเหตุผล,การตัดสินใจที่ดีขึ้นอยู่กับความมีเหตุผลมากกว่าอารมณ์,rasionalitas,Pengambilan keputusan yang baik bergantung pada rasionalitas daripada emosi.
contradiction,"His actions were in direct contradiction to his words, which confused everyone.",모순,그의 행동은 말과 직접적으로 모순되어 모든 사람을 혼란스럽게 했다.,矛盾,彼の行動は言葉と直接矛盾しており、皆を混乱させた。,矛盾,他的行为与他的言辞直接矛盾让所有人困惑。,contradicción,"Sus acciones estaban en directa contradicción con sus palabras, lo que confundió a todos.",mâu thuẫn,"Hành động của anh ta mâu thuẫn trực tiếp với lời nói, khiến mọi người bối rối.",ความขัดแย้ง,การกระทำของเขาขัดแย้งกับคำพูดโดยตรง ซึ่งทำให้ทุกคนสับสน,kontradiksi,"Tindakannya bertentangan langsung dengan kata-katanya, yang membingungkan semua orang."
paradox,"It is a paradox that the more we learn, the more we realize how little we know.",역설,우리가 더 많이 배울수록 우리가 얼마나 적게 아는지 깨닫게 된다는 것은 역설이다.,パラドックス,学べば学ぶほど自分がいかに無知であるか気づくのはパラドックスだ。,悖论,我们学得越多就越意识到自己知之甚少这是一个悖论。,paradoja,"Es una paradoja que cuanto más aprendemos, más nos damos cuenta de lo poco que sabemos.",nghịch lý,"Thật nghịch lý rằng càng học nhiều, chúng ta càng nhận ra mình biết ít đến nhường nào.",ความขัดแย้งในตัวเอง,เป็นความขัดแย้งในตัวเองที่ยิ่งเราเรียนรู้มากขึ้น เรายิ่งตระหนักว่าเรารู้น้อยเพียงใด,paradoks,"Ini adalah paradoks bahwa semakin banyak kita belajar, semakin kita menyadari betapa sedikit yang kita ketahui."
metaphor,The poet used the ocean as a metaphor for the vastness of human emotion.,은유,시인은 인간 감정의 광대함에 대한 은유로 바다를 사용했다.,メタファー,詩人は人間の感情の広大さのメタファーとして海を使った。,隐喻,诗人用大海作为人类情感广阔的隐喻。,metáfora,El poeta usó el océano como metáfora de la inmensidad de la emoción humana.,ẩn dụ,Nhà thơ dùng đại dương như một ẩn dụ cho sự bao la của cảm xúc con người.,อุปมา,กวีใช้มหาสมุทรเป็นอุปมาสำหรับความกว้างใหญ่ของอารมณ์มนุษย์,metafora,Penyair menggunakan lautan sebagai metafora untuk luasnya emosi manusia.
analogy,She drew an analogy between the brain and a computer to explain memory.,유추,그녀는 기억을 설명하기 위해 뇌와 컴퓨터 사이의 유추를 했다.,類推,彼女は記憶を説明するために脳とコンピュータの類推を行った。,类比,她将大脑与计算机做类比来解释记忆。,analogía,Hizo una analogía entre el cerebro y una computadora para explicar la memoria.,phép so sánh,Cô ấy đưa ra phép so sánh giữa bộ não và máy tính để giải thích trí nhớ.,การเปรียบเทียบ,เธอเปรียบเทียบสมองกับคอมพิวเตอร์เพื่ออธิบายเรื่องความจำ,analogi,Dia membuat analogi antara otak dan komputer untuk menjelaskan memori.
skepticism,Healthy skepticism encourages us to question claims before accepting them.,회의주의,건전한 회의주의는 주장을 받아들이기 전에 질문하도록 촉구한다.,懐疑主義,健全な懐疑主義は主張を受け入れる前に疑問を持つことを促す。,怀疑主义,健康的怀疑主义鼓励我们在接受主张之前先提出质疑。,escepticismo,El escepticismo saludable nos anima a cuestionar las afirmaciones antes de aceptarlas.,hoài nghi,Sự hoài nghi lành mạnh khuyến khích chúng ta đặt câu hỏi trước khi chấp nhận.,ความคลางแคลง,ความคลางแคลงที่ดีต่อสุขภาพกระตุ้นให้เราตั้งคำถามก่อนที่จะยอมรับ,skeptisisme,Skeptisisme yang sehat mendorong kita untuk mempertanyakan klaim sebelum menerimanya.
doctrine,The doctrine of free speech is central to democratic societies.,교리; 원칙,언론의 자유 원칙은 민주 사회의 핵심이다.,教義,言論の自由の教義は民主主義社会の中心にある。,学说,言论自由学说是民主社会的核心。,doctrina,La doctrina de la libertad de expresión es fundamental para las sociedades democráticas.,học thuyết,Học thuyết tự do ngôn luận là trung tâm của các xã hội dân chủ.,หลักคำสอน,หลักคำสอนเรื่องเสรีภาพในการพูดเป็นหัวใจสำคัญของสังคมประชาธิปไตย,doktrin,Doktrin kebebasan berbicara merupakan inti dari masyarakat demokratis.
empirical,The scientist stressed the importance of empirical evidence over personal opinion.,경험적인,과학자는 개인적 의견보다 경험적 증거의 중요성을 강조했다.,実証的な,科学者は個人的な意見よりも実証的な証拠の重要性を強調した。,实证的,科学家强调了实证证据比个人意见更重要。,empírico,El científico enfatizó la importancia de la evidencia empírica sobre la opinión personal.,thực nghiệm,Nhà khoa học nhấn mạnh tầm quan trọng của bằng chứng thực nghiệm hơn ý kiến cá nhân.,เชิงประจักษ์,นักวิทยาศาสตร์เน้นความสำคัญของหลักฐานเชิงประจักษ์เหนือความคิดเห็นส่วนบุคคล,empiris,Ilmuwan menekankan pentingnya bukti empiris di atas opini pribadi.
premise,"The argument is based on a false premise, so the conclusion is unreliable.",전제,그 주장은 잘못된 전제에 기반하고 있어 결론이 신뢰할 수 없다.,前提,その議論は誤った前提に基づいているため、結論は信頼できない。,前提,论点基于一个错误的前提所以结论不可靠。,premisa,"El argumento se basa en una premisa falsa, por lo que la conclusión no es fiable.",tiền đề,"Lập luận dựa trên tiền đề sai, nên kết luận không đáng tin cậy.",สมมติฐานเบื้องต้น,ข้อโต้แย้งตั้งอยู่บนสมมติฐานเบื้องต้นที่ผิด ดังนั้นข้อสรุปจึงไม่น่าเชื่อถือ,premis,"Argumen tersebut didasarkan pada premis yang salah, sehingga kesimpulannya tidak dapat diandalkan."
intuition,Sometimes you have to trust your intuition when making difficult choices.,직관,때때로 어려운 선택을 할 때 직관을 믿어야 한다.,直感,時には難しい選択をする際に直感を信じなければならない。,直觉,有时在做困难的选择时你必须相信自己的直觉。,intuición,A veces hay que confiar en la intuición al tomar decisiones difíciles.,trực giác,Đôi khi bạn phải tin vào trực giác khi đưa ra những lựa chọn khó khăn.,สัญชาตญาณ,บางครั้งคุณต้องเชื่อสัญชาตญาณเมื่อตัดสินใจเรื่องยากๆ,intuisi,Kadang-kadang Anda harus memercayai intuisi saat membuat pilihan yang sulit.
reasoning,Logical reasoning is a skill that can be developed through practice.,추론,논리적 추론은 연습을 통해 발전시킬 수 있는 기술이다.,推論,論理的推論は練習を通じて開発できるスキルだ。,推理,逻辑推理是一项可以通过练习培养的技能。,razonamiento,El razonamiento lógico es una habilidad que se puede desarrollar con la práctica.,lập luận,Lập luận logic là kỹ năng có thể phát triển thông qua luyện tập.,การให้เหตุผล,การให้เหตุผลเชิงตรรกะเป็นทักษะที่สามารถพัฒนาได้ผ่านการฝึกฝน,penalaran,Penalaran logis adalah keterampilan yang dapat dikembangkan melalui latihan.
subjective,"Taste in art is subjective; what one person loves, another may dislike.",주관적인,예술에 대한 취향은 주관적이다. 한 사람이 좋아하는 것을 다른 사람은 싫어할 수 있다.,主観的な,芸術の好みは主観的で、ある人が好むものを別の人は嫌うかもしれない。,主观的,艺术品味是主观的一个人喜欢的另一个人可能不喜欢。,subjetivo,"El gusto en el arte es subjetivo; lo que una persona ama, otra puede rechazar.",chủ quan,"Sở thích nghệ thuật mang tính chủ quan; điều một người yêu thích, người khác có thể không thích.",เชิงอัตวิสัย,รสนิยมในศิลปะเป็นเชิงอัตวิสัย สิ่งที่คนหนึ่งชอบอีกคนอาจไม่ชอบ,subjektif,"Selera seni itu subjektif; apa yang disukai seseorang, orang lain mungkin tidak suka."
objective,We need an objective analysis of the situation before making a decision.,객관적인,우리는 결정을 내리기 전에 상황에 대한 객관적인 분석이 필요하다.,客観的な,決定を下す前に状況の客観的な分析が必要だ。,客观的,我们需要在做决定之前对情况进行客观分析。,objetivo,Necesitamos un análisis objetivo de la situación antes de tomar una decisión.,khách quan,Chúng ta cần phân tích khách quan về tình hình trước khi đưa ra quyết định.,เชิงวัตถุวิสัย,เราต้องการการวิเคราะห์เชิงวัตถุวิสัยของสถานการณ์ก่อนตัดสินใจ,objektif,Kita membutuhkan analisis objektif terhadap situasi sebelum membuat keputusan.
determinism,Determinism suggests that all events are caused by prior conditions.,결정론,결정론은 모든 사건이 이전 조건에 의해 야기된다고 주장한다.,決定論,決定論はすべての事象が先行する条件によって引き起こされると示唆する。,决定论,决定论认为所有事件都是由先前的条件所引起的。,determinismo,El determinismo sugiere que todos los eventos son causados por condiciones previas.,thuyết tất định,Thuyết tất định cho rằng mọi sự kiện đều do các điều kiện trước đó gây ra.,นิยัตินิยม,นิยัตินิยมเสนอว่าเหตุการณ์ทั้งหมดเกิดจากเงื่อนไขก่อนหน้า,determinisme,Determinisme menunjukkan bahwa semua peristiwa disebabkan oleh kondisi sebelumnya.
nihilism,Nihilism claims that life has no inherent meaning or purpose.,허무주의,허무주의는 삶에 내재적 의미나 목적이 없다고 주장한다.,ニヒリズム,ニヒリズムは人生に本質的な意味や目的はないと主張する。,虚无主义,虚无主义认为生命没有固有的意义或目的。,nihilismo,El nihilismo afirma que la vida no tiene significado ni propósito inherente.,chủ nghĩa hư vô,Chủ nghĩa hư vô cho rằng cuộc sống không có ý nghĩa hay mục đích cố hữu.,ลัทธินิฮิลิสม์,ลัทธินิฮิลิสม์อ้างว่าชีวิตไม่มีความหมายหรือจุดมุ่งหมายในตัวเอง,nihilisme,Nihilisme mengklaim bahwa hidup tidak memiliki makna atau tujuan yang melekat.
pragmatism,Her pragmatism helped the team focus on solutions rather than theories.,실용주의,그녀의 실용주의가 팀이 이론보다 해결책에 집중하도록 도왔다.,プラグマティズム,彼女のプラグマティズムがチームを理論ではなく解決策に集中させた。,实用主义,她的实用主义帮助团队专注于解决方案而非理论。,pragmatismo,Su pragmatismo ayudó al equipo a centrarse en soluciones en lugar de teorías.,chủ nghĩa thực dụng,Chủ nghĩa thực dụng của cô ấy giúp đội ngũ tập trung vào giải pháp thay vì lý thuyết.,ปฏิบัตินิยม,ปฏิบัตินิยมของเธอช่วยให้ทีมมุ่งเน้นไปที่การแก้ปัญหามากกว่าทฤษฎี,pragmatisme,Pragmatismenya membantu tim fokus pada solusi daripada teori.
utopia,The novel describes a utopia where all citizens live in harmony and equality.,유토피아,그 소설은 모든 시민이 조화와 평등 속에 사는 유토피아를 묘사한다.,ユートピア,その小説はすべての市民が調和と平等の中で暮らすユートピアを描いている。,乌托邦,这部小说描述了一个所有公民和谐平等生活的乌托邦。,utopía,La novela describe una utopía donde todos los ciudadanos viven en armonía e igualdad.,không tưởng,Cuốn tiểu thuyết mô tả một xã hội không tưởng nơi mọi công dân sống hòa hợp và bình đẳng.,อุดมคติ,นวนิยายอธิบายถึงอุดมคติที่พลเมืองทุกคนอาศัยอยู่อย่างสามัคคีและเท่าเทียม,utopia,Novel ini menggambarkan utopia di mana semua warga hidup dalam harmoni dan kesetaraan.
destiny,"Many people believe that destiny is shaped by our choices, not by fate.",운명,많은 사람들이 운명은 숙명이 아닌 우리의 선택에 의해 형성된다고 믿는다.,運命,多くの人は運命は宿命ではなく自分の選択によって形作られると信じている。,命运,许多人相信命运是由我们的选择而非宿命决定的。,destino,"Muchas personas creen que el destino es moldeado por nuestras decisiones, no por el azar.",số phận,"Nhiều người tin rằng số phận được định hình bởi sự lựa chọn của chúng ta, không phải bởi định mệnh.",โชคชะตา,หลายคนเชื่อว่าโชคชะตาถูกกำหนดโดยทางเลือกของเรา ไม่ใช่โดยเวรกรรม,takdir,"Banyak orang percaya bahwa takdir dibentuk oleh pilihan kita, bukan oleh nasib."
dogma,Scientific progress often challenges established dogma.,독단,과학적 발전은 종종 확립된 독단에 도전한다.,ドグマ,科学の進歩はしばしば確立されたドグマに挑戦する。,教条,科学进步常常挑战既定教条。,dogma,El progreso científico a menudo desafía el dogma establecido.,giáo điều,Tiến bộ khoa học thường thách thức giáo điều đã được thiết lập.,คำสอนที่ยึดถือ,ความก้าวหน้าทางวิทยาศาสตร์มักท้าทายคำสอนที่ยึดถือกันมา,dogma,Kemajuan ilmiah sering menantang dogma yang sudah mapan.
rhetoric,The politician used powerful rhetoric to persuade the audience.,수사학,그 정치인은 청중을 설득하기 위해 강력한 수사학을 사용했다.,レトリック,その政治家は聴衆を説得するために力強いレトリックを使った。,修辞,政治家用有力的修辞来说服听众。,retórica,El político usó una retórica poderosa para persuadir a la audiencia.,thuật hùng biện,Chính trị gia sử dụng thuật hùng biện mạnh mẽ để thuyết phục khán giả.,วาทศิลป์,นักการเมืองใช้วาทศิลป์ที่ทรงพลังเพื่อโน้มน้าวผู้ฟัง,retorika,Politisi menggunakan retorika yang kuat untuk membujuk audiens.
genre,Jazz is a music genre that originated in the United States.,장르,재즈는 미국에서 시작된 음악 장르이다.,ジャンル,ジャズはアメリカで生まれた音楽ジャンルだ。,流派,爵士乐是起源于美国的音乐流派。,género,El jazz es un género musical que se originó en Estados Unidos.,thể loại,Jazz là một thể loại âm nhạc có nguồn gốc từ Hoa Kỳ.,แนวเพลง,แจ๊สเป็นแนวเพลงที่มีต้นกำเนิดในสหรัฐอเมริกา,genre,Jazz adalah genre musik yang berasal dari Amerika Serikat.
lyrics,The lyrics of the song tell a story about lost love and regret.,가사,그 노래의 가사는 잃어버린 사랑과 후회에 대한 이야기를 담고 있다.,歌詞,その曲の歌詞は失恋と後悔の物語を語っている。,歌词,这首歌的歌词讲述了一个关于失去的爱和遗憾的故事。,letra,La letra de la canción cuenta una historia sobre el amor perdido y el arrepentimiento.,lời bài hát,Lời bài hát kể câu chuyện về tình yêu đã mất và nỗi tiếc nuối.,เนื้อเพลง,เนื้อเพลงเล่าเรื่องราวเกี่ยวกับความรักที่สูญเสียและความเสียใจ,lirik,Lirik lagu itu menceritakan kisah tentang cinta yang hilang dan penyesalan.
verse,The first verse of the poem sets a melancholy tone for the rest.,절; 구절,시의 첫 번째 절은 나머지 부분에 우울한 톤을 설정한다.,韻文,詩の最初の韻文が残りの部分に憂鬱なトーンを設定する。,诗节,诗的第一节为其余部分奠定了忧郁的基调。,verso,El primer verso del poema establece un tono melancólico para el resto.,khổ thơ,Khổ thơ đầu tiên tạo nên giọng điệu u buồn cho phần còn lại.,บทกลอน,บทกลอนแรกของกลอนกำหนดโทนเศร้าสร้อยสำหรับส่วนที่เหลือ,bait,Bait pertama puisi itu menetapkan nada melankolis untuk sisanya.
acoustic,She prefers the acoustic version of the song over the electric one.,어쿠스틱의,그녀는 전자 버전보다 그 노래의 어쿠스틱 버전을 더 좋아한다.,アコースティックの,彼女はその曲のエレクトリック版よりアコースティック版を好む。,原声的,她更喜欢这首歌的原声版本而非电子版。,acústico,Ella prefiere la versión acústica de la canción a la eléctrica.,mộc,Cô ấy thích phiên bản mộc của bài hát hơn phiên bản điện tử.,อะคูสติก,เธอชอบเวอร์ชันอะคูสติกของเพลงมากกว่าเวอร์ชันไฟฟ้า,akustik,Dia lebih suka versi akustik lagu itu daripada versi elektriknya.
amplifier,The guitarist plugged his instrument into a large amplifier on stage.,앰프,기타리스트는 무대 위의 큰 앰프에 악기를 연결했다.,アンプ,ギタリストはステージ上の大きなアンプに楽器を接続した。,放大器,吉他手将乐器插入舞台上的大型放大器。,amplificador,El guitarrista conectó su instrumento a un gran amplificador en el escenario.,bộ khuếch đại,Nghệ sĩ guitar cắm nhạc cụ vào bộ khuếch đại lớn trên sân khấu.,แอมป์,มือกีตาร์เสียบเครื่องดนตรีเข้ากับแอมป์ขนาดใหญ่บนเวที,amplifier,Gitaris mencolokkan instrumennya ke amplifier besar di atas panggung.
orchestra,The orchestra performed Beethoven's Fifth Symphony to a packed audience.,오케스트라,오케스트라가 만석의 관객 앞에서 베토벤 교향곡 5번을 연주했다.,オーケストラ,オーケストラは満員の観客の前でベートーヴェンの交響曲第5番を演奏した。,管弦乐团,管弦乐团在满座的观众面前演奏了贝多芬第五交响曲。,orquesta,La orquesta interpretó la Quinta Sinfonía de Beethoven ante un público lleno.,dàn nhạc,Dàn nhạc biểu diễn Bản giao hưởng số 5 của Beethoven trước khán giả chật kín.,วงออร์เคสตรา,วงออร์เคสตราเล่นซิมโฟนีหมายเลขห้าของเบโธเฟนต่อหน้าผู้ชมเต็มความจุ,orkestra,Orkestra memainkan Simfoni Kelima Beethoven di hadapan penonton penuh.
vocalist,The band is looking for a new vocalist to replace their lead singer.,보컬리스트,밴드는 리드 싱어를 대체할 새 보컬리스트를 찾고 있다.,ボーカリスト,バンドはリードシンガーの代わりとなる新しいボーカリストを探している。,歌手,乐队正在寻找新歌手来替代主唱。,vocalista,La banda está buscando un nuevo vocalista para reemplazar a su cantante principal.,ca sĩ,Ban nhạc đang tìm kiếm ca sĩ mới để thay thế giọng ca chính.,นักร้อง,วงดนตรีกำลังหานักร้องคนใหม่มาแทนนักร้องนำ,vokalis,Band sedang mencari vokalis baru untuk menggantikan penyanyi utama mereka.
encore,"The crowd cheered loudly for an encore, and the band played two more songs.",앙코르,"관중이 앙코르를 요청하며 크게 환호했고, 밴드는 두 곡을 더 연주했다.",アンコール,観客は大きな歓声でアンコールを求め、バンドはさらに2曲演奏した。,返场,观众大声欢呼要求返场，乐队又演奏了两首歌。,bis,"El público aplaudió fuerte pidiendo un bis, y la banda tocó dos canciones más.",hát thêm,"Khán giả cổ vũ lớn đòi hát thêm, và ban nhạc chơi thêm hai bài nữa.",แสดงซ้ำ,ฝูงชนเชียร์ดังขอให้แสดงซ้ำ และวงดนตรีเล่นเพิ่มอีกสองเพลง,encore,"Penonton bersorak keras minta encore, dan band memainkan dua lagu lagi."
album,The singer released her third album to critical acclaim.,앨범,그 가수는 세 번째 앨범을 발매하여 비평가들의 찬사를 받았다.,アルバム,その歌手は3枚目のアルバムをリリースし批評家の絶賛を受けた。,专辑,这位歌手发行了她的第三张专辑并获得了评论界的好评。,álbum,La cantante lanzó su tercer álbum con gran aclamación de la crítica.,album,Ca sĩ phát hành album thứ ba và nhận được sự hoan nghênh của giới phê bình.,อัลบั้ม,นักร้องปล่อยอัลบั้มที่สามซึ่งได้รับคำชมจากนักวิจารณ์,album,Penyanyi merilis album ketiganya dan mendapat pujian dari kritikus.
audition,"Hundreds of actors showed up for the audition, but only five were selected.",오디션,수백 명의 배우가 오디션에 참석했지만 다섯 명만 선발되었다.,オーディション,数百人の俳優がオーディションに現れたが、選ばれたのは5人だけだった。,试镜,数百名演员参加了试镜但只有五人被选中。,audición,"Cientos de actores se presentaron a la audición, pero solo cinco fueron seleccionados.",buổi thử vai,"Hàng trăm diễn viên đến buổi thử vai, nhưng chỉ có năm người được chọn.",ออดิชั่น,นักแสดงหลายร้อยคนมาออดิชั่น แต่มีเพียงห้าคนที่ได้รับเลือก,audisi,"Ratusan aktor datang untuk audisi, tetapi hanya lima yang dipilih."
soundtrack,The movie soundtrack features songs by several famous artists.,사운드트랙,영화 사운드트랙에는 여러 유명 아티스트의 노래가 수록되어 있다.,サウンドトラック,映画のサウンドトラックには数人の有名アーティストの曲が収録されている。,原声带,电影原声带收录了几位著名艺术家的歌曲。,banda sonora,La banda sonora de la película incluye canciones de varios artistas famosos.,nhạc phim,Nhạc phim có các bài hát của nhiều nghệ sĩ nổi tiếng.,เพลงประกอบภาพยนตร์,เพลงประกอบภาพยนตร์มีเพลงของศิลปินดังหลายคน,soundtrack,Soundtrack film ini menampilkan lagu-lagu dari beberapa artis terkenal.
intense,The competition was extremely intense.,강렬한; 극심한,경쟁이 극도로 치열했어요.,激しい; 強烈な,競争は極めて激しかった。,激烈的; 紧张的,竞争非常激烈。,intenso,La competencia fue extremadamente intensa.,dữ dội; quyết liệt,Cuộc thi cực kỳ quyết liệt.,เข้มข้น; รุนแรง,การแข่งขันรุนแรงอย่างมาก,intens; sengit,Kompetisinya sangat intens.
intention,What is your intention behind this decision?,의도; 의향,이 결정 뒤에 있는 의도가 무엇인가요?,意図; 目的,この決定の意図は何ですか?,意图; 目的,你做这个决定的意图是什么？,intención,¿Cuál es tu intención detrás de esta decisión?,ý định; mục đích,Ý định của bạn đằng sau quyết định này là gì?,ความตั้งใจ; จุดประสงค์,จุดประสงค์เบื้องหลังการตัดสินใจนี้คืออะไร,niat; maksud,Apa niat Anda di balik keputusan ini?
interfere,Please don't interfere with my work.,간섭하다; 방해하다,제 일에 간섭하지 마세요.,干渉する; 邪魔する,私の仕事を邪魔しないでください。,干涉; 妨碍,请不要干涉我的工作。,interferir,Por favor no interfiera con mi trabajo.,can thiệp; xen vào,Xin đừng can thiệp vào công việc của tôi.,แทรกแซง; ยุ่งเรื่อง,กรุณาอย่าแทรกแซงงานของฉัน,mencampuri; mengganggu,Tolong jangan mencampuri pekerjaan saya.
intervention,Early medical intervention saved his life.,개입; 중재,조기 의료 개입이 그의 생명을 구했어요.,介入; 干渉,早期の医療介入が彼の命を救った。,干预; 介入,早期医疗干预救了他的命。,intervención,La intervención médica temprana le salvó la vida.,sự can thiệp,Can thiệp y tế sớm đã cứu mạng anh ấy.,การแทรกแซง,การแทรกแซงทางการแพทย์ตั้งแต่เนิ่นๆ ช่วยชีวิตเขา,intervensi,Intervensi medis dini menyelamatkan hidupnya.
investigate,Police are investigating the crime.,조사하다; 수사하다,경찰이 범죄를 수사하고 있어요.,調査する; 捜査する,警察が犯罪を捜査している。,调查; 侦查,警方正在调查这起犯罪。,investigar,La policía está investigando el crimen.,điều tra,Cảnh sát đang điều tra vụ án.,สืบสวน; สอบสวน,ตำรวจกำลังสืบสวนอาชญากรรม,menyelidiki; menginvestigasi,Polisi sedang menyelidiki kejahatan tersebut.
isolate,The patient was isolated to prevent infection.,격리하다; 고립시키다,감염 예방을 위해 환자가 격리되었어요.,隔離する; 孤立させる,感染を防ぐために患者が隔離された。,隔离; 孤立,患者被隔离以防止感染。,aislar,El paciente fue aislado para prevenir infecciones.,cách ly,Bệnh nhân được cách ly để ngăn lây nhiễm.,แยก; กักกัน,ผู้ป่วยถูกแยกตัวเพื่อป้องกันการติดเชื้อ,mengisolasi; memisahkan,Pasien diisolasi untuk mencegah infeksi.
justify,How can you justify such a high price?,정당화하다,그렇게 높은 가격을 어떻게 정당화할 수 있나요?,正当化する,そんな高い値段をどう正当化できるのか?,证明合理; 辩护,你怎么能为这么高的价格辩护？,justificar,¿Cómo puedes justificar un precio tan alto?,biện minh; chính đáng hóa,Làm sao bạn biện minh cho giá cao như vậy?,ให้เหตุผล; พิสูจน์,คุณจะพิสูจน์ราคาสูงขนาดนั้นได้อย่างไร,membenarkan; mempertanggungjawabkan,Bagaimana Anda bisa membenarkan harga setinggi itu?
launch,The company will launch a new product next month.,출시하다; 시작하다,회사가 다음 달에 새 제품을 출시할 거예요.,発売する; 打ち上げる,会社が来月新製品を発売する。,推出; 发射,公司下个月将推出新产品。,lanzar,La empresa lanzará un nuevo producto el próximo mes.,ra mắt; phóng,Công ty sẽ ra mắt sản phẩm mới tháng tới.,เปิดตัว; ปล่อย,บริษัทจะเปิดตัวผลิตภัณฑ์ใหม่เดือนหน้า,meluncurkan,Perusahaan akan meluncurkan produk baru bulan depan.
layer,The cake has three layers of cream.,층; 겹,케이크에 크림이 3층으로 되어 있어요.,層; レイヤー,ケーキにはクリームが3層ある。,层; 层次,蛋糕有三层奶油。,capa,El pastel tiene tres capas de crema.,lớp; tầng,Bánh có ba lớp kem.,ชั้น,เค้กมีครีมสามชั้น,lapisan,Kuenya memiliki tiga lapis krim.
legitimate,Is this website legitimate or a scam?,합법적인; 정당한,이 웹사이트가 합법적인 건가요 사기인가요?,合法的な; 正当な,このウェブサイトは合法的か詐欺か?,合法的; 正当的,这个网站是合法的还是骗局？,legítimo,¿Este sitio web es legítimo o una estafa?,hợp pháp; chính đáng,Trang web này hợp pháp hay lừa đảo?,ถูกกฎหมาย; ถูกต้อง,เว็บไซต์นี้ถูกกฎหมายหรือเป็นการหลอกลวง,sah; resmi,Apakah situs web ini sah atau penipuan?
liberal,The university has a liberal arts program.,자유주의의; 진보적인,대학에 자유 교양 프로그램이 있어요.,自由な; 教養の,大学にはリベラルアーツのプログラムがある。,自由的; 开明的,大学有文科项目。,liberal,La universidad tiene un programa de artes liberales.,tự do; cấp tiến,Trường có chương trình giáo dục khai phóng.,เสรีนิยม,มหาวิทยาลัยมีหลักสูตรศิลปศาสตร์,liberal,Universitas memiliki program seni liberal.
liberty,People fought for their liberty and freedom.,자유; 해방,사람들은 자유를 위해 싸웠어요.,自由; 解放,人々は自由のために戦った。,自由,人们为自由而战。,libertad,La gente luchó por su libertad.,tự do; quyền tự do,Mọi người đấu tranh cho tự do.,เสรีภาพ; อิสรภาพ,ผู้คนต่อสู้เพื่อเสรีภาพ,kebebasan; kemerdekaan,Orang-orang berjuang untuk kebebasan mereka.
likewise,She is kind and likewise her brother is too.,마찬가지로; 똑같이,그녀는 친절하고 마찬가지로 남동생도 그래요.,同様に; 同じく,彼女は優しく同様に彼女の兄弟もそうだ。,同样地,她很善良，她的弟弟也同样如此。,igualmente; asimismo,Ella es amable e igualmente su hermano también.,tương tự,Cô ấy tốt bụng và anh trai cũng tương tự.,เช่นเดียวกัน,เธอใจดีและพี่ชายก็เช่นเดียวกัน,demikian juga; begitu pula,Dia baik hati dan begitu pula saudaranya.
maintain,You should maintain your car regularly.,유지하다; 관리하다,차를 정기적으로 관리해야 해요.,維持する; 整備する,車は定期的に整備すべきだ。,维持; 保养,你应该定期保养你的车。,mantener,Debes mantener tu auto regularmente.,duy trì; bảo trì,Bạn nên bảo trì xe thường xuyên.,ดูแลรักษา; คงไว้,คุณควรดูแลรักษารถยนต์เป็นประจำ,merawat; memelihara,Anda harus merawat mobil Anda secara teratur.
majority,The majority of students passed the exam.,다수; 과반수,대다수의 학생이 시험에 합격했어요.,多数; 大多数,大多数の学生が試験に合格した。,大多数; 多数,大多数学生通过了考试。,mayoría,La mayoría de los estudiantes aprobó el examen.,đa số; phần lớn,Đa số sinh viên đã đỗ kỳ thi.,ส่วนใหญ่; เสียงข้างมาก,นักเรียนส่วนใหญ่สอบผ่าน,mayoritas; sebagian besar,Mayoritas siswa lulus ujian.
manifest,His anxiety manifested as headaches.,나타나다; 표명하다,그의 불안은 두통으로 나타났어요.,現れる; 示す,彼の不安は頭痛として現れた。,表现; 显示,他的焦虑表现为头痛。,manifestarse,Su ansiedad se manifestó como dolores de cabeza.,biểu hiện,Sự lo lắng của anh biểu hiện qua đau đầu.,แสดงออก; ปรากฏ,ความวิตกกังวลของเขาแสดงออกเป็นอาการปวดหัว,bermanifestasi; terwujud,Kecemasannya bermanifestasi sebagai sakit kepala.
manipulate,He tried to manipulate the results.,조작하다; 조종하다,그는 결과를 조작하려고 했어요.,操作する; 操る,彼は結果を操作しようとした。,操纵; 篡改,他试图操纵结果。,manipular,Intentó manipular los resultados.,thao túng; thay đổi,Anh ấy cố thao túng kết quả.,บิดเบือน; ชักใย,เขาพยายามบิดเบือนผลลัพธ์,memanipulasi,Dia mencoba memanipulasi hasilnya.
mature,He has become more mature since college.,성숙한; 성장한,그는 대학 이후로 더 성숙해졌어요.,成熟した; 大人の,大学以降彼はより成熟した。,成熟的,他大学毕业后变得更成熟了。,maduro,Se ha vuelto más maduro desde la universidad.,trưởng thành; chín chắn,Anh ấy trưởng thành hơn kể từ đại học.,เติบโต; สุกงอม,เขาเป็นผู้ใหญ่ขึ้นตั้งแต่เรียนมหาวิทยาลัย,dewasa; matang,Dia menjadi lebih dewasa sejak kuliah.
mechanism,The clock has a complex mechanism inside.,메커니즘; 기제,시계 내부에 복잡한 기계 장치가 있어요.,メカニズム; 機構,時計の中には複雑な機構がある。,机制; 机械装置,这个钟表内部有一个复杂的机制。,mecanismo,El reloj tiene un mecanismo complejo en su interior.,cơ chế; bộ máy,Đồng hồ có cơ chế phức tạp bên trong.,กลไก,นาฬิกามีกลไกซับซ้อนอยู่ข้างใน,mekanisme,Jam itu memiliki mekanisme yang rumit di dalamnya.
medium,Social media is a powerful communication medium.,매체; 중간,소셜 미디어는 강력한 소통 매체예요.,媒体; メディア; 中間,ソーシャルメディアは強力なコミュニケーション媒体だ。,媒介; 中等的,社交媒体是一种强大的传播媒介。,medio,Las redes sociales son un medio de comunicación poderoso.,phương tiện; truyền thông,Mạng xã hội là phương tiện giao tiếp mạnh mẽ.,สื่อ; ปานกลาง,สื่อสังคมเป็นสื่อการสื่อสารที่ทรงพลัง,media; medium,Media sosial adalah medium komunikasi yang kuat.
merit,The proposal has several merits.,장점; 가치,그 제안에는 여러 장점이 있어요.,利点; 長所; 功績,その提案にはいくつかの利点がある。,优点; 价值,该提案有几个优点。,mérito; ventaja,La propuesta tiene varios méritos.,ưu điểm; giá trị,Đề xuất có nhiều ưu điểm.,ข้อดี; คุณค่า,ข้อเสนอมีข้อดีหลายประการ,keunggulan; prestasi,Proposal itu memiliki beberapa keunggulan.
migration,Bird migration occurs every autumn.,이주; 이동,새의 이동은 매년 가을에 일어나요.,渡り; 移動; 移住,鳥の渡りは毎年秋に起こる。,迁徙; 移民,鸟类迁徙每年秋天发生。,migración,La migración de aves ocurre cada otoño.,sự di cư,Di cư chim xảy ra mỗi mùa thu.,การอพยพ,การอพยพของนกเกิดขึ้นทุกฤดูใบไม้ร่วง,migrasi,Migrasi burung terjadi setiap musim gugur.
minimize,We should minimize waste in the office.,최소화하다,사무실에서 낭비를 최소화해야 해요.,最小限にする,オフィスでの無駄を最小限にすべきだ。,最小化; 减少,我们应该尽量减少办公室浪费。,minimizar,Debemos minimizar los desperdicios en la oficina.,giảm thiểu,Chúng ta nên giảm thiểu lãng phí ở văn phòng.,ลดให้น้อยที่สุด,เราควรลดการสิ้นเปลืองในสำนักงานให้น้อยที่สุด,meminimalkan,Kita harus meminimalkan limbah di kantor.
minor,It was only a minor injury.,사소한; 경미한,그것은 사소한 부상에 불과했어요.,軽微な; 小さな,軽微なけがに過ぎなかった。,轻微的; 次要的,那只是一个轻微的伤。,menor; leve,Fue solo una lesión menor.,nhỏ; nhẹ,Đó chỉ là vết thương nhẹ.,เล็กน้อย; ไม่สำคัญ,มันเป็นเพียงอาการบาดเจ็บเล็กน้อย,kecil; ringan,Itu hanya cedera ringan.
modify,We need to modify the design slightly.,수정하다; 변경하다,디자인을 약간 수정해야 해요.,修正する; 変更する,デザインを少し修正する必要がある。,修改; 更改,我们需要稍微修改设计。,modificar,Necesitamos modificar el diseño ligeramente.,sửa đổi; thay đổi,Chúng tôi cần sửa đổi thiết kế một chút.,ปรับเปลี่ยน; แก้ไข,เราต้องปรับเปลี่ยนการออกแบบเล็กน้อย,memodifikasi; mengubah,Kami perlu memodifikasi desainnya sedikit.
motive,Police are trying to find the motive for the crime.,동기,경찰이 범죄의 동기를 찾으려고 해요.,動機,警察は犯罪の動機を見つけようとしている。,动机,警方正在试图找出犯罪动机。,motivo,La policía está tratando de encontrar el motivo del crimen.,động cơ; lý do,Cảnh sát đang tìm động cơ gây án.,แรงจูงใจ; สาเหตุ,ตำรวจพยายามหาแรงจูงใจในการก่ออาชญากรรม,motif; alasan,Polisi mencoba menemukan motif kejahatan tersebut.
mutual,They have a mutual respect for each other.,상호의; 서로의,그들은 서로를 존중해요.,互いの; 相互の,彼らは互いに尊敬し合っている。,互相的; 共同的,他们互相尊重。,mutuo; recíproco,Tienen un respeto mutuo el uno por el otro.,chung; lẫn nhau,Họ có sự tôn trọng lẫn nhau.,ร่วมกัน; ต่างตอบแทน,พวกเขามีความเคารพซึ่งกันและกัน,saling; timbal balik,Mereka saling menghormati satu sama lain.
neutral,Switzerland remained neutral during the war.,중립적인,스위스는 전쟁 동안 중립을 유지했어요.,中立の,スイスは戦争中中立を保った。,中立的,瑞士在战争期间保持中立。,neutral,Suiza permaneció neutral durante la guerra.,trung lập,Thụy Sĩ giữ trung lập trong chiến tranh.,เป็นกลาง,สวิตเซอร์แลนด์วางตัวเป็นกลางระหว่างสงคราม,netral,Swiss tetap netral selama perang.
norm,Tipping is a cultural norm in the United States.,규범; 기준,팁을 주는 것은 미국의 문화적 규범이에요.,規範; 基準,チップを渡すことはアメリカの文化的規範だ。,规范; 准则,给小费是美国的文化规范。,norma,Dar propina es una norma cultural en Estados Unidos.,chuẩn mực,Tiền tip là chuẩn mực văn hóa ở Mỹ.,บรรทัดฐาน,การให้ทิปเป็นบรรทัดฐานทางวัฒนธรรมในสหรัฐอเมริกา,norma; standar,Memberi tip adalah norma budaya di Amerika Serikat.
notion,I reject the notion that money brings happiness.,개념; 견해,돈이 행복을 가져온다는 생각을 거부해요.,概念; 考え,お金が幸福をもたらすという考えを拒否する。,概念; 想法,我拒绝金钱能带来幸福的观点。,noción; idea,Rechazo la noción de que el dinero trae felicidad.,quan niệm; ý kiến,Tôi bác bỏ quan niệm tiền mua được hạnh phúc.,ความคิด; แนวคิด,ฉันปฏิเสธแนวคิดที่ว่าเงินนำมาซึ่งความสุข,gagasan; anggapan,Saya menolak anggapan bahwa uang membawa kebahagiaan.
numerous,She has published numerous research papers.,다수의; 수많은,그녀는 수많은 연구 논문을 출판했어요.,多数の; 多くの,彼女は多数の研究論文を発表した。,许多的; 大量的,她发表了大量研究论文。,numeroso,Ha publicado numerosos artículos de investigación.,nhiều; vô số,Cô ấy đã công bố nhiều bài nghiên cứu.,จำนวนมาก; มากมาย,เธอตีพิมพ์บทความวิจัยจำนวนมาก,banyak; beberapa,Dia telah menerbitkan banyak makalah penelitian.
obstacle,Lack of funding is a major obstacle.,장애물; 방해,자금 부족이 주요 장애물이에요.,障害; 障壁,資金不足が大きな障害だ。,障碍,缺乏资金是一个主要障碍。,obstáculo,La falta de financiación es un gran obstáculo.,trở ngại; chướng ngại,Thiếu vốn là trở ngại lớn.,อุปสรรค,การขาดเงินทุนเป็นอุปสรรคสำคัญ,hambatan; rintangan,Kurangnya pendanaan adalah hambatan utama.
obtain,How can I obtain a visa for Japan?,얻다; 획득하다,일본 비자를 어떻게 얻을 수 있나요?,取得する; 入手する,日本のビザをどうやって取得できますか?,获得; 取得,我怎样才能获得日本签证？,obtener,¿Cómo puedo obtener una visa para Japón?,đạt được; xin,Làm sao tôi có thể xin visa đi Nhật?,ได้มา; ขอ,ฉันจะขอวีซ่าไปญี่ปุ่นได้อย่างไร,memperoleh; mendapatkan,Bagaimana saya bisa mendapatkan visa untuk Jepang?
occupy,The army occupied the city for two years.,점령하다; 차지하다,군대가 도시를 2년간 점령했어요.,占領する; 占める,軍が2年間その街を占領した。,占领; 占据,军队占领了这座城市两年。,ocupar,El ejército ocupó la ciudad durante dos años.,chiếm đóng,Quân đội chiếm đóng thành phố hai năm.,ยึดครอง; ครอบครอง,กองทัพยึดครองเมืองเป็นเวลาสองปี,menduduki; menempati,Tentara menduduki kota itu selama dua tahun.
ongoing,The investigation is still ongoing.,진행 중인,조사가 아직 진행 중이에요.,進行中の,調査はまだ進行中だ。,正在进行的,调查仍在进行中。,en curso; continuo,La investigación sigue en curso.,đang diễn ra,Cuộc điều tra vẫn đang diễn ra.,อยู่ระหว่างดำเนินการ,การสืบสวนยังคงดำเนินอยู่,sedang berlangsung,Penyelidikan masih berlangsung.
oppose,Many citizens opposed the new law.,반대하다,많은 시민들이 새 법에 반대했어요.,反対する,多くの市民が新しい法律に反対した。,反对,许多市民反对新法律。,oponerse a,Muchos ciudadanos se opusieron a la nueva ley.,phản đối,Nhiều công dân phản đối luật mới.,คัดค้าน; ต่อต้าน,พลเมืองจำนวนมากคัดค้านกฎหมายใหม่,menentang; menolak,Banyak warga menentang undang-undang baru itu.
orient,We need to orient new employees to the office.,적응시키다; 방향을 잡다,새 직원들을 사무실에 적응시켜야 해요.,適応させる; 方向付ける,新しい従業員をオフィスに適応させる必要がある。,使适应; 引导,我们需要让新员工适应办公室。,orientar,Necesitamos orientar a los nuevos empleados en la oficina.,hướng dẫn; định hướng,Chúng tôi cần hướng dẫn nhân viên mới.,ปฐมนิเทศ; จัดทิศทาง,เราต้องปฐมนิเทศพนักงานใหม่,mengorientasikan; memperkenalkan,Kami perlu mengorientasikan karyawan baru ke kantor.
outcome,The outcome of the election surprised everyone.,결과,선거 결과가 모두를 놀라게 했어요.,結果; 成果,選挙の結果が皆を驚かせた。,结果; 成果,选举结果让所有人都感到惊讶。,resultado; desenlace,El resultado de la elección sorprendió a todos.,kết quả,Kết quả bầu cử khiến mọi người ngạc nhiên.,ผลลัพธ์,ผลการเลือกตั้งทำให้ทุกคนประหลาดใจ,hasil; akibat,Hasil pemilihan mengejutkan semua orang.
outline,She outlined the main points of her presentation.,개요; 개략적으로 설명하다,그녀는 발표의 요점을 개략적으로 설명했어요.,概要; 概略を述べる,彼女はプレゼンテーションの要点を概説した。,概述; 大纲,她概述了演示的要点。,resumir; esquema,Ella delineó los puntos principales de su presentación.,phác thảo; nêu khái quát,Cô ấy phác thảo các điểm chính của bài thuyết trình.,สรุป; ร่าง,เธอสรุปประเด็นหลักของการนำเสนอ,menguraikan; garis besar,Dia menguraikan poin-poin utama presentasinya.
output,The factory increased its output by twenty percent.,생산량; 산출,공장 생산량이 20% 증가했어요.,生産量; 出力,工場が生産量を20%増加させた。,产量; 输出,工厂产量增加了百分之二十。,producción; resultado,La fábrica aumentó su producción un veinte por ciento.,sản lượng; đầu ra,Nhà máy tăng sản lượng hai mươi phần trăm.,ผลผลิต; เอาต์พุต,โรงงานเพิ่มผลผลิตขึ้นร้อยละยี่สิบ,output; produksi,Pabrik meningkatkan outputnya dua puluh persen.
overall,The overall quality of the product is good.,전체적인; 총체적인,제품의 전체적인 품질은 좋아요.,全体的な; 総合的な,製品の全体的な品質は良い。,总体的; 整体的,产品的整体质量很好。,general; total,La calidad general del producto es buena.,tổng thể; chung,Chất lượng tổng thể của sản phẩm tốt.,โดยรวม; ทั้งหมด,คุณภาพโดยรวมของผลิตภัณฑ์ดี,secara keseluruhan; menyeluruh,Kualitas keseluruhan produk itu bagus.
overcome,She overcame her fear of public speaking.,극복하다,그녀는 대중 연설에 대한 두려움을 극복했어요.,克服する; 乗り越える,彼女は人前で話す恐怖を克服した。,克服; 战胜,她克服了公开演讲的恐惧。,superar; vencer,Superó su miedo a hablar en público.,vượt qua; khắc phục,Cô ấy vượt qua nỗi sợ nói trước đám đông.,เอาชนะ; ข้ามพ้น,เธอเอาชนะความกลัวการพูดในที่สาธารณะ,mengatasi; menang atas,Dia mengatasi ketakutannya berbicara di depan umum.
overlap,The two projects overlap in several areas.,겹치다; 중복되다,두 프로젝트가 여러 영역에서 겹쳐요.,重なる; 重複する,二つのプロジェクトはいくつかの分野で重なっている。,重叠; 交叉,两个项目在几个方面有重叠。,superponerse; coincidir,Los dos proyectos se superponen en varias áreas.,trùng lặp; chồng chéo,Hai dự án chồng chéo ở nhiều lĩnh vực.,ทับซ้อน; เหลื่อมล้ำ,สองโปรเจกต์ทับซ้อนกันในหลายด้าน,tumpang tindih,Kedua proyek tumpang tindih di beberapa area.
perceive,Children perceive the world differently from adults.,인식하다,아이들은 어른과 다르게 세상을 인식한다.,知覚する,子どもは大人とは異なる方法で世界を知覚する。,感知,孩子们对世界的感知与成人不同。,percibir,Los niños perciben el mundo de manera diferente a los adultos.,nhận thức,Trẻ em nhận thức thế giới khác với người lớn.,รับรู้,เด็กรับรู้โลกแตกต่างจากผู้ใหญ่,memahami,Anak-anak memahami dunia secara berbeda dari orang dewasa.
cognitive,Cognitive development is rapid during early childhood.,인지적인,인지 발달은 유아기에 빠르게 진행된다.,認知の,認知発達は幼児期に急速に進む。,认知的,认知发展在幼儿期进展迅速。,cognitivo,El desarrollo cognitivo es rápido durante la primera infancia.,nhận thức,Phát triển nhận thức diễn ra nhanh chóng trong thời thơ ấu.,ทางปัญญา,พัฒนาการทางปัญญาเป็นไปอย่างรวดเร็วในช่วงวัยเด็ก,kognitif,Perkembangan kognitif berlangsung cepat selama masa kanak-kanak awal.
stimulus,The loud noise was an unexpected stimulus that startled everyone.,자극,큰 소음은 모두를 놀라게 한 예상치 못한 자극이었다.,刺激,大きな音は皆を驚かせた予想外の刺激だった。,刺激,那声巨响是一个让所有人吃惊的意外刺激。,estímulo,El ruido fuerte fue un estímulo inesperado que asustó a todos.,kích thích,Tiếng ồn lớn là một kích thích bất ngờ khiến mọi người giật mình.,สิ่งกระตุ้น,เสียงดังเป็นสิ่งกระตุ้นที่ไม่คาดคิดที่ทำให้ทุกคนตกใจ,rangsangan,Suara keras itu adalah rangsangan tak terduga yang mengejutkan semua orang.
disorder,Anxiety disorder affects millions of people worldwide.,장애,불안 장애는 전 세계 수백만 명에게 영향을 미친다.,障害,不安障害は世界中の何百万人もの人々に影響を与えている。,障碍,焦虑障碍影响着全球数百万人。,trastorno,El trastorno de ansiedad afecta a millones de personas en todo el mundo.,rối loạn,Rối loạn lo âu ảnh hưởng đến hàng triệu người trên thế giới.,ความผิดปกติ,โรควิตกกังวลส่งผลกระทบต่อผู้คนนับล้านทั่วโลก,gangguan,Gangguan kecemasan memengaruhi jutaan orang di seluruh dunia.
stereotype,We should challenge harmful stereotypes in society.,고정관념,우리는 사회의 해로운 고정관념에 도전해야 한다.,ステレオタイプ,私たちは社会の有害なステレオタイプに挑戦すべきだ。,刻板印象,我们应该挑战社会中有害的刻板印象。,estereotipo,Debemos desafiar los estereotipos dañinos en la sociedad.,định kiến,Chúng ta nên thách thức các định kiến có hại trong xã hội.,อคติแบบเหมารวม,เราควรท้าทายอคติแบบเหมารวมที่เป็นอันตรายในสังคม,stereotip,Kita harus menantang stereotip berbahaya dalam masyarakat.
poverty,Reducing poverty requires investment in education.,빈곤,빈곤을 줄이려면 교육에 대한 투자가 필요하다.,貧困,貧困の削減には教育への投資が必要である。,贫困,减少贫困需要对教育进行投资。,pobreza,Reducir la pobreza requiere inversión en educación.,nghèo đói,Giảm nghèo đói đòi hỏi đầu tư vào giáo dục.,ความยากจน,การลดความยากจนต้องมีการลงทุนในการศึกษา,kemiskinan,Mengurangi kemiskinan memerlukan investasi dalam pendidikan.
assimilate,Immigrants often struggle to assimilate into a new culture.,동화되다,이민자들은 종종 새로운 문화에 동화되는 데 어려움을 겪는다.,同化する,移民はしばしば新しい文化に同化するのに苦労する。,融入,移民常常很难融入新文化。,asimilarse,Los inmigrantes a menudo luchan por asimilarse a una nueva cultura.,hòa nhập,Người nhập cư thường gặp khó khăn khi hòa nhập vào nền văn hóa mới.,กลมกลืน,ผู้อพยพมักมีปัญหาในการกลมกลืนเข้ากับวัฒนธรรมใหม่,berasimilasi,Imigran sering kesulitan untuk berasimilasi ke dalam budaya baru.
hierarchy,The company has a strict management hierarchy.,위계,그 회사는 엄격한 경영 위계를 가지고 있다.,階層,その会社は厳格な経営階層を持っている。,等级制度,该公司有严格的管理等级制度。,jerarquía,La empresa tiene una estricta jerarquía de gestión.,hệ thống cấp bậc,Công ty có hệ thống cấp bậc quản lý nghiêm ngặt.,ลำดับชั้น,บริษัทมีลำดับชั้นการบริหารที่เข้มงวด,hierarki,Perusahaan itu memiliki hierarki manajemen yang ketat.
conform,Teenagers often feel pressure to conform to their peers.,순응하다,십대들은 종종 또래에 순응해야 한다는 압박을 느낀다.,順応する,十代の若者は仲間に順応するよう圧力を感じることが多い。,顺从,青少年常常感到来自同龄人的顺从压力。,conformarse,Los adolescentes a menudo sienten presión para conformarse con sus compañeros.,tuân theo,Thanh thiếu niên thường cảm thấy áp lực phải tuân theo bạn bè đồng trang lứa.,ทำตาม,วัยรุ่นมักรู้สึกกดดันที่จะทำตามเพื่อนฝูง,menyesuaikan diri,Remaja sering merasa tertekan untuk menyesuaikan diri dengan teman sebayanya.
cohesion,Social cohesion is essential for a stable community.,결속,사회적 결속은 안정적인 공동체에 필수적이다.,結束,社会的結束は安定したコミュニティに不可欠である。,凝聚力,社会凝聚力对稳定的社区至关重要。,cohesión,La cohesión social es esencial para una comunidad estable.,sự gắn kết,Sự gắn kết xã hội là thiết yếu cho một cộng đồng ổn định.,ความเป็นอันหนึ่งอันเดียวกัน,ความเป็นอันหนึ่งอันเดียวกันทางสังคมจำเป็นสำหรับชุมชนที่มั่นคง,kohesi,Kohesi sosial sangat penting untuk komunitas yang stabil.
marginalize,Policies that marginalize vulnerable groups must be reformed.,소외시키다,취약 계층을 소외시키는 정책은 개혁되어야 한다.,疎外する,脆弱な集団を疎外する政策は改革されなければならない。,边缘化,边缘化弱势群体的政策必须改革。,marginar,Las políticas que marginan a los grupos vulnerables deben ser reformadas.,gạt ra ngoài lề,Các chính sách gạt ra ngoài lề nhóm yếu thế cần được cải cách.,ผลักไสให้ชายขอบ,นโยบายที่ผลักไสกลุ่มเปราะบางให้ชายขอบต้องได้รับการปฏิรูป,meminggirkan,Kebijakan yang meminggirkan kelompok rentan harus direformasi.
solidarity,Workers showed solidarity by joining the strike.,연대,노동자들은 파업에 참여하여 연대를 보여주었다.,連帯,労働者たちはストライキに参加して連帯を示した。,团结,工人们通过参加罢工表现出团结。,solidaridad,Los trabajadores mostraron solidaridad uniéndose a la huelga.,đoàn kết,Công nhân thể hiện tinh thần đoàn kết bằng cách tham gia đình công.,ความสามัคคี,คนงานแสดงความสามัคคีด้วยการเข้าร่วมการประท้วง,solidaritas,Para pekerja menunjukkan solidaritas dengan bergabung dalam mogok kerja.
stakeholder,All stakeholders must be consulted before making changes.,이해관계자,변경 사항을 만들기 전에 모든 이해관계자와 상의해야 한다.,利害関係者,変更を行う前にすべての利害関係者に相談しなければならない。,利益相关者,在做出变更之前必须咨询所有利益相关者。,parte interesada,Todas las partes interesadas deben ser consultadas antes de hacer cambios.,bên liên quan,Tất cả các bên liên quan phải được tham vấn trước khi thực hiện thay đổi.,ผู้มีส่วนได้ส่วนเสีย,ผู้มีส่วนได้ส่วนเสียทุกฝ่ายต้องได้รับการปรึกษาก่อนทำการเปลี่ยนแปลง,pemangku kepentingan,Semua pemangku kepentingan harus dikonsultasikan sebelum membuat perubahan.
procurement,The procurement process must follow strict guidelines.,조달,조달 과정은 엄격한 지침을 따라야 한다.,調達,調達プロセスは厳格なガイドラインに従わなければならない。,采购,采购流程必须遵循严格的准则。,adquisición,El proceso de adquisición debe seguir directrices estrictas.,mua sắm,Quy trình mua sắm phải tuân theo các hướng dẫn nghiêm ngặt.,การจัดซื้อจัดจ้าง,กระบวนการจัดซื้อจัดจ้างต้องปฏิบัติตามแนวทางที่เข้มงวด,pengadaan,Proses pengadaan harus mengikuti pedoman yang ketat.
outsource,Many companies outsource their customer service operations.,외주하다,많은 회사가 고객 서비스 운영을 외주한다.,外注する,多くの企業が顧客サービス業務を外注している。,外包,许多公司将客服业务外包。,externalizar,Muchas empresas externalizan sus operaciones de servicio al cliente.,thuê ngoài,Nhiều công ty thuê ngoài hoạt động dịch vụ khách hàng.,จ้างภายนอก,หลายบริษัทจ้างภายนอกสำหรับการดำเนินงานบริการลูกค้า,mengalihdayakan,Banyak perusahaan mengalihdayakan operasi layanan pelanggan mereka.
benchmark,We use industry benchmarks to measure our performance.,기준,우리는 성과를 측정하기 위해 업계 기준을 사용한다.,ベンチマーク,私たちは業績を測定するために業界のベンチマークを使用している。,基准,我们使用行业基准来衡量我们的绩效。,referencia,Usamos referencias de la industria para medir nuestro rendimiento.,tiêu chuẩn đánh giá,Chúng tôi sử dụng tiêu chuẩn đánh giá ngành để đo lường hiệu suất.,เกณฑ์มาตรฐาน,เราใช้เกณฑ์มาตรฐานอุตสาหกรรมเพื่อวัดผลการดำเนินงาน,tolok ukur,Kami menggunakan tolok ukur industri untuk mengukur kinerja kami.
merger,The merger between the two banks created the largest financial institution.,합병,두 은행의 합병으로 최대 금융 기관이 탄생했다.,合併,二つの銀行の合併により最大の金融機関が誕生した。,合并,两家银行的合并创建了最大的金融机构。,fusión,La fusión entre los dos bancos creó la mayor institución financiera.,sáp nhập,Việc sáp nhập giữa hai ngân hàng đã tạo ra tổ chức tài chính lớn nhất.,การควบรวม,การควบรวมระหว่างสองธนาคารสร้างสถาบันการเงินที่ใหญ่ที่สุด,merger,Merger antara dua bank menciptakan institusi keuangan terbesar.
chronic,Chronic pain affects the quality of daily life.,만성적인,만성 통증은 일상 생활의 질에 영향을 미친다.,慢性の,慢性的な痛みは日常生活の質に影響を与える。,慢性的,慢性疼痛影响日常生活质量。,crónico,El dolor crónico afecta la calidad de la vida diaria.,mãn tính,Đau mãn tính ảnh hưởng đến chất lượng cuộc sống hàng ngày.,เรื้อรัง,อาการปวดเรื้อรังส่งผลกระทบต่อคุณภาพชีวิตประจำวัน,kronis,Nyeri kronis memengaruhi kualitas kehidupan sehari-hari.
prescribe,The doctor prescribed antibiotics for the infection.,처방하다,의사는 감염에 대해 항생제를 처방했다.,処方する,医師は感染症に対して抗生物質を処方した。,开处方,医生为感染开了抗生素处方。,recetar,El médico recetó antibióticos para la infección.,kê đơn,Bác sĩ kê đơn kháng sinh cho nhiễm trùng.,สั่งยา,แพทย์สั่งยาปฏิชีวนะสำหรับการติดเชื้อ,meresepkan,Dokter meresepkan antibiotik untuk infeksi tersebut.
immune,A strong immune system helps fight off infections.,면역의,강한 면역 체계는 감염을 퇴치하는 데 도움이 된다.,免疫の,強い免疫システムは感染症との闘いを助ける。,免疫的,强大的免疫系统有助于抵抗感染。,inmune,Un sistema inmune fuerte ayuda a combatir las infecciones.,miễn dịch,Hệ miễn dịch mạnh giúp chống lại nhiễm trùng.,ภูมิคุ้มกัน,ระบบภูมิคุ้มกันที่แข็งแรงช่วยต่อสู้กับการติดเชื้อ,imun,Sistem imun yang kuat membantu melawan infeksi.
surgical,The surgical procedure was completed successfully.,외과의,외과 수술이 성공적으로 완료되었다.,外科の,外科手術は無事に完了した。,外科的,外科手术顺利完成。,quirúrgico,El procedimiento quirúrgico se completó con éxito.,phẫu thuật,Thủ thuật phẫu thuật đã hoàn thành thành công.,ศัลยกรรม,การผ่าตัดเสร็จสิ้นอย่างประสบความสำเร็จ,bedah,Prosedur bedah berhasil diselesaikan.
pediatric,The hospital opened a new pediatric ward.,소아과의,병원은 새로운 소아과 병동을 개설했다.,小児科の,病院は新しい小児科病棟を開設した。,儿科的,医院开设了新的儿科病房。,pediátrico,El hospital abrió una nueva sala pediátrica.,nhi khoa,Bệnh viện mở khoa nhi mới.,กุมารเวชศาสตร์,โรงพยาบาลเปิดหอผู้ป่วยกุมารเวชศาสตร์แห่งใหม่,pediatri,Rumah sakit membuka bangsal pediatri baru.
zoning,Zoning regulations determine how land can be used.,용도 지정,용도 지정 규정은 토지가 어떻게 사용될 수 있는지 결정한다.,ゾーニング,ゾーニング規制は土地の使用方法を決定する。,分区,分区法规决定了土地的使用方式。,zonificación,Las regulaciones de zonificación determinan cómo se puede usar la tierra.,quy hoạch phân vùng,Quy định quy hoạch phân vùng xác định cách sử dụng đất.,การแบ่งเขต,กฎระเบียบการแบ่งเขตกำหนดวิธีการใช้ที่ดิน,zonasi,Peraturan zonasi menentukan bagaimana lahan dapat digunakan.
sustainable,The city adopted a sustainable development plan.,지속 가능한,도시는 지속 가능한 개발 계획을 채택했다.,持続可能な,市は持続可能な開発計画を採用した。,可持续的,该城市采纳了可持续发展计划。,sostenible,La ciudad adoptó un plan de desarrollo sostenible.,bền vững,Thành phố thông qua kế hoạch phát triển bền vững.,ยั่งยืน,เมืองนำแผนพัฒนาอย่างยั่งยืนมาใช้,berkelanjutan,Kota tersebut mengadopsi rencana pembangunan berkelanjutan.
renovation,The building renovation will take approximately six months.,보수 공사,건물 보수 공사는 약 6개월이 걸릴 것이다.,改修,建物の改修にはおよそ6ヶ月かかる予定だ。,翻新,建筑翻新大约需要六个月。,renovación,La renovación del edificio tomará aproximadamente seis meses.,cải tạo,Việc cải tạo tòa nhà sẽ mất khoảng sáu tháng.,การปรับปรุง,การปรับปรุงอาคารจะใช้เวลาประมาณหกเดือน,renovasi,Renovasi bangunan akan memakan waktu sekitar enam bulan.
municipal,The municipal government approved the new park project.,시립의,시립 정부가 새 공원 프로젝트를 승인했다.,市の,市政府が新しい公園プロジェクトを承認した。,市政的,市政府批准了新公园项目。,municipal,El gobierno municipal aprobó el nuevo proyecto del parque.,thành phố,Chính quyền thành phố phê duyệt dự án công viên mới.,เทศบาล,รัฐบาลเทศบาลอนุมัติโครงการสวนสาธารณะแห่งใหม่,kota,Pemerintah kota menyetujui proyek taman baru.
density,High population density creates challenges for city planners.,밀도,높은 인구 밀도는 도시 계획자에게 도전 과제를 만든다.,密度,高い人口密度は都市計画者にとって課題を生み出す。,密度,高人口密度给城市规划者带来挑战。,densidad,La alta densidad de población crea desafíos para los planificadores urbanos.,mật độ,Mật độ dân số cao tạo ra thách thức cho các nhà quy hoạch đô thị.,ความหนาแน่น,ความหนาแน่นของประชากรสูงสร้างความท้าทายให้กับนักวางแผนเมือง,kepadatan,Kepadatan populasi yang tinggi menciptakan tantangan bagi perencana kota.
journalism,Investigative journalism plays a vital role in democracy.,저널리즘,탐사 저널리즘은 민주주의에서 중요한 역할을 한다.,ジャーナリズム,調査報道はの民主主義において重要な役割を果たしている。,新闻业,调查新闻在民主制度中发挥着重要作用。,periodismo,El periodismo de investigación juega un papel vital en la democracia.,báo chí,Báo chí điều tra đóng vai trò quan trọng trong nền dân chủ.,วารสารศาสตร์,วารสารศาสตร์เชิงสืบสวนมีบทบาทสำคัญในระบอบประชาธิปไตย,jurnalisme,Jurnalisme investigasi memainkan peran penting dalam demokrasi.
compulsive,Compulsive shopping can become a serious financial problem.,강박적인,강박적인 쇼핑은 심각한 재정 문제가 될 수 있다.,強迫的な,強迫的な買い物は深刻な経済的問題になりうる。,强迫性的,强迫性购物可能成为严重的财务问题。,compulsivo,Las compras compulsivas pueden convertirse en un problema financiero serio.,cưỡng bức,Mua sắm cưỡng bức có thể trở thành vấn đề tài chính nghiêm trọng.,หมกมุ่น,การชอปปิงแบบหมกมุ่นอาจกลายเป็นปัญหาทางการเงินที่ร้ายแรง,kompulsif,Belanja kompulsif bisa menjadi masalah keuangan yang serius.
resilience,Building resilience helps people cope with adversity.,회복력,회복력을 키우면 역경에 대처하는 데 도움이 된다.,レジリエンス,レジリエンスを築くことは人々が逆境に対処するのを助ける。,韧性,培养韧性帮助人们应对逆境。,resiliencia,Construir resiliencia ayuda a las personas a afrontar la adversidad.,sức chống chịu,Xây dựng sức chống chịu giúp con người đối phó với nghịch cảnh.,ความยืดหยุ่น,การสร้างความยืดหยุ่นช่วยให้ผู้คนรับมือกับความทุกข์ยาก,ketahanan,Membangun ketahanan membantu orang mengatasi kesulitan.
phobia,Her phobia of flying prevented her from traveling abroad.,공포증,그녀의 비행 공포증은 해외여행을 막았다.,恐怖症,彼女の飛行恐怖症は海外旅行を妨げた。,恐惧症,她的飞行恐惧症阻碍了她出国旅行。,fobia,Su fobia a volar le impedía viajar al extranjero.,ám ảnh sợ,Chứng ám ảnh sợ bay ngăn cô ấy đi du lịch nước ngoài.,โรคกลัว,โรคกลัวการบินของเธอทำให้เธอไม่สามารถเดินทางไปต่างประเทศได้,fobia,Fobianya terhadap terbang menghalanginya bepergian ke luar negeri.
narcissism,Narcissism involves an excessive need for admiration.,나르시시즘,나르시시즘은 칭찬에 대한 과도한 욕구를 포함한다.,ナルシシズム,ナルシシズムは称賛への過度な欲求を伴う。,自恋,自恋涉及对赞美的过度需求。,narcisismo,El narcisismo implica una necesidad excesiva de admiración.,tự ái,Tự ái liên quan đến nhu cầu quá mức về sự ngưỡng mộ.,ความหลงตัวเอง,ความหลงตัวเองเกี่ยวข้องกับความต้องการการชื่นชมมากเกินไป,narsisme,Narsisme melibatkan kebutuhan berlebihan akan kekaguman.
introvert,As an introvert he preferred small gatherings over large parties.,내향적인 사람,내향적인 그는 큰 파티보다 소규모 모임을 선호했다.,内向的な人,内向的な彼は大きなパーティーよりも少人数の集まりを好んだ。,内向者,作为一个内向者，他更喜欢小型聚会而非大型派对。,introvertido,Como introvertido prefería las reuniones pequeñas a las grandes fiestas.,người hướng nội,"Là người hướng nội, anh ấy thích các buổi tụ họp nhỏ hơn các bữa tiệc lớn.",คนเก็บตัว,ในฐานะคนเก็บตัว เขาชอบการรวมกลุ่มเล็กๆ มากกว่างานปาร์ตี้ใหญ่,introvert,Sebagai seorang introvert dia lebih suka pertemuan kecil daripada pesta besar.
procrastinate,Students often procrastinate when facing difficult assignments.,미루다,학생들은 어려운 과제에 직면하면 종종 미룬다.,先延ばしにする,学生は難しい課題に直面するとよく先延ばしにする。,拖延,学生面对困难的作业时经常拖延。,procrastinar,Los estudiantes a menudo procrastinan cuando enfrentan tareas difíciles.,trì hoãn,Sinh viên thường trì hoãn khi đối mặt với bài tập khó.,ผัดวันประกันพรุ่ง,นักเรียนมักผัดวันประกันพรุ่งเมื่อเผชิญกับงานที่ยาก,menunda-nunda,Siswa sering menunda-nunda ketika menghadapi tugas yang sulit.
privatize,The government decided to privatize the national railway.,민영화하다,정부는 국철을 민영화하기로 결정했다.,民営化する,政府は国鉄を民営化することを決定した。,私有化,政府决定将国铁私有化。,privatizar,El gobierno decidió privatizar el ferrocarril nacional.,tư nhân hóa,Chính phủ quyết định tư nhân hóa đường sắt quốc gia.,แปรรูป,รัฐบาลตัดสินใจแปรรูปการรถไฟแห่งชาติ,memprivatisasi,Pemerintah memutuskan untuk memprivatisasi kereta api nasional.
subsidize,The government subsidizes renewable energy projects.,보조금을 지급하다,정부는 재생 에너지 프로젝트에 보조금을 지급한다.,補助金を出す,政府は再生可能エネルギー事業に補助金を出している。,补贴,政府补贴可再生能源项目。,subsidiar,El gobierno subsidia proyectos de energía renovable.,trợ cấp,Chính phủ trợ cấp các dự án năng lượng tái tạo.,อุดหนุน,รัฐบาลอุดหนุนโครงการพลังงานหมุนเวียน,mensubsidi,Pemerintah mensubsidi proyek energi terbarukan.
workforce,The aging workforce poses challenges for many industries.,노동력,고령화 노동력은 많은 산업에 도전 과제를 제기한다.,労働力,高齢化する労働力は多くの産業に課題をもたらしている。,劳动力,老龄化劳动力给许多行业带来挑战。,fuerza laboral,La fuerza laboral envejecida plantea desafíos para muchas industrias.,lực lượng lao động,Lực lượng lao động già hóa đặt ra thách thức cho nhiều ngành.,กำลังแรงงาน,กำลังแรงงานที่สูงอายุสร้างความท้าทายให้กับหลายอุตสาหกรรม,tenaga kerja,Tenaga kerja yang menua menimbulkan tantangan bagi banyak industri.
turnover,High employee turnover increases recruitment costs.,이직률,높은 직원 이직률은 채용 비용을 증가시킨다.,離職率,高い離職率は採用コストを増加させる。,人员流动率,高员工流动率增加了招聘成本。,rotación,La alta rotación de empleados aumenta los costos de contratación.,tỷ lệ nghỉ việc,Tỷ lệ nghỉ việc cao làm tăng chi phí tuyển dụng.,อัตราการลาออก,อัตราการลาออกของพนักงานที่สูงเพิ่มค่าใช้จ่ายในการสรรหา,pergantian karyawan,Pergantian karyawan yang tinggi meningkatkan biaya perekrutan.
delegation,Effective delegation is a key management skill.,위임,효과적인 위임은 핵심 관리 기술이다.,委任,効果的な委任は重要なマネジメントスキルである。,授权,有效授权是关键的管理技能。,delegación,La delegación efectiva es una habilidad de gestión clave.,ủy quyền,Ủy quyền hiệu quả là kỹ năng quản lý then chốt.,การมอบหมาย,การมอบหมายงานอย่างมีประสิทธิภาพเป็นทักษะการจัดการที่สำคัญ,delegasi,Delegasi yang efektif adalah keterampilan manajemen utama.
entrepreneur,The young entrepreneur launched a successful tech startup.,기업가,젊은 기업가는 성공적인 기술 스타트업을 시작했다.,起業家,若い起業家は成功したテクノロジースタートアップを立ち上げた。,企业家,这位年轻的企业家创办了一家成功的科技初创公司。,emprendedor,El joven emprendedor lanzó una exitosa startup tecnológica.,doanh nhân,Doanh nhân trẻ đã ra mắt một công ty khởi nghiệp công nghệ thành công.,ผู้ประกอบการ,ผู้ประกอบการหนุ่มเปิดตัวสตาร์ทอัพเทคโนโลยีที่ประสบความสำเร็จ,pengusaha,Pengusaha muda itu meluncurkan startup teknologi yang sukses.
comply,All employees must comply with the safety regulations.,준수하다,모든 직원은 안전 규정을 준수해야 한다.,遵守する,すべての従業員は安全規則を遵守しなければならない。,遵守,所有员工必须遵守安全规定。,cumplir,Todos los empleados deben cumplir con las regulaciones de seguridad.,tuân thủ,Tất cả nhân viên phải tuân thủ các quy định an toàn.,ปฏิบัติตาม,พนักงานทุกคนต้องปฏิบัติตามกฎระเบียบด้านความปลอดภัย,mematuhi,Semua karyawan harus mematuhi peraturan keselamatan.
morale,The team-building activities boosted employee morale.,사기,팀 빌딩 활동이 직원 사기를 높였다.,士気,チームビルディング活動は従業員の士気を高めた。,士气,团建活动提升了员工士气。,moral,Las actividades de trabajo en equipo elevaron la moral de los empleados.,tinh thần,Các hoạt động xây dựng đội nhóm nâng cao tinh thần nhân viên.,ขวัญกำลังใจ,กิจกรรมสร้างทีมช่วยเพิ่มขวัญกำลังใจของพนักงาน,semangat,Kegiatan membangun tim meningkatkan semangat karyawan.
outpatient,Outpatient treatment allows patients to recover at home.,외래 환자,외래 치료를 통해 환자는 집에서 회복할 수 있다.,外来患者,外来治療により患者は自宅で回復できる。,门诊,门诊治疗允许患者在家康复。,ambulatorio,El tratamiento ambulatorio permite a los pacientes recuperarse en casa.,ngoại trú,Điều trị ngoại trú cho phép bệnh nhân hồi phục tại nhà.,ผู้ป่วยนอก,การรักษาผู้ป่วยนอกช่วยให้ผู้ป่วยฟื้นตัวที่บ้านได้,rawat jalan,Perawatan rawat jalan memungkinkan pasien pulih di rumah.
screening,Regular health screening can detect diseases early.,검진,정기 건강 검진은 질병을 조기에 발견할 수 있다.,検診,定期的な健康検診は病気を早期に発見できる。,筛查,定期健康筛查可以早期发现疾病。,examen,Los exámenes de salud regulares pueden detectar enfermedades tempranamente.,tầm soát,Tầm soát sức khỏe định kỳ có thể phát hiện bệnh sớm.,การตรวจคัดกรอง,การตรวจคัดกรองสุขภาพเป็นประจำสามารถตรวจพบโรคได้ตั้งแต่เนิ่นๆ,skrining,Skrining kesehatan rutin dapat mendeteksi penyakit sejak dini.
prevalence,The prevalence of diabetes has increased dramatically.,유병률,당뇨병 유병률이 급격히 증가했다.,有病率,糖尿病の有病率は劇的に増加している。,患病率,糖尿病的患病率急剧上升。,prevalencia,La prevalencia de la diabetes ha aumentado dramáticamente.,tỷ lệ mắc,Tỷ lệ mắc bệnh tiểu đường đã tăng đáng kể.,ความชุก,ความชุกของโรคเบาหวานเพิ่มขึ้นอย่างมาก,prevalensi,Prevalensi diabetes telah meningkat secara dramatis.
wellness,Corporate wellness programs improve employee health.,웰니스,기업 웰니스 프로그램은 직원 건강을 향상시킨다.,ウェルネス,企業のウェルネスプログラムは従業員の健康を改善する。,健康,企业健康计划改善了员工的健康状况。,bienestar,Los programas de bienestar corporativo mejoran la salud de los empleados.,sức khỏe toàn diện,Chương trình sức khỏe toàn diện của doanh nghiệp cải thiện sức khỏe nhân viên.,สุขภาวะ,โปรแกรมสุขภาวะขององค์กรปรับปรุงสุขภาพพนักงาน,kesehatan,Program kesehatan perusahaan meningkatkan kesehatan karyawan.
gentrify,The neighborhood began to gentrify when new cafes opened.,젠트리파이하다,새 카페가 열리면서 동네가 젠트리피케이션되기 시작했다.,ジェントリフィケーションする,新しいカフェが開店し始めて地域がジェントリフィケーションし始めた。,中产阶级化,随着新咖啡馆的开业，该社区开始中产阶级化。,gentrificar,El barrio comenzó a gentrificarse cuando abrieron nuevos cafés.,quý tộc hóa,Khu phố bắt đầu quý tộc hóa khi các quán cà phê mới mở.,เปลี่ยนเป็นย่านหรู,ย่านนั้นเริ่มเปลี่ยนเป็นย่านหรูเมื่อมีคาเฟ่ใหม่เปิด,gentrifikasi,Lingkungan itu mulai mengalami gentrifikasi ketika kafe baru dibuka.
amenity,The apartment complex offers many amenities including a gym and pool.,편의 시설,아파트 단지는 체육관과 수영장을 포함한 많은 편의 시설을 제공한다.,設備,そのマンションはジムやプールなど多くの設備を提供している。,便利设施,该公寓小区提供许多便利设施，包括健身房和游泳池。,comodidad,El complejo de apartamentos ofrece muchas comodidades incluyendo un gimnasio y piscina.,tiện nghi,Khu chung cư cung cấp nhiều tiện nghi bao gồm phòng tập và hồ bơi.,สิ่งอำนวยความสะดวก,คอนโดมิเนียมมีสิ่งอำนวยความสะดวกมากมายรวมถึงยิมและสระว่ายน้ำ,fasilitas,Kompleks apartemen menawarkan banyak fasilitas termasuk gym dan kolam renang.
sprawl,Urban sprawl has consumed much of the surrounding farmland.,무분별한 확장,도시의 무분별한 확장이 주변 농지의 많은 부분을 잠식했다.,スプロール,都市のスプロールは周辺の農地の多くを消費してきた。,蔓延,城市蔓延已经吞噬了大量周边农田。,expansión urbana,La expansión urbana ha consumido gran parte de las tierras agrícolas circundantes.,mở rộng tràn lan,Sự mở rộng tràn lan của đô thị đã chiếm nhiều đất nông nghiệp xung quanh.,การขยายตัวของเมือง,การขยายตัวของเมืองได้กลืนกินพื้นที่เกษตรกรรมโดยรอบเป็นจำนวนมาก,perluasan kota,Perluasan kota telah menghabiskan banyak lahan pertanian di sekitarnya.
affiliate,She became an affiliate of the professional organization.,제휴하다,그녀는 전문 기관의 제휴 회원이 되었다.,提携する,彼女はその専門組織の提携メンバーになった。,附属,她成为该专业组织的附属成员。,afiliarse,Ella se afilió a la organización profesional.,liên kết,Cô ấy trở thành thành viên liên kết của tổ chức chuyên nghiệp.,สังกัด,เธอเข้าสังกัดองค์กรวิชาชีพ,berafiliasi,Dia menjadi afiliasi dari organisasi profesional tersebut.
disrupt,New technology continues to disrupt traditional industries.,파괴하다,새로운 기술이 전통 산업을 계속 파괴하고 있다.,破壊する,新しいテクノロジーは伝統的な産業を破壊し続けている。,颠覆,新技术持续颠覆传统行业。,disrumpir,La nueva tecnología continúa disrumpiendo las industrias tradicionales.,phá vỡ,Công nghệ mới tiếp tục phá vỡ các ngành công nghiệp truyền thống.,ก่อกวน,เทคโนโลยีใหม่ยังคงก่อกวนอุตสาหกรรมดั้งเดิม,mengganggu,Teknologi baru terus mengganggu industri tradisional.
retention,Employee retention is a priority for the HR department.,유지,직원 유지는 인사부의 우선 과제이다.,維持,従業員の維持は人事部の優先事項である。,留任,员工留任是人力资源部的优先事项。,retención,La retención de empleados es una prioridad para el departamento de recursos humanos.,giữ chân,Giữ chân nhân viên là ưu tiên của phòng nhân sự.,การรักษาไว้,การรักษาพนักงานเป็นสิ่งสำคัญอันดับแรกของฝ่ายทรัพยากรบุคคล,retensi,Retensi karyawan adalah prioritas bagi departemen SDM.
deregulate,The government plans to deregulate the energy sector.,규제를 철폐하다,정부는 에너지 부문의 규제를 철폐할 계획이다.,規制緩和する,政府はエネルギー部門の規制緩和を計画している。,放松管制,政府计划放松能源行业的管制。,desregular,El gobierno planea desregular el sector energético.,bãi bỏ quy định,Chính phủ có kế hoạch bãi bỏ quy định ngành năng lượng.,ยกเลิกกฎระเบียบ,รัฐบาลวางแผนที่จะยกเลิกกฎระเบียบภาคพลังงาน,deregulasi,Pemerintah berencana melakukan deregulasi sektor energi.
socialize,Children learn to socialize through play and group activities.,사회화하다,아이들은 놀이와 단체 활동을 통해 사회화를 배운다.,社会化する,子どもたちは遊びや集団活動を通じて社会化を学ぶ。,社交,孩子们通过游戏和集体活动学会社交。,socializar,Los niños aprenden a socializar a través del juego y actividades grupales.,giao tiếp xã hội,Trẻ em học giao tiếp xã hội thông qua trò chơi và hoạt động nhóm.,เข้าสังคม,เด็กเรียนรู้การเข้าสังคมผ่านการเล่นและกิจกรรมกลุ่ม,bersosialisasi,Anak-anak belajar bersosialisasi melalui permainan dan kegiatan kelompok.
stigma,There is still a stigma attached to seeking psychiatric help.,낙인,정신과 도움을 구하는 것에 여전히 낙인이 붙어 있다.,スティグマ,精神科の助けを求めることにはまだスティグマが付きまとう。,污名,寻求精神科帮助仍然存在污名。,estigma,Todavía existe un estigma asociado a buscar ayuda psiquiátrica.,kỳ thị,Vẫn còn sự kỳ thị gắn liền với việc tìm kiếm trợ giúp tâm thần.,ตราบาป,ยังมีตราบาปที่เกี่ยวข้องกับการขอความช่วยเหลือทางจิตเวช,stigma,Masih ada stigma yang melekat pada pencarian bantuan psikiatri.
stratify,Society tends to stratify people based on wealth.,계층화하다,사회는 부에 기반하여 사람들을 계층화하는 경향이 있다.,階層化する,社会は富に基づいて人々を階層化する傾向がある。,分层,社会往往根据财富对人进行分层。,estratificar,La sociedad tiende a estratificar a las personas según su riqueza.,phân tầng,Xã hội có xu hướng phân tầng con người dựa trên sự giàu có.,แบ่งชนชั้น,สังคมมักแบ่งชนชั้นผู้คนตามความมั่งคั่ง,menstratifikasi,Masyarakat cenderung menstratifikasi orang berdasarkan kekayaan.
advocacy,Advocacy groups pushed for stronger environmental laws.,옹호,옹호 단체들이 더 강력한 환경법을 추진했다.,支援活動,支援活動団体はより強力な環境法の制定を推進した。,倡导,倡导团体推动了更强有力的环境法律。,defensa,Los grupos de defensa presionaron por leyes ambientales más fuertes.,vận động,Các nhóm vận động thúc đẩy luật môi trường mạnh mẽ hơn.,การสนับสนุน,กลุ่มสนับสนุนผลักดันกฎหมายสิ่งแวดล้อมที่เข้มงวดขึ้น,advokasi,Kelompok advokasi mendorong undang-undang lingkungan yang lebih kuat.
correlate,Studies correlate regular exercise with improved mental health.,상관관계가 있다,연구에 따르면 규칙적인 운동은 개선된 정신 건강과 상관관계가 있다.,相関する,研究は定期的な運動と精神的健康の改善の相関を示している。,相关,研究表明规律运动与心理健康改善相关。,correlacionar,Los estudios correlacionan el ejercicio regular con una mejor salud mental.,tương quan,Các nghiên cứu cho thấy mối tương quan giữa tập thể dục thường xuyên và sức khỏe tâm thần cải thiện.,สัมพันธ์กัน,การศึกษาพบว่าการออกกำลังกายสม่ำเสมอสัมพันธ์กับสุขภาพจิตที่ดีขึ้น,berkorelasi,Studi mengkorelasikan olahraga teratur dengan peningkatan kesehatan mental.
allocate,The government decided to allocate more funds to renewable energy research.,할당하다,정부는 재생 에너지 연구에 더 많은 자금을 할당하기로 결정했다.,割り当てる,政府は再生可能エネルギー研究により多くの資金を割り当てることを決定した。,分配,政府决定将更多资金分配给可再生能源研究。,asignar,El gobierno decidió asignar más fondos a la investigación de energía renovable.,phân bổ,Chính phủ quyết định phân bổ thêm ngân sách cho nghiên cứu năng lượng tái tạo.,จัดสรร,รัฐบาลตัดสินใจจัดสรรเงินทุนเพิ่มเติมให้กับการวิจัยพลังงานหมุนเวียน,mengalokasikan,Pemerintah memutuskan untuk mengalokasikan lebih banyak dana untuk penelitian energi terbarukan.
automate,Many factories automate their production lines to increase efficiency.,자동화하다,많은 공장이 효율성을 높이기 위해 생산 라인을 자동화한다.,自動化する,多くの工場は効率を上げるために生産ラインを自動化している。,自动化,许多工厂自动化生产线以提高效率。,automatizar,Muchas fábricas automatizan sus líneas de producción para aumentar la eficiencia.,tự động hóa,Nhiều nhà máy tự động hóa dây chuyền sản xuất để tăng hiệu quả.,ทำให้เป็นอัตโนมัติ,หลายโรงงานทำให้สายการผลิตเป็นอัตโนมัติเพื่อเพิ่มประสิทธิภาพ,mengotomatisasi,Banyak pabrik mengotomatisasi lini produksi mereka untuk meningkatkan efisiensi.
bilateral,The two countries signed a bilateral trade agreement last month.,양자간의,두 나라는 지난달 양자간 무역 협정에 서명했다.,二国間の,両国は先月二国間貿易協定に署名した。,双边的,两国上个月签署了双边贸易协定。,bilateral,Los dos países firmaron un acuerdo comercial bilateral el mes pasado.,song phương,Hai nước đã ký thỏa thuận thương mại song phương vào tháng trước.,ทวิภาคี,ทั้งสองประเทศลงนามข้อตกลงการค้าทวิภาคีเมื่อเดือนที่แล้ว,bilateral,Kedua negara menandatangani perjanjian perdagangan bilateral bulan lalu.
biodiversity,Protecting biodiversity is essential for maintaining healthy ecosystems.,생물 다양성,생물 다양성을 보호하는 것은 건강한 생태계를 유지하는 데 필수적이다.,生物多様性,生物多様性を守ることは健全な生態系の維持に不可欠である。,生物多样性,保护生物多样性对于维持健康的生态系统至关重要。,biodiversidad,Proteger la biodiversidad es esencial para mantener ecosistemas saludables.,đa dạng sinh học,Bảo vệ đa dạng sinh học là điều cần thiết để duy trì hệ sinh thái khỏe mạnh.,ความหลากหลายทางชีวภาพ,การปกป้องความหลากหลายทางชีวภาพเป็นสิ่งจำเป็นสำหรับการรักษาระบบนิเวศที่ดี,keanekaragaman hayati,Melindungi keanekaragaman hayati sangat penting untuk menjaga ekosistem yang sehat.
blueprint,The education reform blueprint includes plans for digital literacy programs.,청사진,교육 개혁 청사진에는 디지털 리터러시 프로그램 계획이 포함되어 있다.,青写真,教育改革の青写真にはデジタルリテラシープログラムの計画が含まれている。,蓝图,教育改革蓝图包括数字素养项目的计划。,plan maestro,El plan maestro de reforma educativa incluye programas de alfabetización digital.,kế hoạch chi tiết,Kế hoạch chi tiết cải cách giáo dục bao gồm các chương trình xóa mù công nghệ số.,แผนพิมพ์เขียว,แผนพิมพ์เขียวการปฏิรูปการศึกษารวมถึงแผนงานด้านการรู้ดิจิทัล,cetak biru,Cetak biru reformasi pendidikan mencakup rencana program literasi digital.
boost,The new policy aims to boost economic growth in rural areas.,촉진하다,새로운 정책은 농촌 지역의 경제 성장을 촉진하는 것을 목표로 한다.,促進する,新しい政策は農村地域の経済成長を促進することを目指している。,促进,新政策旨在促进农村地区的经济增长。,impulsar,La nueva política tiene como objetivo impulsar el crecimiento económico en áreas rurales.,thúc đẩy,Chính sách mới nhằm thúc đẩy tăng trưởng kinh tế ở vùng nông thôn.,กระตุ้น,นโยบายใหม่มีเป้าหมายเพื่อกระตุ้นการเติบโตทางเศรษฐกิจในพื้นที่ชนบท,mendorong,Kebijakan baru ini bertujuan untuk mendorong pertumbuhan ekonomi di daerah pedesaan.
carbon,Reducing carbon emissions is a global priority for combating climate change.,탄소,탄소 배출을 줄이는 것은 기후 변화에 대응하기 위한 전 세계적 우선 과제이다.,炭素,炭素排出量の削減は気候変動対策の世界的な優先事項である。,碳,减少碳排放是应对气候变化的全球优先事项。,carbono,Reducir las emisiones de carbono es una prioridad global para combatir el cambio climático.,carbon,Giảm phát thải carbon là ưu tiên toàn cầu để chống biến đổi khí hậu.,คาร์บอน,การลดการปล่อยคาร์บอนเป็นสิ่งสำคัญระดับโลกเพื่อต่อสู้กับการเปลี่ยนแปลงสภาพภูมิอากาศ,karbon,Mengurangi emisi karbon adalah prioritas global untuk memerangi perubahan iklim.
certificate,She earned a professional certificate in data science.,자격증,그녀는 데이터 과학 전문 자격증을 취득했다.,資格証,彼女はデータサイエンスの専門資格証を取得した。,证书,她获得了数据科学专业证书。,certificado,Ella obtuvo un certificado profesional en ciencia de datos.,chứng chỉ,Cô ấy đã đạt được chứng chỉ chuyên nghiệp về khoa học dữ liệu.,ใบรับรอง,เธอได้รับใบรับรองวิชาชีพด้านวิทยาศาสตร์ข้อมูล,sertifikat,Dia memperoleh sertifikat profesional dalam ilmu data.
compatible,The new software is compatible with most operating systems.,호환되는,새로운 소프트웨어는 대부분의 운영 체제와 호환된다.,互換性のある,新しいソフトウェアはほとんどのオペレーティングシステムと互換性がある。,兼容的,新软件与大多数操作系统兼容。,compatible,El nuevo software es compatible con la mayoría de los sistemas operativos.,tương thích,Phần mềm mới tương thích với hầu hết các hệ điều hành.,เข้ากันได้,ซอฟต์แวร์ใหม่เข้ากันได้กับระบบปฏิบัติการส่วนใหญ่,kompatibel,Perangkat lunak baru ini kompatibel dengan sebagian besar sistem operasi.
compliance,All companies must ensure compliance with environmental regulations.,준수,모든 기업은 환경 규정 준수를 보장해야 한다.,遵守,すべての企業は環境規制の遵守を確保しなければならない。,合规,所有公司必须确保遵守环境法规。,cumplimiento,Todas las empresas deben garantizar el cumplimiento de las regulaciones ambientales.,tuân thủ,Tất cả các công ty phải đảm bảo tuân thủ các quy định về môi trường.,การปฏิบัติตาม,บริษัททุกแห่งต้องมั่นใจว่าปฏิบัติตามกฎระเบียบด้านสิ่งแวดล้อม,kepatuhan,Semua perusahaan harus memastikan kepatuhan terhadap peraturan lingkungan.
comprehensive,The university offers a comprehensive curriculum for engineering students.,포괄적인,그 대학교는 공학과 학생들을 위한 포괄적인 교육 과정을 제공한다.,包括的な,その大学は工学部の学生に包括的なカリキュラムを提供している。,全面的,该大学为工程专业学生提供全面的课程体系。,integral,La universidad ofrece un currículo integral para los estudiantes de ingeniería.,toàn diện,Trường đại học cung cấp chương trình giảng dạy toàn diện cho sinh viên kỹ thuật.,ครอบคลุม,มหาวิทยาลัยเสนอหลักสูตรที่ครอบคลุมสำหรับนักศึกษาวิศวกรรม,komprehensif,Universitas menawarkan kurikulum yang komprehensif untuk mahasiswa teknik.
consensus,The committee reached a consensus on the new trade policy.,합의,위원회는 새로운 무역 정책에 대한 합의에 도달했다.,合意,委員会は新しい貿易政策について合意に達した。,共识,委员会就新贸易政策达成了共识。,consenso,El comité alcanzó un consenso sobre la nueva política comercial.,đồng thuận,Ủy ban đã đạt được đồng thuận về chính sách thương mại mới.,ฉันทามติ,คณะกรรมการบรรลุฉันทามติเกี่ยวกับนโยบายการค้าใหม่,konsensus,Komite mencapai konsensus tentang kebijakan perdagangan baru.
constraint,Budget constraints forced the school to reduce its staff.,제약,예산 제약으로 학교는 직원을 줄여야 했다.,制約,予算の制約により学校はスタッフを削減せざるを得なかった。,限制,预算限制迫使学校减少员工。,restricción,Las restricciones presupuestarias obligaron a la escuela a reducir su personal.,ràng buộc,Các ràng buộc về ngân sách buộc trường phải giảm nhân sự.,ข้อจำกัด,ข้อจำกัดด้านงบประมาณทำให้โรงเรียนต้องลดจำนวนพนักงาน,kendala,Kendala anggaran memaksa sekolah untuk mengurangi stafnya.
consultant,The firm hired a consultant to improve their cybersecurity.,컨설턴트,그 회사는 사이버 보안을 개선하기 위해 컨설턴트를 고용했다.,コンサルタント,その企業はサイバーセキュリティを改善するためにコンサルタントを雇った。,顾问,该公司聘请了一名顾问来改善网络安全。,consultor,La empresa contrató a un consultor para mejorar su ciberseguridad.,chuyên gia tư vấn,Công ty đã thuê một chuyên gia tư vấn để cải thiện an ninh mạng.,ที่ปรึกษา,บริษัทจ้างที่ปรึกษาเพื่อปรับปรุงความปลอดภัยทางไซเบอร์,konsultan,Perusahaan menyewa konsultan untuk meningkatkan keamanan siber mereka.
contaminate,Industrial waste can contaminate nearby water sources.,오염시키다,산업 폐기물은 인근 수원을 오염시킬 수 있다.,汚染する,産業廃棄物は近くの水源を汚染する可能性がある。,污染,工业废物可能会污染附近的水源。,contaminar,Los desechos industriales pueden contaminar las fuentes de agua cercanas.,ô nhiễm,Chất thải công nghiệp có thể gây ô nhiễm các nguồn nước gần đó.,ปนเปื้อน,ของเสียจากอุตสาหกรรมสามารถปนเปื้อนแหล่งน้ำใกล้เคียง,mencemari,Limbah industri dapat mencemari sumber air terdekat.
coordinate,Different departments must coordinate their efforts during the project.,조정하다,다른 부서들은 프로젝트 기간 동안 노력을 조정해야 한다.,調整する,各部門はプロジェクト中に取り組みを調整しなければならない。,协调,不同部门在项目期间必须协调工作。,coordinar,Los diferentes departamentos deben coordinar sus esfuerzos durante el proyecto.,phối hợp,Các phòng ban khác nhau phải phối hợp nỗ lực trong suốt dự án.,ประสานงาน,แผนกต่าง ๆ ต้องประสานงานกันในระหว่างโครงการ,mengoordinasikan,Departemen yang berbeda harus mengoordinasikan upaya mereka selama proyek.
delegate,The manager decided to delegate tasks to her team members.,위임하다,관리자는 팀원들에게 업무를 위임하기로 결정했다.,委任する,マネージャーはチームメンバーにタスクを委任することを決めた。,委派,经理决定将任务委派给团队成员。,delegar,La gerente decidió delegar tareas a los miembros de su equipo.,ủy quyền,Quản lý quyết định ủy quyền công việc cho các thành viên trong nhóm.,มอบหมาย,ผู้จัดการตัดสินใจมอบหมายงานให้สมาชิกในทีม,mendelegasikan,Manajer memutuskan untuk mendelegasikan tugas kepada anggota timnya.
deploy,The army plans to deploy additional troops to the border region.,배치하다,군은 국경 지역에 추가 병력을 배치할 계획이다.,展開する,軍は国境地域に追加の部隊を展開する計画だ。,部署,军队计划向边境地区部署更多部队。,desplegar,El ejército planea desplegar tropas adicionales en la región fronteriza.,triển khai,Quân đội lên kế hoạch triển khai thêm quân đến khu vực biên giới.,ส่งกำลัง,กองทัพวางแผนส่งกำลังพลเพิ่มเติมไปยังพื้นที่ชายแดน,mengerahkan,Tentara berencana mengerahkan pasukan tambahan ke wilayah perbatasan.
diagnostic,The technician ran a diagnostic test on the network system.,진단의,기술자가 네트워크 시스템에 대한 진단 테스트를 실행했다.,診断の,技術者はネットワークシステムの診断テストを実施した。,诊断的,技术人员对网络系统进行了诊断测试。,diagnóstico,El técnico ejecutó una prueba diagnóstica en el sistema de red.,chẩn đoán,Kỹ thuật viên đã chạy thử nghiệm chẩn đoán trên hệ thống mạng.,การวินิจฉัย,ช่างเทคนิคทำการทดสอบวินิจฉัยระบบเครือข่าย,diagnostik,Teknisi menjalankan tes diagnostik pada sistem jaringan.
diplomacy,Diplomacy is essential for resolving international disputes peacefully.,외교,외교는 국제 분쟁을 평화적으로 해결하는 데 필수적이다.,外交,外交は国際紛争を平和的に解決するために不可欠である。,外交,外交对于和平解决国际争端至关重要。,diplomacia,La diplomacia es esencial para resolver disputas internacionales de manera pacífica.,ngoại giao,Ngoại giao là điều cần thiết để giải quyết các tranh chấp quốc tế một cách hòa bình.,การทูต,การทูตเป็นสิ่งจำเป็นสำหรับการแก้ไขข้อพิพาทระหว่างประเทศอย่างสันติ,diplomasi,Diplomasi sangat penting untuk menyelesaikan sengketa internasional secara damai.
disruption,The technological disruption transformed the entire retail industry.,혼란,기술적 혼란이 소매 산업 전체를 변화시켰다.,混乱,技術的な混乱は小売業界全体を変革した。,颠覆,技术颠覆改变了整个零售行业。,disrupción,La disrupción tecnológica transformó toda la industria minorista.,sự gián đoạn,Sự gián đoạn công nghệ đã biến đổi toàn bộ ngành bán lẻ.,การเปลี่ยนแปลงอย่างฉับพลัน,การเปลี่ยนแปลงอย่างฉับพลันทางเทคโนโลยีเปลี่ยนโฉมอุตสาหกรรมค้าปลีกทั้งหมด,disrupsi,Disrupsi teknologi mengubah seluruh industri ritel.
eligible,Only students with a GPA above 3.5 are eligible for the scholarship.,자격이 있는,GPA가 3.5 이상인 학생만 장학금을 받을 자격이 있다.,資格のある,GPA3.5以上の学生のみが奨学金の資格がある。,有资格的,只有GPA高于3.5的学生才有资格获得奖学金。,elegible,Solo los estudiantes con un promedio superior a 3.5 son elegibles para la beca.,đủ điều kiện,Chỉ những sinh viên có GPA trên 3.5 mới đủ điều kiện nhận học bổng.,มีสิทธิ์,เฉพาะนักศึกษาที่มีเกรดเฉลี่ยสูงกว่า 3.5 เท่านั้นที่มีสิทธิ์ได้รับทุนการศึกษา,memenuhi syarat,Hanya mahasiswa dengan IPK di atas 3.5 yang memenuhi syarat untuk beasiswa.
encrypt,It is important to encrypt sensitive data before transmitting it online.,암호화하다,민감한 데이터를 온라인으로 전송하기 전에 암호화하는 것이 중요하다.,暗号化する,機密データをオンラインで送信する前に暗号化することが重要である。,加密,在网上传输敏感数据之前对其进行加密非常重要。,encriptar,Es importante encriptar los datos sensibles antes de transmitirlos en línea.,mã hóa,Điều quan trọng là phải mã hóa dữ liệu nhạy cảm trước khi truyền trực tuyến.,เข้ารหัส,สิ่งสำคัญคือต้องเข้ารหัสข้อมูลที่ละเอียดอ่อนก่อนส่งทางออนไลน์,mengenkripsi,Penting untuk mengenkripsi data sensitif sebelum mengirimkannya secara online.
enforce,The government plans to enforce stricter pollution controls.,시행하다,정부는 더 엄격한 오염 규제를 시행할 계획이다.,施行する,政府はより厳しい汚染規制を施行する計画だ。,执行,政府计划执行更严格的污染控制措施。,hacer cumplir,El gobierno planea hacer cumplir controles de contaminación más estrictos.,thực thi,Chính phủ lên kế hoạch thực thi các biện pháp kiểm soát ô nhiễm nghiêm ngặt hơn.,บังคับใช้,รัฐบาลวางแผนบังคับใช้การควบคุมมลพิษที่เข้มงวดยิ่งขึ้น,menegakkan,Pemerintah berencana menegakkan kontrol polusi yang lebih ketat.
erosion,Soil erosion has become a serious environmental concern in the region.,침식,토양 침식은 그 지역에서 심각한 환경 문제가 되었다.,侵食,土壌の侵食はその地域で深刻な環境問題となっている。,侵蚀,土壤侵蚀已成为该地区严重的环境问题。,erosión,La erosión del suelo se ha convertido en una seria preocupación ambiental en la región.,xói mòn,Xói mòn đất đã trở thành mối lo ngại nghiêm trọng về môi trường trong khu vực.,การกัดเซาะ,การกัดเซาะดินกลายเป็นปัญหาสิ่งแวดล้อมที่ร้ายแรงในภูมิภาค,erosi,Erosi tanah telah menjadi masalah lingkungan yang serius di wilayah tersebut.
expertise,Her expertise in artificial intelligence made her invaluable to the team.,전문 지식,인공 지능에 대한 그녀의 전문 지식은 팀에 매우 귀중했다.,専門知識,人工知能における彼女の専門知識はチームにとって計り知れない価値があった。,专业知识,她在人工智能方面的专业知识使她对团队来说不可或缺。,experiencia,Su experiencia en inteligencia artificial la hizo invaluable para el equipo.,chuyên môn,Chuyên môn của cô ấy về trí tuệ nhân tạo khiến cô trở nên vô giá với nhóm.,ความเชี่ยวชาญ,ความเชี่ยวชาญด้านปัญญาประดิษฐ์ทำให้เธอมีคุณค่าอย่างยิ่งต่อทีม,keahlian,Keahliannya dalam kecerdasan buatan membuatnya sangat berharga bagi tim.
governance,Good governance requires transparency and accountability.,거버넌스,좋은 거버넌스는 투명성과 책임성을 요구한다.,ガバナンス,良いガバナンスには透明性と説明責任が必要である。,治理,良好的治理需要透明度和问责制。,gobernanza,La buena gobernanza requiere transparencia y rendición de cuentas.,quản trị,Quản trị tốt đòi hỏi sự minh bạch và trách nhiệm giải trình.,ธรรมาภิบาล,ธรรมาภิบาลที่ดีต้องการความโปร่งใสและความรับผิดชอบ,tata kelola,Tata kelola yang baik memerlukan transparansi dan akuntabilitas.
humanitarian,The organization provides humanitarian aid to conflict zones.,인도주의적인,그 조직은 분쟁 지역에 인도주의적 지원을 제공한다.,人道的な,その組織は紛争地域に人道的支援を提供している。,人道主义的,该组织向冲突地区提供人道主义援助。,humanitario,La organización proporciona ayuda humanitaria a zonas de conflicto.,nhân đạo,Tổ chức cung cấp viện trợ nhân đạo cho các vùng xung đột.,ด้านมนุษยธรรม,องค์กรให้ความช่วยเหลือด้านมนุษยธรรมแก่พื้นที่ขัดแย้ง,kemanusiaan,Organisasi tersebut memberikan bantuan kemanusiaan ke zona konflik.
leverage,The company leveraged its technology to enter new markets.,활용하다,회사는 새로운 시장에 진출하기 위해 기술을 활용했다.,活用する,会社は新市場に参入するために技術を活用した。,利用,公司利用其技术进入新市场。,aprovechar,La empresa aprovechó su tecnología para ingresar a nuevos mercados.,tận dụng,Công ty đã tận dụng công nghệ để thâm nhập thị trường mới.,ใช้ประโยชน์,บริษัทใช้ประโยชน์จากเทคโนโลยีเพื่อเข้าสู่ตลาดใหม่,memanfaatkan,Perusahaan memanfaatkan teknologinya untuk memasuki pasar baru.
mandatory,Wearing a helmet is mandatory for all construction workers.,의무적인,헬멧 착용은 모든 건설 노동자에게 의무적이다.,義務的な,ヘルメットの着用はすべての建設作業員に義務付けられている。,强制的,所有建筑工人必须强制佩戴安全帽。,obligatorio,El uso de casco es obligatorio para todos los trabajadores de la construcción.,bắt buộc,Đội mũ bảo hiểm là bắt buộc đối với tất cả công nhân xây dựng.,บังคับ,การสวมหมวกนิรภัยเป็นสิ่งบังคับสำหรับคนงานก่อสร้างทุกคน,wajib,Mengenakan helm adalah wajib bagi semua pekerja konstruksi.
methodology,The research team adopted a new methodology for data collection.,방법론,연구팀은 데이터 수집을 위한 새로운 방법론을 채택했다.,方法論,研究チームはデータ収集のための新しい方法論を採用した。,方法论,研究团队采用了新的数据收集方法论。,metodología,El equipo de investigación adoptó una nueva metodología para la recolección de datos.,phương pháp luận,Nhóm nghiên cứu đã áp dụng phương pháp luận mới để thu thập dữ liệu.,ระเบียบวิธี,ทีมวิจัยนำระเบียบวิธีใหม่มาใช้ในการเก็บรวบรวมข้อมูล,metodologi,Tim penelitian mengadopsi metodologi baru untuk pengumpulan data.
offset,The company invested in tree planting to offset its carbon emissions.,상쇄하다,회사는 탄소 배출을 상쇄하기 위해 나무 심기에 투자했다.,相殺する,会社は炭素排出量を相殺するために植林に投資した。,抵消,公司投资植树来抵消碳排放。,compensar,La empresa invirtió en plantación de árboles para compensar sus emisiones de carbono.,bù đắp,Công ty đầu tư trồng cây để bù đắp lượng khí thải carbon.,ชดเชย,บริษัทลงทุนปลูกต้นไม้เพื่อชดเชยการปล่อยคาร์บอน,mengimbangi,Perusahaan berinvestasi dalam penanaman pohon untuk mengimbangi emisi karbonnya.
optimize,Engineers work to optimize the performance of solar panels.,최적화하다,엔지니어들은 태양광 패널의 성능을 최적화하기 위해 작업한다.,最適化する,エンジニアは太陽光パネルの性能を最適化するために取り組んでいる。,优化,工程师们致力于优化太阳能电池板的性能。,optimizar,Los ingenieros trabajan para optimizar el rendimiento de los paneles solares.,tối ưu hóa,Các kỹ sư làm việc để tối ưu hóa hiệu suất của pin mặt trời.,เพิ่มประสิทธิภาพ,วิศวกรทำงานเพื่อเพิ่มประสิทธิภาพของแผงโซลาร์เซลล์,mengoptimalkan,Para insinyur bekerja untuk mengoptimalkan kinerja panel surya.
patent,The inventor filed a patent for the new battery technology.,특허,발명가는 새로운 배터리 기술에 대한 특허를 출원했다.,特許,発明者は新しいバッテリー技術の特許を申請した。,专利,发明者为新电池技术申请了专利。,patente,El inventor presentó una patente para la nueva tecnología de baterías.,bằng sáng chế,Nhà phát minh đã nộp đơn xin cấp bằng sáng chế cho công nghệ pin mới.,สิทธิบัตร,นักประดิษฐ์ยื่นจดสิทธิบัตรสำหรับเทคโนโลยีแบตเตอรี่ใหม่,paten,Penemu tersebut mengajukan paten untuk teknologi baterai baru.
pipeline,The data pipeline processes millions of records every day.,파이프라인,데이터 파이프라인은 매일 수백만 건의 기록을 처리한다.,パイプライン,データパイプラインは毎日数百万件のレコードを処理している。,管道,数据管道每天处理数百万条记录。,tubería,La tubería de datos procesa millones de registros cada día.,đường ống,Đường ống dữ liệu xử lý hàng triệu bản ghi mỗi ngày.,ไปป์ไลน์,ไปป์ไลน์ข้อมูลประมวลผลบันทึกหลายล้านรายการทุกวัน,saluran,Saluran data memproses jutaan catatan setiap hari.
poll,A recent poll showed that most citizens support environmental protection.,여론 조사,최근 여론 조사에서 대부분의 시민이 환경 보호를 지지하는 것으로 나타났다.,世論調査,最近の世論調査でほとんどの市民が環境保護を支持していることがわかった。,民意调查,最近的民意调查显示大多数公民支持环境保护。,encuesta,Una encuesta reciente mostró que la mayoría de los ciudadanos apoyan la protección ambiental.,cuộc thăm dò,Một cuộc thăm dò gần đây cho thấy hầu hết công dân ủng hộ bảo vệ môi trường.,โพล,โพลล่าสุดแสดงให้เห็นว่าประชาชนส่วนใหญ่สนับสนุนการปกป้องสิ่งแวดล้อม,jajak pendapat,Jajak pendapat baru-baru ini menunjukkan bahwa sebagian besar warga mendukung perlindungan lingkungan.
prioritize,Schools should prioritize student mental health alongside academics.,우선시하다,학교는 학업과 함께 학생 정신 건강을 우선시해야 한다.,優先する,学校は学業と並んで学生のメンタルヘルスを優先すべきである。,优先考虑,学校应该在学业之外优先考虑学生的心理健康。,priorizar,Las escuelas deben priorizar la salud mental de los estudiantes junto con los estudios.,ưu tiên,Các trường nên ưu tiên sức khỏe tâm thần của học sinh cùng với học tập.,จัดลำดับความสำคัญ,โรงเรียนควรจัดลำดับความสำคัญสุขภาพจิตของนักเรียนควบคู่กับวิชาการ,memprioritaskan,Sekolah harus memprioritaskan kesehatan mental siswa bersamaan dengan akademik.
productivity,Remote work policies have increased employee productivity significantly.,생산성,재택근무 정책이 직원 생산성을 크게 높였다.,生産性,リモートワーク政策は従業員の生産性を大幅に向上させた。,生产力,远程工作政策显著提高了员工的生产力。,productividad,Las políticas de trabajo remoto han aumentado significativamente la productividad de los empleados.,năng suất,Các chính sách làm việc từ xa đã tăng đáng kể năng suất của nhân viên.,ผลผลิต,นโยบายการทำงานทางไกลเพิ่มผลผลิตของพนักงานอย่างมาก,produktivitas,Kebijakan kerja jarak jauh telah meningkatkan produktivitas karyawan secara signifikan.
prohibition,The prohibition of single-use plastics took effect last January.,금지,일회용 플라스틱 금지가 지난 1월에 시행되었다.,禁止,使い捨てプラスチックの禁止が昨年1月に施行された。,禁令,一次性塑料禁令于去年一月生效。,prohibición,La prohibición de plásticos de un solo uso entró en vigor en enero pasado.,lệnh cấm,Lệnh cấm nhựa sử dụng một lần có hiệu lực từ tháng 1 năm ngoái.,การห้าม,การห้ามใช้พลาสติกแบบใช้ครั้งเดียวมีผลบังคับใช้เมื่อเดือนมกราคมที่ผ่านมา,larangan,Larangan plastik sekali pakai mulai berlaku pada Januari lalu.
protocol,All staff must follow the emergency protocol during a fire drill.,프로토콜,모든 직원은 화재 훈련 중 비상 프로토콜을 따라야 한다.,プロトコル,すべてのスタッフは避難訓練中に緊急プロトコルに従わなければならない。,协议,所有员工在消防演习期间必须遵循应急协议。,protocolo,Todo el personal debe seguir el protocolo de emergencia durante un simulacro de incendio.,quy trình,Tất cả nhân viên phải tuân theo quy trình khẩn cấp trong buổi diễn tập cháy nổ.,ระเบียบปฏิบัติ,พนักงานทุกคนต้องปฏิบัติตามระเบียบปฏิบัติฉุกเฉินระหว่างการซ้อมดับเพลิง,protokol,Semua staf harus mengikuti protokol darurat selama latihan kebakaran.
provision,The new law includes provisions for protecting workers rights.,조항,새로운 법은 노동자의 권리를 보호하기 위한 조항을 포함한다.,条項,新しい法律には労働者の権利を保護するための条項が含まれている。,条款,新法律包含保护工人权利的条款。,disposición,La nueva ley incluye disposiciones para proteger los derechos de los trabajadores.,điều khoản,Luật mới bao gồm các điều khoản bảo vệ quyền lợi của người lao động.,บทบัญญัติ,กฎหมายใหม่รวมถึงบทบัญญัติเพื่อปกป้องสิทธิของคนงาน,ketentuan,Undang-undang baru mencakup ketentuan untuk melindungi hak-hak pekerja.
