amortization,"The amortization schedule showed decreasing interest payments over the loan's lifetime.",상각,"상각 일정은 대출 기간 동안 이자 지급이 감소함을 보여주었다.",償却,"償却スケジュールはローン期間中の利息支払いの減少を示していた。",摊销,"摊销计划显示了贷款期限内利息支付的递减。",amortización,"El calendario de amortización mostraba pagos de intereses decrecientes durante la vida del préstamo.",khấu hao,"Lịch khấu hao cho thấy các khoản thanh toán lãi giảm dần trong suốt thời hạn vay.",การตัดจำหน่าย,"ตารางการตัดจำหน่ายแสดงการชำระดอกเบี้ยที่ลดลงตลอดอายุเงินกู้",amortisasi,"Jadwal amortisasi menunjukkan pembayaran bunga yang menurun selama masa pinjaman."
derivative,"The financial derivative was priced using a stochastic volatility model.",파생상품,"그 금융 파생상품은 확률적 변동성 모델을 사용하여 가격이 책정되었다.",デリバティブ,"その金融デリバティブは確率的ボラティリティモデルを用いて価格設定された。",衍生品,"该金融衍生品使用随机波动率模型定价。",derivado,"El derivado financiero fue valorado usando un modelo de volatilidad estocástica.",phái sinh,"Sản phẩm phái sinh tài chính được định giá bằng mô hình biến động ngẫu nhiên.",อนุพันธ์,"อนุพันธ์ทางการเงินถูกกำหนดราคาโดยใช้แบบจำลองความผันผวนเชิงสุ่ม",derivatif,"Derivatif keuangan tersebut dihargai menggunakan model volatilitas stokastik."
securitization,"Securitization of mortgage-backed assets contributed to the 2008 financial crisis.",증권화,"주택담보자산의 증권화는 2008년 금융 위기에 기여했다.",証券化,"住宅ローン担保資産の証券化は2008年の金融危機に寄与した。",证券化,"抵押支持资产的证券化促成了2008年金融危机。",titulización,"La titulización de activos respaldados por hipotecas contribuyó a la crisis financiera de 2008.",chứng khoán hóa,"Chứng khoán hóa tài sản thế chấp đã góp phần vào cuộc khủng hoảng tài chính 2008.",การแปลงสินทรัพย์เป็นหลักทรัพย์,"การแปลงสินทรัพย์เป็นหลักทรัพย์ของสินทรัพย์ค้ำประกันจำนองมีส่วนทำให้เกิดวิกฤตการเงินปี 2008",sekuritisasi,"Sekuritisasi aset berbasis hipotek berkontribusi pada krisis keuangan 2008."
arbitrage,"Statistical arbitrage exploits temporary price inefficiencies between correlated securities.",차익거래,"통계적 차익거래는 상관관계가 있는 증권 간의 일시적 가격 비효율성을 이용한다.",裁定取引,"統計的裁定取引は相関のある証券間の一時的な価格の非効率性を利用する。",套利,"统计套利利用相关证券之间的临时价格低效。",arbitraje,"El arbitraje estadístico explota ineficiencias temporales de precios entre valores correlacionados.",kinh doanh chênh lệch giá,"Kinh doanh chênh lệch giá thống kê khai thác sự bất hiệu quả giá tạm thời giữa các chứng khoán tương quan.",การเก็งกำไร,"การเก็งกำไรทางสถิติใช้ประโยชน์จากความไม่มีประสิทธิภาพของราคาชั่วคราวระหว่างหลักทรัพย์ที่สัมพันธ์กัน",arbitrase,"Arbitrase statistik mengeksploitasi inefisiensi harga sementara antara sekuritas yang berkorelasi."
collateralization,"The collateralization ratio must exceed 150% to maintain the leveraged position.",담보설정,"레버리지 포지션을 유지하기 위해 담보설정 비율은 150%를 초과해야 한다.",担保設定,"レバレッジポジションを維持するために担保設定比率は150%を超えなければならない。",抵押率,"抵押率必须超过150%才能维持杠杆头寸。",colateralización,"El ratio de colateralización debe superar el 150% para mantener la posición apalancada.",thế chấp,"Tỷ lệ thế chấp phải vượt quá 150% để duy trì vị thế đòn bẩy.",การค้ำประกัน,"อัตราส่วนการค้ำประกันต้องเกิน 150% เพื่อรักษาตำแหน่งเลเวอเรจ",kolateralisasi,"Rasio kolateralisasi harus melebihi 150% untuk mempertahankan posisi leverage."
pathogenesis,"The pathogenesis of autoimmune disorders involves a complex interplay of genetic and environmental factors.",병인론,"자가면역 질환의 병인론은 유전적 및 환경적 요인의 복잡한 상호작용을 포함한다.",病因論,"自己免疫疾患の病因論は遺伝的要因と環境的要因の複雑な相互作用を含む。",发病机制,"自身免疫性疾病的发病机制涉及遗传和环境因素的复杂相互作用。",patogénesis,"La patogénesis de los trastornos autoinmunes implica una compleja interacción de factores genéticos y ambientales.",cơ chế bệnh sinh,"Cơ chế bệnh sinh của rối loạn tự miễn liên quan đến sự tương tác phức tạp giữa các yếu tố di truyền và môi trường.",กลไกการเกิดโรค,"กลไกการเกิดโรคของโรคภูมิต้านทานตนเองเกี่ยวข้องกับปฏิสัมพันธ์ที่ซับซ้อนของปัจจัยทางพันธุกรรมและสิ่งแวดล้อม",patogenesis,"Patogenesis gangguan autoimun melibatkan interaksi kompleks faktor genetik dan lingkungan."
etiology,"The etiology of the rare syndrome remained elusive despite extensive clinical research.",병인학,"광범위한 임상 연구에도 불구하고 그 희귀 증후군의 병인학은 파악하기 어려웠다.",病因学,"広範な臨床研究にもかかわらずその希少症候群の病因学は解明されないままだった。",病因学,"尽管进行了广泛的临床研究，该罕见综合征的病因学仍然难以捉摸。",etiología,"La etiología del síndrome raro seguía siendo difícil de determinar a pesar de la extensa investigación clínica.",nguyên nhân học,"Nguyên nhân học của hội chứng hiếm gặp vẫn khó nắm bắt bất chấp nghiên cứu lâm sàng rộng rãi.",สาเหตุวิทยา,"สาเหตุวิทยาของกลุ่มอาการหายากยังคงเข้าใจยากแม้จะมีการวิจัยทางคลินิกอย่างกว้างขวาง",etiologi,"Etiologi sindrom langka tersebut tetap sulit dipahami meskipun penelitian klinis ekstensif."
hemostasis,"Disrupted hemostasis in the patient led to prolonged bleeding after the surgical procedure.",지혈,"환자의 지혈 장애로 수술 후 출혈이 지속되었다.",止血,"患者の止血機能の障害により術後出血が長引いた。",止血,"患者止血功能紊乱导致术后出血延长。",hemostasia,"La hemostasia alterada en el paciente provocó un sangrado prolongado tras el procedimiento quirúrgico.",cầm máu,"Rối loạn cầm máu ở bệnh nhân dẫn đến chảy máu kéo dài sau phẫu thuật.",การห้ามเลือด,"การห้ามเลือดที่ถูกรบกวนในผู้ป่วยนำไปสู่การมีเลือดออกเป็นเวลานานหลังการผ่าตัด",hemostasis,"Hemostasis yang terganggu pada pasien menyebabkan perdarahan berkepanjangan setelah prosedur bedah."
pharmacokinetics,"The pharmacokinetics of the new drug showed rapid absorption and a long half-life.",약물동태학,"새 약물의 약물동태학은 빠른 흡수와 긴 반감기를 보여주었다.",薬物動態学,"新薬の薬物動態学は迅速な吸収と長い半減期を示した。",药代动力学,"新药的药代动力学显示出快速吸收和较长的半衰期。",farmacocinética,"La farmacocinética del nuevo fármaco mostró una absorción rápida y una vida media larga.",dược động học,"Dược động học của thuốc mới cho thấy sự hấp thu nhanh và thời gian bán hủy dài.",เภสัชจลนศาสตร์,"เภสัชจลนศาสตร์ของยาใหม่แสดงการดูดซึมที่รวดเร็วและค่าครึ่งชีวิตที่ยาวนาน",farmakokinetik,"Farmakokinetik obat baru menunjukkan penyerapan cepat dan waktu paruh yang panjang."
angiogenesis,"Tumor angiogenesis provides the blood supply necessary for malignant growth beyond a few millimeters.",혈관신생,"종양 혈관신생은 수 밀리미터 이상의 악성 성장에 필요한 혈액 공급을 제공한다.",血管新生,"腫瘍の血管新生は数ミリメートルを超える悪性増殖に必要な血液供給を提供する。",血管生成,"肿瘤血管生成为超过几毫米的恶性生长提供所需的血液供应。",angiogénesis,"La angiogénesis tumoral proporciona el suministro de sangre necesario para el crecimiento maligno más allá de unos pocos milímetros.",tân sinh mạch,"Tân sinh mạch khối u cung cấp nguồn máu cần thiết cho sự phát triển ác tính vượt quá vài milimet.",การสร้างหลอดเลือดใหม่,"การสร้างหลอดเลือดใหม่ของเนื้องอกให้เลือดที่จำเป็นสำหรับการเจริญเติบโตของมะเร็งเกินกว่าไม่กี่มิลลิเมตร",angiogenesis,"Angiogenesis tumor menyediakan suplai darah yang diperlukan untuk pertumbuhan ganas melebihi beberapa milimeter."
jurisprudence,"Her doctoral thesis explored feminist jurisprudence and its impact on constitutional interpretation.",법철학,"그녀의 박사 논문은 페미니스트 법철학과 그것이 헌법 해석에 미치는 영향을 탐구했다.",法哲学,"彼女の博士論文はフェミニスト法哲学とその憲法解釈への影響を探究した。",法理学,"她的博士论文探讨了女性主义法理学及其对宪法解释的影响。",jurisprudencia,"Su tesis doctoral exploró la jurisprudencia feminista y su impacto en la interpretación constitucional.",luật học,"Luận án tiến sĩ của cô khám phá luật học nữ quyền và tác động của nó đến giải thích hiến pháp.",นิติศาสตร์,"วิทยานิพนธ์ปริญญาเอกของเธอสำรวจนิติศาสตร์สตรีนิยมและผลกระทบต่อการตีความรัฐธรรมนูญ",yurisprudensi,"Tesis doktoralnya mengeksplorasi yurisprudensi feminis dan dampaknya terhadap interpretasi konstitusional."
adjudication,"The adjudication of the dispute required careful examination of conflicting precedents.",재판,"분쟁의 재판은 상충하는 판례에 대한 신중한 검토를 필요로 했다.",裁定,"紛争の裁定は矛盾する判例の慎重な検討を必要とした。",裁决,"争议的裁决需要仔细审查相互矛盾的判例。",adjudicación,"La adjudicación de la disputa requirió un examen cuidadoso de precedentes contradictorios.",phán quyết,"Phán quyết tranh chấp đòi hỏi phải xem xét kỹ lưỡng các tiền lệ mâu thuẫn.",การพิพากษา,"การพิพากษาข้อพิพาทต้องการการตรวจสอบอย่างรอบคอบของบรรทัดฐานที่ขัดแย้งกัน",ajudikasi,"Ajudikasi sengketa tersebut memerlukan pemeriksaan cermat atas preseden yang saling bertentangan."
indemnification,"The indemnification clause protected the corporation from third-party liability claims.",면책,"면책 조항은 제3자 책임 청구로부터 기업을 보호했다.",免責,"免責条項は第三者の責任請求から企業を保護した。",赔偿,"赔偿条款保护公司免受第三方责任索赔。",indemnización,"La cláusula de indemnización protegía a la corporación de reclamaciones de responsabilidad de terceros.",bồi thường,"Điều khoản bồi thường bảo vệ công ty khỏi các yêu cầu trách nhiệm của bên thứ ba.",การชดใช้ค่าเสียหาย,"ข้อกำหนดการชดใช้ค่าเสียหายปกป้องบริษัทจากการเรียกร้องความรับผิดของบุคคลที่สาม",ganti rugi,"Klausul ganti rugi melindungi korporasi dari klaim tanggung jawab pihak ketiga."
promulgation,"The promulgation of the new environmental regulations sparked intense debate in parliament.",공포,"새로운 환경 규정의 공포는 의회에서 격렬한 논쟁을 촉발했다.",公布,"新しい環境規制の公布は議会で激しい議論を引き起こした。",颁布,"新环境法规的颁布在议会引发了激烈的辩论。",promulgación,"La promulgación de las nuevas regulaciones ambientales generó un intenso debate en el parlamento.",ban hành,"Việc ban hành các quy định môi trường mới đã gây ra cuộc tranh luận gay gắt trong quốc hội.",การประกาศใช้,"การประกาศใช้กฎระเบียบด้านสิ่งแวดล้อมใหม่จุดชนวนการอภิปรายอย่างเข้มข้นในรัฐสภา",pengundangan,"Pengundangan regulasi lingkungan baru memicu perdebatan sengit di parlemen."
stare decisis,"The court relied on stare decisis to maintain consistency with prior rulings on free speech.",선례구속,"법원은 언론의 자유에 대한 이전 판결과의 일관성을 유지하기 위해 선례구속 원칙에 의존했다.",先例拘束,"裁判所は言論の自由に関する先例との一貫性を維持するために先例拘束の原則に依拠した。",遵循先例,"法院依靠遵循先例原则来保持与先前言论自由裁决的一致性。",stare decisis,"El tribunal se basó en el stare decisis para mantener la coherencia con fallos anteriores sobre libertad de expresión.",tiền lệ pháp,"Tòa án dựa vào tiền lệ pháp để duy trì tính nhất quán với các phán quyết trước đó về tự do ngôn luận.",หลักบรรทัดฐาน,"ศาลอาศัยหลักบรรทัดฐานเพื่อรักษาความสอดคล้องกับคำตัดสินก่อนหน้าเกี่ยวกับเสรีภาพในการพูด",stare decisis,"Pengadilan mengandalkan stare decisis untuk menjaga konsistensi dengan putusan sebelumnya tentang kebebasan berpendapat."
antithesis,"The speaker used antithesis to highlight the contrast between liberty and oppression.",대조법,"연사는 자유와 억압의 대조를 부각하기 위해 대조법을 사용했다.",対句法,"演説者は自由と抑圧の対比を強調するために対句法を用いた。",对比,"演讲者使用对比来突出自由与压迫之间的对照。",antítesis,"El orador usó la antítesis para resaltar el contraste entre libertad y opresión.",phép đối,"Diễn giả sử dụng phép đối để làm nổi bật sự tương phản giữa tự do và áp bức.",การใช้ถ้อยคำตรงข้าม,"ผู้พูดใช้การใช้ถ้อยคำตรงข้ามเพื่อเน้นความแตกต่างระหว่างเสรีภาพและการกดขี่",antitesis,"Pembicara menggunakan antitesis untuk menyoroti kontras antara kebebasan dan penindasan."
chiasmus,"Kennedy's famous chiasmus urged citizens to prioritize national service over personal gain.",교차대구법,"케네디의 유명한 교차대구법은 시민들에게 개인적 이익보다 국가 봉사를 우선시할 것을 촉구했다.",交差対句法,"ケネディの有名な交差対句法は市民に個人的利益よりも国家への奉仕を優先するよう促した。",交错排列,"肯尼迪著名的交错排列敦促公民将国家服务置于个人利益之上。",quiasmo,"El famoso quiasmo de Kennedy instó a los ciudadanos a priorizar el servicio nacional sobre el beneficio personal.",phép giao hoán,"Phép giao hoán nổi tiếng của Kennedy kêu gọi công dân ưu tiên phụng sự quốc gia hơn lợi ích cá nhân.",การสลับถ้อยคำ,"การสลับถ้อยคำอันโด่งดังของเคนเนดีเรียกร้องให้พลเมืองให้ความสำคัญกับการรับใช้ชาติมากกว่าผลประโยชน์ส่วนตัว",kiasmus,"Kiasmus terkenal Kennedy mendesak warga untuk memprioritaskan pelayanan nasional di atas keuntungan pribadi."
syllogism,"The attorney's syllogism was logically valid but factually unsound.",삼단논법,"변호사의 삼단논법은 논리적으로는 타당했지만 사실적으로는 건전하지 않았다.",三段論法,"弁護士の三段論法は論理的には妥当だが事実的には不健全だった。",三段论,"律师的三段论在逻辑上有效但在事实上不成立。",silogismo,"El silogismo del abogado era lógicamente válido pero fácticamente incorrecto.",tam đoạn luận,"Tam đoạn luận của luật sư có giá trị logic nhưng không đúng về mặt thực tế.",ตรรกบท,"ตรรกบทของทนายความถูกต้องตามตรรกะแต่ไม่ถูกต้องตามข้อเท็จจริง",silogisme,"Silogisme pengacara tersebut valid secara logis tetapi tidak berdasar secara faktual."
periphrasis,"The diplomat employed periphrasis to avoid directly naming the hostile nation.",우회적 표현,"외교관은 적대국을 직접적으로 명명하는 것을 피하기 위해 우회적 표현을 사용했다.",婉曲法,"外交官は敵対国の名を直接挙げることを避けるために婉曲法を用いた。",迂回表达,"外交官使用迂回表达来避免直接点名敌对国家。",perífrasis,"El diplomático empleó la perífrasis para evitar nombrar directamente a la nación hostil.",nói vòng,"Nhà ngoại giao sử dụng cách nói vòng để tránh gọi tên trực tiếp quốc gia thù địch.",การใช้คำอ้อมค้อม,"นักการทูตใช้คำอ้อมค้อมเพื่อหลีกเลี่ยงการเอ่ยชื่อประเทศที่เป็นศัตรูโดยตรง",perifrase,"Diplomat tersebut menggunakan perifrase untuk menghindari menyebut langsung negara yang bermusuhan."
heuristic,"The heuristic algorithm sacrificed optimal accuracy for significantly faster computation times.",휴리스틱,"휴리스틱 알고리즘은 상당히 빠른 계산 시간을 위해 최적의 정확도를 희생했다.",ヒューリスティック,"ヒューリスティックアルゴリズムは大幅に高速な計算時間のために最適な精度を犠牲にした。",启发式,"启发式算法牺牲了最优精度以换取显著更快的计算时间。",heurístico,"El algoritmo heurístico sacrificó la precisión óptima por tiempos de cálculo significativamente más rápidos.",thuật toán heuristic,"Thuật toán heuristic hy sinh độ chính xác tối ưu để đạt thời gian tính toán nhanh hơn đáng kể.",ฮิวริสติก,"อัลกอริทึมฮิวริสติกเสียสละความแม่นยำที่เหมาะสมที่สุดเพื่อเวลาการคำนวณที่เร็วขึ้นอย่างมาก",heuristik,"Algoritma heuristik mengorbankan akurasi optimal demi waktu komputasi yang jauh lebih cepat."
idempotent,"Ensuring the API endpoint is idempotent prevents duplicate transactions from repeated requests.",멱등,"API 엔드포인트가 멱등임을 보장하면 반복 요청으로 인한 중복 거래를 방지한다.",冪等,"APIエンドポイントの冪等性を確保することで繰り返しリクエストによる重複トランザクションを防ぐ。",幂等,"确保API端点是幂等的可以防止重复请求产生的重复交易。",idempotente,"Asegurar que el endpoint de la API sea idempotente previene transacciones duplicadas por solicitudes repetidas.",lũy đẳng,"Đảm bảo điểm cuối API là lũy đẳng ngăn chặn giao dịch trùng lặp từ các yêu cầu lặp lại.",อุดมกรณ์,"การทำให้ API endpoint เป็นอุดมกรณ์ป้องกันธุรกรรมซ้ำซ้อนจากคำขอที่ซ้ำกัน",idempoten,"Memastikan endpoint API bersifat idempoten mencegah transaksi duplikat dari permintaan berulang."
polymorphism,"Runtime polymorphism in object-oriented programming enables flexible method dispatch based on actual object types.",다형성,"객체 지향 프로그래밍의 런타임 다형성은 실제 객체 유형에 기반한 유연한 메서드 디스패치를 가능하게 한다.",ポリモーフィズム,"オブジェクト指向プログラミングにおける実行時ポリモーフィズムは実際のオブジェクト型に基づく柔軟なメソッドディスパッチを可能にする。",多态性,"面向对象编程中的运行时多态性实现了基于实际对象类型的灵活方法分派。",polimorfismo,"El polimorfismo en tiempo de ejecución en programación orientada a objetos permite el despacho flexible de métodos basado en tipos de objetos reales.",đa hình,"Đa hình thời gian chạy trong lập trình hướng đối tượng cho phép điều phối phương thức linh hoạt dựa trên kiểu đối tượng thực tế.",พหุสัณฐาน,"พหุสัณฐานในขณะรันไทม์ในการเขียนโปรแกรมเชิงวัตถุทำให้สามารถส่งเมธอดได้อย่างยืดหยุ่นตามประเภทวัตถุจริง",polimorfisme,"Polimorfisme runtime dalam pemrograman berorientasi objek memungkinkan pengiriman metode fleksibel berdasarkan tipe objek aktual."
concurrency,"Concurrency bugs are notoriously difficult to reproduce in multithreaded applications.",동시성,"동시성 버그는 다중 스레드 애플리케이션에서 재현하기 매우 어렵기로 악명 높다.",並行性,"並行性のバグはマルチスレッドアプリケーションにおいて再現が非常に困難であることで知られている。",并发性,"并发性错误在多线程应用程序中极难重现。",concurrencia,"Los errores de concurrencia son notoriamente difíciles de reproducir en aplicaciones multihilo.",đồng thời,"Lỗi đồng thời nổi tiếng là khó tái tạo trong các ứng dụng đa luồng.",การทำงานพร้อมกัน,"บักของการทำงานพร้อมกันเป็นที่รู้กันว่ายากต่อการจำลองในแอปพลิเคชันมัลติเธรด",konkurensi,"Bug konkurensi terkenal sulit direproduksi dalam aplikasi multithreaded."
deterministic,"A deterministic finite automaton always produces the same output for a given input sequence.",결정론적,"결정론적 유한 오토마톤은 주어진 입력 시퀀스에 대해 항상 동일한 출력을 생성한다.",決定性,"決定性有限オートマトンは与えられた入力列に対して常に同じ出力を生成する。",确定性,"确定性有限自动机对给定输入序列总是产生相同的输出。",determinista,"Un autómata finito determinista siempre produce la misma salida para una secuencia de entrada dada.",tất định,"Một otomat hữu hạn tất định luôn tạo ra cùng một đầu ra cho một chuỗi đầu vào nhất định.",ดีเทอร์มินิสติก,"ออโตมาตาจำกัดดีเทอร์มินิสติกจะสร้างผลลัพธ์เดียวกันเสมอสำหรับลำดับอินพุตที่กำหนด",deterministik,"Automata hingga deterministik selalu menghasilkan output yang sama untuk urutan input tertentu."
liquidity,"Market liquidity dried up during the flash crash causing severe price dislocations.",유동성,"플래시 크래시 동안 시장 유동성이 고갈되어 심각한 가격 왜곡이 발생했다.",流動性,"フラッシュクラッシュ中に市場の流動性が枯渇し深刻な価格の混乱を引き起こした。",流动性,"闪崩期间市场流动性枯竭导致严重的价格错位。",liquidez,"La liquidez del mercado se agotó durante el flash crash causando graves dislocaciones de precios.",thanh khoản,"Thanh khoản thị trường cạn kiệt trong đợt sụp đổ chớp nhoáng gây ra sự lệch giá nghiêm trọng.",สภาพคล่อง,"สภาพคล่องของตลาดหายไปในช่วงแฟลชแครชทำให้เกิดการเคลื่อนตัวของราคาอย่างรุนแรง",likuiditas,"Likuiditas pasar mengering selama flash crash menyebabkan dislokasi harga yang parah."
hedging,"The fund manager used interest rate swaps for hedging against rising bond yields.",헤징,"펀드 매니저는 상승하는 채권 수익률에 대한 헤징을 위해 금리 스왑을 사용했다.",ヘッジ,"ファンドマネージャーは上昇する債券利回りに対するヘッジのために金利スワップを用いた。",对冲,"基金经理使用利率互换来对冲债券收益率上升的风险。",cobertura,"El gestor de fondos usó swaps de tipos de interés para la cobertura contra el aumento de los rendimientos de bonos.",phòng ngừa rủi ro,"Quản lý quỹ sử dụng hoán đổi lãi suất để phòng ngừa rủi ro trước lợi suất trái phiếu tăng.",การป้องกันความเสี่ยง,"ผู้จัดการกองทุนใช้สวอปอัตราดอกเบี้ยสำหรับการป้องกันความเสี่ยงจากผลตอบแทนพันธบัตรที่เพิ่มขึ้น",lindung nilai,"Manajer dana menggunakan swap suku bunga untuk lindung nilai terhadap kenaikan imbal hasil obligasi."
solvency,"Regulatory stress tests evaluate whether banks maintain solvency under adverse economic scenarios.",지급능력,"규제 스트레스 테스트는 은행이 불리한 경제 시나리오에서 지급능력을 유지하는지 평가한다.",支払能力,"規制上のストレステストは不利な経済シナリオの下で銀行が支払能力を維持できるかを評価する。",偿付能力,"监管压力测试评估银行在不利经济情景下是否保持偿付能力。",solvencia,"Las pruebas de estrés regulatorias evalúan si los bancos mantienen la solvencia bajo escenarios económicos adversos.",khả năng thanh toán,"Các bài kiểm tra sức chịu đựng đánh giá liệu ngân hàng có duy trì khả năng thanh toán trong các kịch bản kinh tế bất lợi.",ความสามารถในการชำระหนี้,"การทดสอบภาวะวิกฤตของหน่วยงานกำกับดูแลประเมินว่าธนาคารรักษาความสามารถในการชำระหนี้ภายใต้สถานการณ์เศรษฐกิจที่ไม่เอื้ออำนวย",solvabilitas,"Uji stres regulasi mengevaluasi apakah bank mempertahankan solvabilitas di bawah skenario ekonomi yang merugikan."
yield,"The yield curve inversion has historically preceded economic recessions by twelve to eighteen months.",수익률,"수익률 곡선 역전은 역사적으로 경기 침체에 12개월에서 18개월 앞서 발생했다.",利回り,"イールドカーブの逆転は歴史的に景気後退に12か月から18か月先行してきた。",收益率,"收益率曲线倒挂历史上在经济衰退前12至18个月出现。",rendimiento,"La inversión de la curva de rendimiento ha precedido históricamente a las recesiones económicas por doce a dieciocho meses.",lợi suất,"Đảo ngược đường cong lợi suất trong lịch sử đã đi trước suy thoái kinh tế từ mười hai đến mười tám tháng.",ผลตอบแทน,"การกลับตัวของเส้นอัตราผลตอบแทนมักเกิดขึ้นก่อนภาวะเศรษฐกิจถดถอยสิบสองถึงสิบแปดเดือนในอดีต",imbal hasil,"Inversi kurva imbal hasil secara historis mendahului resesi ekonomi selama dua belas hingga delapan belas bulan."
fiduciary,"A fiduciary duty requires financial advisors to act solely in their clients' best interests.",수탁자의,"수탁자의 의무는 재정 고문이 오로지 고객의 최선의 이익을 위해 행동할 것을 요구한다.",受託者の,"受託者としての義務は財務アドバイザーに顧客の最善の利益のためにのみ行動することを求める。",受托人的,"受托责任要求财务顾问完全按照客户的最佳利益行事。",fiduciario,"Un deber fiduciario requiere que los asesores financieros actúen exclusivamente en el mejor interés de sus clientes.",ủy thác,"Nghĩa vụ ủy thác yêu cầu các cố vấn tài chính hành động hoàn toàn vì lợi ích tốt nhất của khách hàng.",ความเป็นผู้ดูแลผลประโยชน์,"หน้าที่ความเป็นผู้ดูแลผลประโยชน์กำหนดให้ที่ปรึกษาทางการเงินดำเนินการเพื่อผลประโยชน์สูงสุดของลูกค้าเท่านั้น",fidusia,"Kewajiban fidusia mengharuskan penasihat keuangan bertindak semata-mata demi kepentingan terbaik klien mereka."
immunosuppression,"Chronic immunosuppression increases vulnerability to opportunistic infections in transplant recipients.",면역억제,"만성 면역억제는 이식 수혜자의 기회 감염에 대한 취약성을 증가시킨다.",免疫抑制,"慢性的な免疫抑制は移植患者の日和見感染に対する脆弱性を高める。",免疫抑制,"慢性免疫抑制增加了移植受者对机会性感染的易感性。",inmunosupresión,"La inmunosupresión crónica aumenta la vulnerabilidad a infecciones oportunistas en receptores de trasplantes.",ức chế miễn dịch,"Ức chế miễn dịch mạn tính làm tăng tính dễ bị tổn thương đối với nhiễm trùng cơ hội ở người nhận tạng.",การกดภูมิคุ้มกัน,"การกดภูมิคุ้มกันเรื้อรังเพิ่มความเสี่ยงต่อการติดเชื้อฉวยโอกาสในผู้รับการปลูกถ่ายอวัยวะ",imunosupresi,"Imunosupresi kronis meningkatkan kerentanan terhadap infeksi oportunistik pada penerima transplantasi."
metastasis,"Early detection is crucial because metastasis dramatically reduces cancer survival rates.",전이,"조기 발견이 중요한 이유는 전이가 암 생존율을 극적으로 낮추기 때문이다.",転移,"早期発見は極めて重要であり転移はがんの生存率を劇的に低下させる。",转移,"早期发现至关重要因为转移会大幅降低癌症存活率。",metástasis,"La detección temprana es crucial porque la metástasis reduce drásticamente las tasas de supervivencia del cáncer.",di căn,"Phát hiện sớm rất quan trọng vì di căn làm giảm đáng kể tỷ lệ sống sót của ung thư.",การแพร่กระจาย,"การตรวจพบตั้งแต่เนิ่นๆ เป็นสิ่งสำคัญเพราะการแพร่กระจายของมะเร็งลดอัตราการรอดชีวิตอย่างมาก",metastasis,"Deteksi dini sangat penting karena metastasis secara dramatis mengurangi tingkat kelangsungan hidup kanker."
bioavailability,"Oral bioavailability of the compound was enhanced through nanoparticle encapsulation technology.",생체이용률,"화합물의 경구 생체이용률은 나노입자 캡슐화 기술을 통해 향상되었다.",バイオアベイラビリティ,"化合物の経口バイオアベイラビリティはナノ粒子カプセル化技術により向上した。",生物利用度,"通过纳米粒子包封技术提高了该化合物的口服生物利用度。",biodisponibilidad,"La biodisponibilidad oral del compuesto se mejoró mediante tecnología de encapsulación de nanopartículas.",sinh khả dụng,"Sinh khả dụng đường uống của hợp chất được tăng cường thông qua công nghệ đóng gói hạt nano.",ชีวปริมาณออกฤทธิ์,"ชีวปริมาณออกฤทธิ์ทางปากของสารประกอบได้รับการเพิ่มขึ้นผ่านเทคโนโลยีการห่อหุ้มอนุภาคนาโน",bioavailabilitas,"Bioavailabilitas oral senyawa tersebut ditingkatkan melalui teknologi enkapsulasi nanopartikel."
comorbidity,"The patient's comorbidity of diabetes and hypertension complicated the treatment protocol.",동반이환,"환자의 당뇨병과 고혈압의 동반이환은 치료 프로토콜을 복잡하게 만들었다.",合併症,"患者の糖尿病と高血圧の合併症は治療プロトコルを複雑にした。",合并症,"患者糖尿病和高血压的合并症使治疗方案变得复杂。",comorbilidad,"La comorbilidad de diabetes e hipertensión del paciente complicó el protocolo de tratamiento.",bệnh đồng mắc,"Bệnh đồng mắc tiểu đường và tăng huyết áp của bệnh nhân làm phức tạp phác đồ điều trị.",โรคร่วม,"โรคร่วมของผู้ป่วยคือเบาหวานและความดันโลหิตสูงทำให้โปรโตคอลการรักษาซับซ้อนขึ้น",komorbiditas,"Komorbiditas diabetes dan hipertensi pada pasien mempersulit protokol pengobatan."
prognosis,"The oncologist delivered a cautiously optimistic prognosis after reviewing the latest scan results.",예후,"종양학자는 최신 스캔 결과를 검토한 후 조심스럽게 낙관적인 예후를 전달했다.",予後,"腫瘍専門医は最新のスキャン結果を確認した後慎重に楽観的な予後を伝えた。",预后,"肿瘤科医生在查看最新扫描结果后给出了谨慎乐观的预后。",pronóstico,"El oncólogo dio un pronóstico cautelosamente optimista tras revisar los últimos resultados del escáner.",tiên lượng,"Bác sĩ ung thư đưa ra tiên lượng lạc quan thận trọng sau khi xem kết quả quét mới nhất.",การพยากรณ์โรค,"แพทย์มะเร็งให้การพยากรณ์โรคในเชิงบวกอย่างระมัดระวังหลังจากตรวจสอบผลสแกนล่าสุด",prognosis,"Onkolog menyampaikan prognosis yang optimis dengan hati-hati setelah meninjau hasil pemindaian terbaru."
deposition,"The witness's deposition was recorded under oath before the trial commenced.",증언 녹취,"증인의 증언 녹취는 재판 시작 전에 선서 하에 기록되었다.",証言録取,"証人の証言録取は裁判開始前に宣誓の下で記録された。",庭外证词,"证人的庭外证词在审判开始前宣誓录取。",deposición,"La deposición del testigo fue grabada bajo juramento antes de que comenzara el juicio.",lời khai,"Lời khai của nhân chứng được ghi nhận dưới lời tuyên thệ trước khi phiên tòa bắt đầu.",การให้ปากคำ,"การให้ปากคำของพยานถูกบันทึกภายใต้คำสาบานก่อนการพิจารณาคดีเริ่มต้น",deposisi,"Deposisi saksi direkam di bawah sumpah sebelum persidangan dimulai."
tort,"The plaintiff filed a tort claim alleging negligence by the pharmaceutical manufacturer.",불법행위,"원고는 제약 제조업체의 과실을 주장하는 불법행위 청구를 제기했다.",不法行為,"原告は製薬メーカーの過失を主張する不法行為の請求を提出した。",侵权,"原告提出了侵权索赔指控制药商存在过失。",agravio,"El demandante presentó una demanda por agravio alegando negligencia del fabricante farmacéutico.",hành vi sai trái,"Nguyên đơn đã nộp đơn kiện về hành vi sai trái cáo buộc sự cẩu thả của nhà sản xuất dược phẩm.",ละเมิด,"โจทก์ยื่นฟ้องคดีละเมิดโดยกล่าวหาว่าผู้ผลิตยาประมาทเลินเล่อ",perbuatan melawan hukum,"Penggugat mengajukan klaim perbuatan melawan hukum yang menuduh kelalaian oleh produsen farmasi."
subpoena,"The court issued a subpoena compelling the executive to produce all relevant financial documents.",소환장,"법원은 임원에게 모든 관련 재무 문서를 제출하도록 강제하는 소환장을 발부했다.",召喚令状,"裁判所は幹部にすべての関連財務書類の提出を強制する召喚令状を発行した。",传票,"法院发出传票强制该高管出示所有相关财务文件。",citación,"El tribunal emitió una citación obligando al ejecutivo a presentar todos los documentos financieros relevantes.",trát đòi hầu tòa,"Tòa án đã ban hành trát đòi hầu tòa buộc giám đốc phải xuất trình tất cả tài liệu tài chính liên quan.",หมายเรียก,"ศาลออกหมายเรียกบังคับให้ผู้บริหารจัดส่งเอกสารทางการเงินที่เกี่ยวข้องทั้งหมด",surat panggilan,"Pengadilan mengeluarkan surat panggilan yang memaksa eksekutif untuk menyerahkan semua dokumen keuangan yang relevan."
recidivism,"Studies on recidivism revealed that educational programs in prison significantly reduce reoffending rates.",재범률,"재범률에 대한 연구는 교도소 내 교육 프로그램이 재범률을 크게 줄인다는 것을 밝혔다.",再犯率,"再犯率に関する研究は刑務所内の教育プログラムが再犯率を大幅に減少させることを明らかにした。",再犯率,"关于再犯率的研究表明监狱教育项目显著降低了再犯率。",reincidencia,"Los estudios sobre reincidencia revelaron que los programas educativos en prisión reducen significativamente las tasas de reincidencia.",tái phạm,"Các nghiên cứu về tái phạm cho thấy chương trình giáo dục trong tù giảm đáng kể tỷ lệ tái phạm.",การกระทำผิดซ้ำ,"การศึกษาเกี่ยวกับการกระทำผิดซ้ำเผยว่าโปรแกรมการศึกษาในเรือนจำลดอัตราการกระทำผิดซ้ำอย่างมีนัยสำคัญ",residivisme,"Studi tentang residivisme mengungkapkan bahwa program pendidikan di penjara secara signifikan mengurangi tingkat pelanggaran ulang."
anapest,"The poet's use of anapest created a galloping rhythm that mirrored the cavalry charge described in the verse.",단약약격,"시인의 단약약격 사용은 시에서 묘사된 기병 돌격을 반영하는 질주하는 리듬을 만들었다.",アナペスト,"詩人のアナペストの使用は詩に描かれた騎兵の突撃を反映する疾走するリズムを生み出した。",抑抑扬格,"诗人使用抑抑扬格创造了一种奔腾的节奏来映射诗中描述的骑兵冲锋。",anapesto,"El uso del anapesto por parte del poeta creó un ritmo galopante que reflejaba la carga de caballería descrita en el verso.",nhịp ngắn ngắn dài,"Việc sử dụng nhịp ngắn ngắn dài của nhà thơ tạo ra nhịp điệu phi nước đại phản ánh cuộc xung phong kỵ binh trong bài thơ.",จังหวะอะนาเพสต์,"การใช้จังหวะอะนาเพสต์ของกวีสร้างจังหวะที่วิ่งควบม้าซึ่งสะท้อนการบุกของทหารม้าที่อธิบายในบทกวี",anapest,"Penggunaan anapest oleh penyair menciptakan ritme berlari kencang yang mencerminkan serangan kavaleri yang dijelaskan dalam syair."
apophasis,"The politician's apophasis drew attention to the scandal by claiming he would not mention it.",언급 회피 수사법,"정치인의 언급 회피 수사법은 언급하지 않겠다고 주장함으로써 스캔들에 주의를 끌었다.",アポファシス,"政治家のアポファシスは言及しないと主張することでスキャンダルに注目を集めた。",假装不提,"政治家的假装不提手法通过声称不会提及丑闻来引起人们对丑闻的注意。",apófasis,"La apófasis del político llamó la atención sobre el escándalo al afirmar que no lo mencionaría.",thuật nói phủ định,"Thuật nói phủ định của chính trị gia thu hút sự chú ý đến vụ bê bối bằng cách tuyên bố ông không đề cập đến nó.",อโพฟาซิส,"อโพฟาซิสของนักการเมืองดึงดูดความสนใจไปที่เรื่องอื้อฉาวโดยอ้างว่าเขาจะไม่พูดถึงมัน",apofasis,"Apofasis politisi tersebut menarik perhatian pada skandal dengan mengklaim dia tidak akan menyebutkannya."
serialization,"Efficient serialization formats reduce network overhead in distributed microservice architectures.",직렬화,"효율적인 직렬화 형식은 분산 마이크로서비스 아키텍처에서 네트워크 오버헤드를 줄인다.",シリアライゼーション,"効率的なシリアライゼーション形式は分散マイクロサービスアーキテクチャにおけるネットワークオーバーヘッドを削減する。",序列化,"高效的序列化格式减少了分布式微服务架构中的网络开销。",serialización,"Los formatos de serialización eficientes reducen la sobrecarga de red en arquitecturas de microservicios distribuidos.",tuần tự hóa,"Các định dạng tuần tự hóa hiệu quả giảm chi phí mạng trong kiến trúc microservice phân tán.",ซีเรียลไลเซชัน,"รูปแบบซีเรียลไลเซชันที่มีประสิทธิภาพลดค่าใช้จ่ายเครือข่ายในสถาปัตยกรรมไมโครเซอร์วิสแบบกระจาย",serialisasi,"Format serialisasi yang efisien mengurangi overhead jaringan dalam arsitektur microservice terdistribusi."
latency,"Tail latency at the 99th percentile exceeded acceptable thresholds during peak traffic periods.",지연 시간,"피크 트래픽 기간 동안 99번째 백분위수의 꼬리 지연 시간이 허용 가능한 임계값을 초과했다.",レイテンシ,"ピークトラフィック期間中の99パーセンタイルのテールレイテンシが許容可能な閾値を超えた。",延迟,"在高峰流量期间第99百分位的尾延迟超过了可接受的阈值。",latencia,"La latencia de cola en el percentil 99 excedió los umbrales aceptables durante los períodos de tráfico pico.",độ trễ,"Độ trễ đuôi ở phần trăm thứ 99 vượt quá ngưỡng chấp nhận được trong thời gian lưu lượng cao điểm.",เวลาแฝง,"เวลาแฝงปลายทางที่เปอร์เซ็นไทล์ที่ 99 เกินเกณฑ์ที่ยอมรับได้ในช่วงเวลาที่มีปริมาณการใช้งานสูงสุด",latensi,"Latensi ekor pada persentil ke-99 melampaui ambang batas yang dapat diterima selama periode lalu lintas puncak."
throughput,"Optimizing database query throughput required implementing connection pooling and read replicas.",처리량,"데이터베이스 쿼리 처리량을 최적화하려면 연결 풀링 및 읽기 복제본 구현이 필요했다.",スループット,"データベースクエリのスループットの最適化にはコネクションプーリングとリードレプリカの実装が必要だった。",吞吐量,"优化数据库查询吞吐量需要实施连接池和只读副本。",rendimiento,"Optimizar el rendimiento de las consultas de base de datos requirió implementar agrupación de conexiones y réplicas de lectura.",thông lượng,"Tối ưu hóa thông lượng truy vấn cơ sở dữ liệu đòi hỏi triển khai gộp kết nối và bản sao đọc.",ปริมาณงาน,"การเพิ่มประสิทธิภาพปริมาณงานของการสืบค้นฐานข้อมูลต้องการการใช้การรวมการเชื่อมต่อและเรพลิกาการอ่าน",throughput,"Mengoptimalkan throughput kueri basis data memerlukan penerapan connection pooling dan read replica."
encapsulation,"Encapsulation in software design hides internal state and requires interaction through well-defined interfaces.",캡슐화,"소프트웨어 설계에서 캡슐화는 내부 상태를 숨기고 잘 정의된 인터페이스를 통한 상호작용을 요구한다.",カプセル化,"ソフトウェア設計におけるカプセル化は内部状態を隠蔽し明確に定義されたインターフェースを通じた操作を要求する。",封装,"软件设计中的封装隐藏内部状态并要求通过定义良好的接口进行交互。",encapsulación,"La encapsulación en diseño de software oculta el estado interno y requiere interacción a través de interfaces bien definidas.",đóng gói,"Đóng gói trong thiết kế phần mềm ẩn trạng thái nội bộ và yêu cầu tương tác thông qua giao diện được định nghĩa rõ ràng.",การห่อหุ้ม,"การห่อหุ้มในการออกแบบซอฟต์แวร์ซ่อนสถานะภายในและต้องการการโต้ตอบผ่านอินเทอร์เฟซที่กำหนดไว้อย่างชัดเจน",enkapsulasi,"Enkapsulasi dalam desain perangkat lunak menyembunyikan status internal dan memerlukan interaksi melalui antarmuka yang terdefinisi dengan baik."
recursion,"Tail-call optimized recursion prevents stack overflow in deeply nested function calls.",재귀,"꼬리 호출 최적화된 재귀는 깊이 중첩된 함수 호출에서 스택 오버플로를 방지한다.",再帰,"末尾呼び出し最適化された再帰は深くネストされた関数呼び出しでのスタックオーバーフローを防ぐ。",递归,"尾调用优化的递归可以防止深度嵌套函数调用中的栈溢出。",recursión,"La recursión optimizada con llamada de cola previene el desbordamiento de pila en llamadas a funciones profundamente anidadas.",đệ quy,"Đệ quy tối ưu hóa cuộc gọi đuôi ngăn tràn ngăn xếp trong các lệnh gọi hàm lồng nhau sâu.",การเรียกซ้ำ,"การเรียกซ้ำที่ปรับแต่งการเรียกท้ายป้องกันสแตกโอเวอร์โฟลว์ในการเรียกฟังก์ชันที่ซ้อนกันลึก",rekursi,"Rekursi yang dioptimalkan tail-call mencegah stack overflow dalam pemanggilan fungsi yang bersarang dalam."
abstraction,"Leaky abstractions force developers to understand underlying implementation details despite the abstraction layer.",추상화,"누수 있는 추상화는 추상화 계층에도 불구하고 개발자가 기본 구현 세부 사항을 이해하도록 강제한다.",抽象化,"漏れのある抽象化は抽象化レイヤにもかかわらず開発者に基盤となる実装の詳細を理解することを強いる。",抽象,"泄漏的抽象迫使开发者在抽象层之外还要理解底层实现细节。",abstracción,"Las abstracciones con fugas obligan a los desarrolladores a comprender los detalles de implementación subyacentes a pesar de la capa de abstracción.",trừu tượng hóa,"Trừu tượng hóa rò rỉ buộc nhà phát triển phải hiểu chi tiết triển khai cơ bản bất chấp lớp trừu tượng.",นามธรรม,"นามธรรมที่รั่วไหลบังคับให้นักพัฒนาเข้าใจรายละเอียดการนำไปใช้งานพื้นฐานแม้จะมีชั้นนามธรรม",abstraksi,"Abstraksi yang bocor memaksa pengembang untuk memahami detail implementasi yang mendasari meskipun ada lapisan abstraksi."
epigenetics,"Epigenetics research demonstrated that environmental stress can alter gene expression across generations.",후성유전학,"후성유전학 연구는 환경적 스트레스가 세대에 걸쳐 유전자 발현을 변경할 수 있음을 입증했다.",エピジェネティクス,"エピジェネティクス研究は環境ストレスが世代を超えて遺伝子発現を変化させうることを実証した。",表观遗传学,"表观遗传学研究表明环境压力可以跨代改变基因表达。",epigenética,"La investigación en epigenética demostró que el estrés ambiental puede alterar la expresión génica a través de generaciones.",biểu sinh học,"Nghiên cứu biểu sinh học chứng minh rằng stress môi trường có thể thay đổi biểu hiện gen qua các thế hệ.",เอพิเจเนติกส์,"การวิจัยเอพิเจเนติกส์แสดงให้เห็นว่าความเครียดจากสิ่งแวดล้อมสามารถเปลี่ยนแปลงการแสดงออกของยีนข้ามรุ่น",epigenetika,"Penelitian epigenetika menunjukkan bahwa stres lingkungan dapat mengubah ekspresi gen lintas generasi."
cytotoxicity,"The cytotoxicity assay confirmed that the novel compound selectively destroys tumor cells.",세포독성,"세포독성 분석은 새로운 화합물이 종양 세포를 선택적으로 파괴한다는 것을 확인했다.",細胞毒性,"細胞毒性アッセイは新規化合物が腫瘍細胞を選択的に破壊することを確認した。",细胞毒性,"细胞毒性测定证实该新型化合物选择性地破坏肿瘤细胞。",citotoxicidad,"El ensayo de citotoxicidad confirmó que el nuevo compuesto destruye selectivamente las células tumorales.",độc tính tế bào,"Xét nghiệm độc tính tế bào xác nhận rằng hợp chất mới phá hủy có chọn lọc các tế bào khối u.",ความเป็นพิษต่อเซลล์,"การทดสอบความเป็นพิษต่อเซลล์ยืนยันว่าสารประกอบใหม่ทำลายเซลล์เนื้องอกอย่างเลือกสรร",sitotoksisitas,"Uji sitotoksisitas mengkonfirmasi bahwa senyawa baru tersebut secara selektif menghancurkan sel tumor."
nosocomial,"Nosocomial infections remain a persistent challenge in intensive care units worldwide.",원내감염,"원내감염은 전 세계 중환자실에서 지속적인 과제로 남아 있다.",院内感染,"院内感染は世界中の集中治療室で持続的な課題であり続けている。",院内感染,"院内感染仍然是全球重症监护病房面临的持续挑战。",nosocomial,"Las infecciones nosocomiales siguen siendo un desafío persistente en las unidades de cuidados intensivos de todo el mundo.",nhiễm trùng bệnh viện,"Nhiễm trùng bệnh viện vẫn là thách thức dai dẳng trong các đơn vị chăm sóc đặc biệt trên toàn thế giới.",การติดเชื้อในโรงพยาบาล,"การติดเชื้อในโรงพยาบาลยังคงเป็นความท้าทายอย่างต่อเนื่องในหน่วยดูแลผู้ป่วยวิกฤตทั่วโลก",nosokomial,"Infeksi nosokomial tetap menjadi tantangan persisten di unit perawatan intensif di seluruh dunia."
leverage,"Excessive leverage amplified losses throughout the banking sector during the credit crisis.",레버리지,"과도한 레버리지는 신용 위기 동안 은행 부문 전체에 걸쳐 손실을 증폭시켰다.",レバレッジ,"過度なレバレッジは信用危機中に銀行セクター全体の損失を増幅させた。",杠杆,"过度杠杆在信贷危机期间放大了整个银行业的损失。",apalancamiento,"El apalancamiento excesivo amplificó las pérdidas en todo el sector bancario durante la crisis crediticia.",đòn bẩy,"Đòn bẩy quá mức đã khuếch đại tổn thất trong toàn bộ lĩnh vực ngân hàng trong cuộc khủng hoảng tín dụng.",เลเวอเรจ,"เลเวอเรจที่มากเกินไปขยายการขาดทุนทั่วทั้งภาคธนาคารในช่วงวิกฤตสินเชื่อ",leverage,"Leverage berlebihan memperbesar kerugian di seluruh sektor perbankan selama krisis kredit."
volatility,"Implied volatility derived from option prices serves as a forward-looking measure of market uncertainty.",변동성,"옵션 가격에서 도출된 내재 변동성은 시장 불확실성의 전향적 지표로 활용된다.",ボラティリティ,"オプション価格から導出されるインプライドボラティリティは市場の不確実性の先行指標として機能する。",波动率,"从期权价格推导出的隐含波动率作为市场不确定性的前瞻性指标。",volatilidad,"La volatilidad implícita derivada de los precios de las opciones sirve como medida prospectiva de la incertidumbre del mercado.",biến động,"Biến động ngụ ý được suy ra từ giá quyền chọn đóng vai trò là thước đo triển vọng về sự bất ổn của thị trường.",ความผันผวน,"ความผันผวนโดยนัยที่ได้จากราคาออปชันทำหน้าที่เป็นตัววัดความไม่แน่นอนของตลาดในอนาคต",volatilitas,"Volatilitas tersirat yang diperoleh dari harga opsi berfungsi sebagai ukuran ketidakpastian pasar yang bersifat ke depan."
syndication,"Loan syndication distributes credit risk among multiple lenders for large-scale infrastructure projects.",신디케이션,"대출 신디케이션은 대규모 인프라 프로젝트의 신용 위험을 여러 대출기관에 분산시킨다.",シンジケーション,"ローンシンジケーションは大規模インフラプロジェクトの信用リスクを複数の貸し手に分散させる。",银团贷款,"贷款银团将大型基础设施项目的信用风险分散到多个贷方。",sindicación,"La sindicación de préstamos distribuye el riesgo crediticio entre múltiples prestamistas para proyectos de infraestructura a gran escala.",hợp vốn,"Hợp vốn cho vay phân phối rủi ro tín dụng giữa nhiều bên cho vay cho các dự án cơ sở hạ tầng quy mô lớn.",การร่วมจัดจำหน่าย,"การร่วมจัดจำหน่ายเงินกู้กระจายความเสี่ยงด้านสินเชื่อระหว่างผู้ให้กู้หลายรายสำหรับโครงการโครงสร้างพื้นฐานขนาดใหญ่",sindikasi,"Sindikasi pinjaman mendistribusikan risiko kredit di antara beberapa pemberi pinjaman untuk proyek infrastruktur berskala besar."
due diligence,"Thorough due diligence uncovered material liabilities that significantly reduced the acquisition price.",실사,"철저한 실사는 인수 가격을 크게 낮추는 중대한 부채를 발견했다.",デューデリジェンス,"徹底的なデューデリジェンスにより買収価格を大幅に引き下げる重大な負債が明らかになった。",尽职调查,"彻底的尽职调查发现了大幅降低收购价格的重大负债。",diligencia debida,"La diligencia debida exhaustiva descubrió pasivos materiales que redujeron significativamente el precio de adquisición.",thẩm định,"Thẩm định kỹ lưỡng đã phát hiện các khoản nợ trọng yếu làm giảm đáng kể giá mua lại.",การตรวจสอบสถานะ,"การตรวจสอบสถานะอย่างละเอียดเปิดเผยหนี้สินที่สำคัญซึ่งลดราคาซื้อกิจการลงอย่างมาก",uji tuntas,"Uji tuntas menyeluruh mengungkap kewajiban material yang secara signifikan mengurangi harga akuisisi."
prophylaxis,"Antimicrobial prophylaxis before surgery reduces the incidence of postoperative wound infections.",예방,"수술 전 항균 예방은 수술 후 상처 감염 발생률을 줄인다.",予防投与,"術前の抗菌薬予防投与は術後の創傷感染の発生率を低下させる。",预防,"术前抗菌预防可降低术后伤口感染的发生率。",profilaxis,"La profilaxis antimicrobiana antes de la cirugía reduce la incidencia de infecciones de herida postoperatorias.",dự phòng,"Dự phòng kháng khuẩn trước phẫu thuật làm giảm tỷ lệ nhiễm trùng vết thương sau phẫu thuật.",การป้องกัน,"การให้ยาต้านจุลชีพเพื่อการป้องกันก่อนการผ่าตัดลดอุบัติการณ์ของการติดเชื้อแผลหลังผ่าตัด",profilaksis,"Profilaksis antimikroba sebelum operasi mengurangi insiden infeksi luka pascaoperasi."
ischemia,"Cardiac ischemia occurs when coronary artery narrowing restricts blood flow to the heart muscle.",허혈,"심장 허혈은 관상동맥 협착이 심장 근육으로의 혈류를 제한할 때 발생한다.",虚血,"心臓虚血は冠動脈の狭窄が心筋への血流を制限するときに起こる。",缺血,"心脏缺血发生在冠状动脉狭窄限制了流向心肌的血流时。",isquemia,"La isquemia cardíaca ocurre cuando el estrechamiento de la arteria coronaria restringe el flujo sanguíneo al músculo cardíaco.",thiếu máu cục bộ,"Thiếu máu cục bộ tim xảy ra khi hẹp động mạch vành hạn chế lưu lượng máu đến cơ tim.",ภาวะขาดเลือด,"ภาวะขาดเลือดของหัวใจเกิดขึ้นเมื่อหลอดเลือดหัวใจตีบแคบจำกัดการไหลเวียนของเลือดไปยังกล้ามเนื้อหัวใจ",iskemia,"Iskemia jantung terjadi ketika penyempitan arteri koroner membatasi aliran darah ke otot jantung."
mens rea,"Establishing mens rea is essential to proving criminal liability in most common-law jurisdictions.",범의,"범의를 입증하는 것은 대부분의 보통법 관할권에서 형사 책임을 증명하는 데 필수적이다.",犯意,"犯意の立証はほとんどのコモンロー法域で刑事責任を証明するために不可欠である。",犯罪意图,"在大多数普通法管辖区确立犯罪意图是证明刑事责任的关键。",mens rea,"Establecer el mens rea es esencial para probar la responsabilidad penal en la mayoría de las jurisdicciones de derecho común.",ý định phạm tội,"Xác lập ý định phạm tội là yếu tố thiết yếu để chứng minh trách nhiệm hình sự trong hầu hết các hệ thống thông luật.",เจตนาร้าย,"การพิสูจน์เจตนาร้ายเป็นสิ่งจำเป็นในการพิสูจน์ความรับผิดทางอาญาในเขตอำนาจศาลคอมมอนลอว์ส่วนใหญ่",mens rea,"Menetapkan mens rea sangat penting untuk membuktikan tanggung jawab pidana di sebagian besar yurisdiksi hukum umum."
habeas corpus,"The defense attorney filed a habeas corpus petition challenging the legality of the prolonged detention.",인신보호영장,"변호인은 장기 구금의 합법성에 이의를 제기하는 인신보호영장 청원을 제출했다.",人身保護令状,"弁護人は長期拘留の合法性に異議を唱える人身保護令状の請願を提出した。",人身保护令,"辩护律师提交了人身保护令申请质疑长期拘留的合法性。",habeas corpus,"El abogado defensor presentó una petición de habeas corpus cuestionando la legalidad de la detención prolongada.",lệnh đòi người,"Luật sư bào chữa đã nộp đơn yêu cầu lệnh đòi người thách thức tính hợp pháp của việc giam giữ kéo dài.",หมายเรียกตัว,"ทนายจำเลยยื่นคำร้องหมายเรียกตัวท้าทายความชอบด้วยกฎหมายของการกักขังเป็นเวลานาน",habeas corpus,"Pengacara pembela mengajukan petisi habeas corpus yang menantang legalitas penahanan berkepanjangan."
litotes,"The professor's litotes that the discovery was not insignificant understated its revolutionary impact.",곡언법,"발견이 중요하지 않은 것은 아니라는 교수의 곡언법은 그것의 혁명적 영향을 축소해서 표현했다.",緩叙法,"その発見が重要でないわけではないという教授の緩叙法はその革命的影響を控えめに表現した。",反言法,"教授的反言法称这一发现并非不重要实际上低估了其革命性影响。",lítotes,"La lítotes del profesor de que el descubrimiento no era insignificante subestimó su impacto revolucionario.",phép nói giảm,"Phép nói giảm của giáo sư rằng phát hiện không phải là không quan trọng đã giảm nhẹ tác động cách mạng của nó.",การพูดเบาความ,"การพูดเบาความของศาสตราจารย์ว่าการค้นพบนี้ไม่ใช่เรื่องเล็กน้อยลดความสำคัญของผลกระทบเชิงปฏิวัติ",litotes,"Litotes profesor bahwa penemuan itu tidak tidak penting meremehkan dampak revolusionernya."
enthymeme,"The prosecutor's enthymeme relied on an unstated assumption that the jury would readily accept.",생략삼단논법,"검사의 생략삼단논법은 배심원이 쉽게 받아들일 미진술 가정에 의존했다.",省略三段論法,"検察官の省略三段論法は陪審員が容易に受け入れるであろう暗黙の前提に依拠していた。",省略推理,"检察官的省略推理依赖于陪审团会轻易接受的一个未明确陈述的假设。",entimema,"El entimema del fiscal se basó en una suposición no declarada que el jurado aceptaría fácilmente.",tam đoạn luận rút gọn,"Tam đoạn luận rút gọn của công tố viên dựa trên một giả định không nêu ra mà bồi thẩm đoàn sẽ dễ dàng chấp nhận.",เอนทิมีม,"เอนทิมีมของอัยการอาศัยข้อสมมติที่ไม่ได้ระบุซึ่งคณะลูกขุนจะยอมรับอย่างง่ายดาย",entimem,"Entimem jaksa mengandalkan asumsi yang tidak dinyatakan yang akan diterima juri dengan mudah."
depreciation,"Accelerated depreciation methods allow businesses to front-load tax deductions on capital assets.",감가상각,"가속 감가상각 방법은 기업이 자본 자산에 대한 세금 공제를 앞당길 수 있게 한다.",減価償却,"加速減価償却法は企業が資本資産の税額控除を前倒しすることを可能にする。",折旧,"加速折旧方法允许企业对资本资产提前扣除税款。",depreciación,"Los métodos de depreciación acelerada permiten a las empresas adelantar deducciones fiscales sobre activos de capital.",khấu hao,"Phương pháp khấu hao nhanh cho phép doanh nghiệp tăng khấu trừ thuế ngay từ đầu đối với tài sản vốn.",ค่าเสื่อมราคา,"วิธีค่าเสื่อมราคาแบบเร่งอนุญาตให้ธุรกิจหักภาษีล่วงหน้าสำหรับสินทรัพย์ทุน",depresiasi,"Metode depresiasi dipercepat memungkinkan bisnis untuk memuat awal pengurangan pajak atas aset modal."
disbursement,"The phased disbursement of development funds ensured accountability at each project milestone.",지출,"개발 자금의 단계적 지출은 각 프로젝트 이정표에서 책임을 보장했다.",支出,"開発資金の段階的な支出により各プロジェクトのマイルストーンでの説明責任が確保された。",拨付,"开发资金的分阶段拨付确保了每个项目里程碑的问责制。",desembolso,"El desembolso escalonado de fondos de desarrollo aseguró la rendición de cuentas en cada hito del proyecto.",giải ngân,"Việc giải ngân theo giai đoạn của quỹ phát triển đảm bảo trách nhiệm giải trình tại mỗi cột mốc dự án.",การเบิกจ่าย,"การเบิกจ่ายเงินทุนเพื่อการพัฒนาแบบเป็นระยะรับประกันความรับผิดชอบในแต่ละเหตุการณ์สำคัญของโครงการ",pencairan,"Pencairan bertahap dana pembangunan memastikan akuntabilitas di setiap tonggak proyek."
neurotransmitter,"Serotonin is a neurotransmitter that plays a critical role in regulating mood and sleep cycles.",신경전달물질,"세로토닌은 기분과 수면 주기 조절에 중요한 역할을 하는 신경전달물질이다.",神経伝達物質,"セロトニンは気分と睡眠サイクルの調節に重要な役割を果たす神経伝達物質である。",神经递质,"血清素是一种在调节情绪和睡眠周期中起关键作用的神经递质。",neurotransmisor,"La serotonina es un neurotransmisor que desempeña un papel fundamental en la regulación del estado de ánimo y los ciclos de sueño.",chất dẫn truyền thần kinh,"Serotonin là chất dẫn truyền thần kinh đóng vai trò quan trọng trong việc điều hòa tâm trạng và chu kỳ giấc ngủ.",สารสื่อประสาท,"เซโรโทนินเป็นสารสื่อประสาทที่มีบทบาทสำคัญในการควบคุมอารมณ์และวงจรการนอนหลับ",neurotransmiter,"Serotonin adalah neurotransmiter yang memainkan peran penting dalam mengatur suasana hati dan siklus tidur."
thrombosis,"Deep vein thrombosis can lead to a potentially fatal pulmonary embolism if left untreated.",혈전증,"심부정맥 혈전증은 치료하지 않으면 잠재적으로 치명적인 폐색전증을 초래할 수 있다.",血栓症,"深部静脈血栓症は治療しなければ致命的な肺塞栓症につながる可能性がある。",血栓形成,"深静脉血栓形成如不治疗可能导致潜在致命的肺栓塞。",trombosis,"La trombosis venosa profunda puede provocar una embolia pulmonar potencialmente mortal si no se trata.",huyết khối,"Huyết khối tĩnh mạch sâu có thể dẫn đến thuyên tắc phổi có khả năng gây tử vong nếu không được điều trị.",การเกิดลิ่มเลือด,"การเกิดลิ่มเลือดในหลอดเลือดดำลึกอาจนำไปสู่ภาวะลิ่มเลือดอุดกั้นในปอดที่อาจถึงแก่ชีวิตหากไม่ได้รับการรักษา",trombosis,"Trombosis vena dalam dapat menyebabkan emboli paru yang berpotensi fatal jika tidak ditangani."
ameliorate,"The new policy was designed to ameliorate the socioeconomic disparities in underserved communities.",개선하다,"새로운 정책은 소외된 지역사회의 사회경제적 불균형을 개선하기 위해 설계되었다.",改善する,"新しい政策はサービスが不十分な地域の社会経済的格差を改善するために設計された。",改善,"新政策旨在改善弱势社区的社会经济差距。",mejorar,"La nueva política fue diseñada para mejorar las disparidades socioeconómicas en comunidades desatendidas.",cải thiện,"Chính sách mới được thiết kế để cải thiện sự chênh lệch kinh tế xã hội trong các cộng đồng thiếu thốn.",บรรเทา,"นโยบายใหม่ถูกออกแบบมาเพื่อบรรเทาความเหลื่อมล้ำทางเศรษฐกิจสังคมในชุมชนที่ด้อยโอกาส",memperbaiki,"Kebijakan baru dirancang untuk memperbaiki disparitas sosioekonomi di komunitas yang kurang terlayani."
obfuscation,"Code obfuscation techniques make reverse engineering of proprietary software significantly more difficult.",난독화,"코드 난독화 기술은 독점 소프트웨어의 역공학을 상당히 더 어렵게 만든다.",難読化,"コードの難読化技術はプロプライエタリソフトウェアのリバースエンジニアリングを著しく困難にする。",混淆,"代码混淆技术使专有软件的逆向工程变得更加困难。",ofuscación,"Las técnicas de ofuscación de código hacen significativamente más difícil la ingeniería inversa del software propietario.",làm rối mã,"Kỹ thuật làm rối mã làm cho việc dịch ngược phần mềm độc quyền trở nên khó khăn hơn đáng kể.",การทำให้สับสน,"เทคนิคการทำให้โค้ดสับสนทำให้การวิศวกรรมย้อนกลับของซอฟต์แวร์ที่เป็นกรรมสิทธิ์ยากขึ้นอย่างมาก",obfuskasi,"Teknik obfuskasi kode membuat rekayasa balik perangkat lunak proprietary secara signifikan lebih sulit."
refactoring,"Systematic refactoring of legacy code reduced technical debt without altering external behavior.",리팩토링,"레거시 코드의 체계적인 리팩토링은 외부 동작을 변경하지 않고 기술 부채를 줄였다.",リファクタリング,"レガシーコードの体系的なリファクタリングは外部の動作を変えずに技術的負債を削減した。",重构,"对遗留代码的系统重构在不改变外部行为的情况下减少了技术债务。",refactorización,"La refactorización sistemática del código heredado redujo la deuda técnica sin alterar el comportamiento externo.",tái cấu trúc,"Tái cấu trúc có hệ thống mã di sản đã giảm nợ kỹ thuật mà không thay đổi hành vi bên ngoài.",การปรับโครงสร้างโค้ด,"การปรับโครงสร้างโค้ดเก่าอย่างเป็นระบบลดหนี้ทางเทคนิคโดยไม่เปลี่ยนแปลงพฤติกรรมภายนอก",refactoring,"Refactoring sistematis kode warisan mengurangi utang teknis tanpa mengubah perilaku eksternal."
middleware,"The authentication middleware intercepts every request to validate JSON Web Tokens before routing.",미들웨어,"인증 미들웨어는 라우팅 전에 JSON 웹 토큰의 유효성을 검사하기 위해 모든 요청을 가로챈다.",ミドルウェア,"認証ミドルウェアはルーティング前にJSON Webトークンを検証するためにすべてのリクエストをインターセプトする。",中间件,"认证中间件拦截每个请求以在路由之前验证JSON Web令牌。",middleware,"El middleware de autenticación intercepta cada solicitud para validar los tokens web JSON antes del enrutamiento.",phần mềm trung gian,"Phần mềm trung gian xác thực chặn mọi yêu cầu để xác thực JSON Web Token trước khi định tuyến.",มิดเดิลแวร์,"มิดเดิลแวร์การยืนยันตัวตนดักจับทุกคำขอเพื่อตรวจสอบ JSON Web Token ก่อนการกำหนดเส้นทาง",middleware,"Middleware autentikasi mencegat setiap permintaan untuk memvalidasi JSON Web Token sebelum routing."
microservices,"Migrating from a monolith to microservices improved deployment frequency but increased operational complexity.",마이크로서비스,"모놀리스에서 마이크로서비스로의 전환은 배포 빈도를 향상시켰지만 운영 복잡성을 증가시켰다.",マイクロサービス,"モノリスからマイクロサービスへの移行は展開頻度を向上させたが運用の複雑さを増加させた。",微服务,"从单体架构迁移到微服务提高了部署频率但增加了运维复杂性。",microservicios,"Migrar de un monolito a microservicios mejoró la frecuencia de despliegue pero aumentó la complejidad operativa.",vi dịch vụ,"Di chuyển từ monolith sang vi dịch vụ cải thiện tần suất triển khai nhưng tăng độ phức tạp vận hành.",ไมโครเซอร์วิส,"การย้ายจากโมโนลิธไปยังไมโครเซอร์วิสปรับปรุงความถี่ในการปรับใช้แต่เพิ่มความซับซ้อนในการดำเนินงาน",mikroservis,"Migrasi dari monolit ke mikroservis meningkatkan frekuensi deployment tetapi meningkatkan kompleksitas operasional."
malfeasance,"The investigation revealed widespread malfeasance among senior executives who had embezzled corporate funds.",직권남용,"조사는 기업 자금을 횡령한 고위 임원들 사이에 광범위한 직권남용이 있었음을 밝혔다.",不正行為,"調査は企業資金を横領した上級幹部の間で広範な不正行為があったことを明らかにした。",渎职,"调查揭示了挪用公司资金的高管中普遍存在的渎职行为。",malversación,"La investigación reveló una malversación generalizada entre ejecutivos superiores que habían malversado fondos corporativos.",hành vi sai trái,"Cuộc điều tra tiết lộ hành vi sai trái lan rộng trong các giám đốc cấp cao đã biển thủ quỹ công ty.",การกระทำผิดต่อหน้าที่,"การสอบสวนเปิดเผยการกระทำผิดต่อหน้าที่อย่างแพร่หลายในหมู่ผู้บริหารระดับสูงที่ยักยอกเงินของบริษัท",malfeasance,"Investigasi mengungkapkan malfeasance yang meluas di antara eksekutif senior yang telah menggelapkan dana perusahaan."
precedent,"The landmark ruling set a binding precedent that will reshape intellectual property litigation for decades.",판례,"그 획기적인 판결은 수십 년 동안 지적 재산권 소송을 재편할 구속력 있는 판례를 세웠다.",判例,"画期的な判決は今後数十年にわたり知的財産訴訟を再形成する拘束力のある判例を打ち立てた。",判例,"这一具有里程碑意义的裁决树立了将在未来几十年重塑知识产权诉讼的约束性判例。",precedente,"La sentencia histórica estableció un precedente vinculante que reformará el litigio de propiedad intelectual durante décadas.",tiền lệ,"Phán quyết mang tính bước ngoặt đã thiết lập tiền lệ ràng buộc sẽ định hình lại kiện tụng sở hữu trí tuệ trong nhiều thập kỷ.",บรรทัดฐาน,"คำพิพากษาสำคัญตั้งบรรทัดฐานที่มีผลผูกพันซึ่งจะปรับเปลี่ยนคดีทรัพย์สินทางปัญญาเป็นเวลาหลายทศวรรษ",preseden,"Putusan penting tersebut menetapkan preseden mengikat yang akan membentuk ulang litigasi kekayaan intelektual selama beberapa dekade."
polysyndeton,"The author's polysyndeton built an overwhelming sense of accumulation by connecting every clause with conjunctions.",다접속사,"작가의 다접속사 사용은 모든 절을 접속사로 연결하여 압도적인 축적감을 만들었다.",多接続詞法,"著者の多接続詞法はすべての節を接続詞で繋ぐことで圧倒的な蓄積感を構築した。",多连词,"作者的多连词手法通过用连词连接每个从句营造出一种压倒性的累积感。",polisíndeton,"El polisíndeton del autor construyó un sentido abrumador de acumulación conectando cada cláusula con conjunciones.",phép liên từ,"Phép liên từ của tác giả tạo nên cảm giác tích lũy áp đảo bằng cách kết nối mọi mệnh đề bằng liên từ.",โพลีซินเดตัน,"โพลีซินเดตันของผู้เขียนสร้างความรู้สึกสะสมอย่างท่วมท้นโดยเชื่อมทุกอนุประโยคด้วยคำเชื่อม",polisindeton,"Polisindeton penulis membangun rasa akumulasi yang luar biasa dengan menghubungkan setiap klausa dengan konjungsi."
asyndeton,"The general's asyndeton in his speech conveyed urgency and rapid succession of battlefield commands.",무접속사,"장군의 연설에서의 무접속사 사용은 긴박감과 전장 명령의 빠른 연속을 전달했다.",無接続詞法,"将軍の演説における無接続詞法は緊急性と戦場での命令の連続を伝えた。",省略连词,"将军演讲中的省略连词传达了紧迫感和战场命令的快速连续。",asíndeton,"El asíndeton del general en su discurso transmitió urgencia y una rápida sucesión de comandos de campo de batalla.",phép lược liên từ,"Phép lược liên từ của vị tướng trong bài phát biểu truyền tải sự khẩn cấp và chuỗi mệnh lệnh chiến trường nhanh chóng.",อะซินเดตัน,"อะซินเดตันของนายพลในคำปราศรัยสื่อถึงความเร่งด่วนและการสั่งการในสนามรบอย่างรวดเร็วต่อเนื่อง",asindeton,"Asindeton jenderal dalam pidatonya menyampaikan urgensi dan suksesi cepat perintah medan perang."
contraindication,"Renal impairment is a major contraindication for prescribing nephrotoxic medications.",금기,"신장 기능 저하는 신장 독성 약물 처방의 주요 금기 사항이다.",禁忌,"腎機能障害は腎毒性薬剤の処方における主要な禁忌である。",禁忌症,"肾功能损害是处方肾毒性药物的主要禁忌症。",contraindicación,"La insuficiencia renal es una contraindicación importante para prescribir medicamentos nefrotóxicos.",chống chỉ định,"Suy thận là chống chỉ định chính cho việc kê đơn thuốc độc thận.",ข้อห้ามใช้,"ภาวะไตบกพร่องเป็นข้อห้ามใช้ที่สำคัญสำหรับการสั่งยาที่เป็นพิษต่อไต",kontraindikasi,"Gangguan ginjal merupakan kontraindikasi utama untuk meresepkan obat nefrotoksik."
idiopathic,"The patient was diagnosed with idiopathic pulmonary fibrosis with no identifiable underlying cause.",특발성,"환자는 확인 가능한 기저 원인이 없는 특발성 폐섬유증으로 진단되었다.",特発性,"患者は原因不明の特発性肺線維症と診断された。",特发性,"患者被诊断为特发性肺纤维化没有可识别的潜在原因。",idiopático,"El paciente fue diagnosticado con fibrosis pulmonar idiopática sin una causa subyacente identificable.",vô căn,"Bệnh nhân được chẩn đoán xơ phổi vô căn không có nguyên nhân cơ bản nào được xác định.",ไม่ทราบสาเหตุ,"ผู้ป่วยได้รับการวินิจฉัยว่าเป็นโรคพังผืดในปอดที่ไม่ทราบสาเหตุโดยไม่มีสาเหตุพื้นฐานที่ระบุได้",idiopatik,"Pasien didiagnosis dengan fibrosis paru idiopatik tanpa penyebab yang dapat diidentifikasi."
exculpatory,"The defense presented exculpatory evidence that proved the defendant was elsewhere at the time of the crime.",무죄 입증의,"변호측은 피고가 범행 당시 다른 곳에 있었음을 증명하는 무죄 입증 증거를 제시했다.",無罪を証明する,"弁護側は被告が犯行時に別の場所にいたことを証明する無罪を証明する証拠を提示した。",证明无罪的,"辩方提出了证明被告在犯罪时不在现场的无罪证据。",exculpatorio,"La defensa presentó pruebas exculpatorias que demostraron que el acusado estaba en otro lugar en el momento del crimen.",minh oan,"Bên bào chữa đã trình bày bằng chứng minh oan chứng minh bị cáo ở nơi khác vào thời điểm xảy ra tội phạm.",พยานหลักฐานที่พิสูจน์ความบริสุทธิ์,"ฝ่ายจำเลยนำเสนอหลักฐานที่พิสูจน์ความบริสุทธิ์ว่าจำเลยอยู่ที่อื่นในเวลาที่เกิดอาชญากรรม",ekskulpatori,"Pembelaan menyajikan bukti ekskulpatori yang membuktikan terdakwa berada di tempat lain pada saat kejahatan."
rescission,"The buyer sought rescission of the contract after discovering material misrepresentations by the seller.",계약 해제,"구매자는 판매자의 중대한 허위 진술을 발견한 후 계약 해제를 요청했다.",契約解除,"買主は売主による重大な不実表示を発見した後契約の解除を求めた。",撤销,"买方在发现卖方的重大虚假陈述后寻求撤销合同。",rescisión,"El comprador solicitó la rescisión del contrato tras descubrir declaraciones falsas materiales por parte del vendedor.",hủy bỏ hợp đồng,"Người mua yêu cầu hủy bỏ hợp đồng sau khi phát hiện sự trình bày sai lệch trọng yếu của người bán.",การเพิกถอนสัญญา,"ผู้ซื้อขอเพิกถอนสัญญาหลังจากค้นพบการแถลงข้อความเท็จอย่างมีนัยสำคัญของผู้ขาย",pembatalan,"Pembeli mencari pembatalan kontrak setelah menemukan pernyataan keliru material oleh penjual."
interpolation,"Bilinear interpolation smoothly estimates pixel values at non-integer coordinates in image processing.",보간법,"이중선형 보간법은 이미지 처리에서 비정수 좌표의 픽셀 값을 부드럽게 추정한다.",補間,"バイリニア補間は画像処理において非整数座標のピクセル値を滑らかに推定する。",插值,"双线性插值在图像处理中平滑地估计非整数坐标处的像素值。",interpolación,"La interpolación bilineal estima suavemente los valores de píxeles en coordenadas no enteras en el procesamiento de imágenes.",nội suy,"Nội suy song tuyến tính ước tính mượt mà giá trị pixel tại tọa độ không nguyên trong xử lý hình ảnh.",การประมาณค่าในช่วง,"การประมาณค่าในช่วงแบบไบลิเนียร์ประมาณค่าพิกเซลอย่างราบรื่นที่พิกัดที่ไม่ใช่จำนวนเต็มในการประมวลผลภาพ",interpolasi,"Interpolasi bilinear secara halus memperkirakan nilai piksel pada koordinat non-integer dalam pemrosesan gambar."
containerization,"Containerization with orchestration platforms simplified deploying applications across heterogeneous cloud environments.",컨테이너화,"오케스트레이션 플랫폼을 통한 컨테이너화는 이기종 클라우드 환경에서의 애플리케이션 배포를 단순화했다.",コンテナ化,"オーケストレーションプラットフォームを用いたコンテナ化は異種クラウド環境でのアプリケーション展開を簡素化した。",容器化,"通过编排平台的容器化简化了在异构云环境中部署应用程序。",contenedorización,"La contenedorización con plataformas de orquestación simplificó el despliegue de aplicaciones en entornos de nube heterogéneos.",container hóa,"Container hóa với nền tảng điều phối đã đơn giản hóa việc triển khai ứng dụng trên các môi trường đám mây không đồng nhất.",คอนเทนเนอร์ไรเซชัน,"คอนเทนเนอร์ไรเซชันด้วยแพลตฟอร์มออร์เคสเตรชันทำให้การปรับใช้แอปพลิเคชันข้ามสภาพแวดล้อมคลาวด์ที่แตกต่างง่ายขึ้น",kontainerisasi,"Kontainerisasi dengan platform orkestrasi menyederhanakan penerapan aplikasi di lingkungan cloud yang heterogen."
immutable,"Immutable data structures in functional programming eliminate an entire class of concurrency-related bugs.",불변,"함수형 프로그래밍의 불변 데이터 구조는 동시성 관련 버그의 전체 클래스를 제거한다.",イミュータブル,"関数型プログラミングにおけるイミュータブルなデータ構造は並行性関連のバグのクラス全体を排除する。",不可变,"函数式编程中的不可变数据结构消除了一整类与并发相关的错误。",inmutable,"Las estructuras de datos inmutables en programación funcional eliminan toda una clase de errores relacionados con la concurrencia.",bất biến,"Cấu trúc dữ liệu bất biến trong lập trình hàm loại bỏ toàn bộ lớp lỗi liên quan đến đồng thời.",อิมมิวเทเบิล,"โครงสร้างข้อมูลอิมมิวเทเบิลในการเขียนโปรแกรมเชิงฟังก์ชันกำจัดบักที่เกี่ยวข้องกับการทำงานพร้อมกันทั้งคลาส",immutable,"Struktur data immutable dalam pemrograman fungsional menghilangkan seluruh kelas bug terkait konkurensi."
provenance,"Data provenance tracking ensures auditability and regulatory compliance in machine learning pipelines.",출처,"데이터 출처 추적은 기계 학습 파이프라인에서 감사 가능성과 규정 준수를 보장한다.",来歴,"データの来歴追跡は機械学習パイプラインにおける監査可能性と規制遵守を保証する。",溯源,"数据溯源跟踪确保机器学习管道中的可审计性和监管合规性。",procedencia,"El seguimiento de la procedencia de datos asegura la auditabilidad y el cumplimiento regulatorio en las canalizaciones de aprendizaje automático.",nguồn gốc,"Theo dõi nguồn gốc dữ liệu đảm bảo khả năng kiểm toán và tuân thủ quy định trong quy trình học máy.",แหล่งที่มา,"การติดตามแหล่งที่มาของข้อมูลรับประกันความสามารถในการตรวจสอบและการปฏิบัติตามกฎระเบียบในไปป์ไลน์การเรียนรู้ของเครื่อง",provenans,"Pelacakan provenans data memastikan auditabilitas dan kepatuhan regulasi dalam pipeline pembelajaran mesin."
stochastic,"Stochastic gradient descent introduces randomness to escape local minima during neural network training.",확률적,"확률적 경사 하강법은 신경망 훈련 중 지역 최솟값을 탈출하기 위해 무작위성을 도입한다.",確率的,"確率的勾配降下法はニューラルネットワーク学習中に局所最小値から脱出するためにランダム性を導入する。",随机,"随机梯度下降引入随机性以在神经网络训练期间逃离局部最小值。",estocástico,"El descenso de gradiente estocástico introduce aleatoriedad para escapar de mínimos locales durante el entrenamiento de redes neuronales.",ngẫu nhiên,"Giảm gradient ngẫu nhiên đưa vào tính ngẫu nhiên để thoát khỏi cực tiểu cục bộ trong quá trình huấn luyện mạng thần kinh.",สุ่ม,"การลดระดับเกรเดียนต์แบบสุ่มนำความสุ่มมาใช้เพื่อหนีจากจุดต่ำสุดเฉพาะที่ระหว่างการฝึกโครงข่ายประสาทเทียม",stokastik,"Stochastic gradient descent memperkenalkan keacakan untuk melarikan diri dari minima lokal selama pelatihan jaringan saraf."
sovereign,"The sovereign wealth fund diversified its portfolio into infrastructure and private equity assets.",국부,"국부펀드는 포트폴리오를 인프라와 사모펀드 자산으로 다각화했다.",ソブリン,"ソブリンウェルスファンドはポートフォリオをインフラとプライベートエクイティ資産に分散させた。",主权,"主权财富基金将其投资组合多元化到基础设施和私募股权资产。",soberano,"El fondo soberano diversificó su cartera en activos de infraestructura y capital privado.",chủ quyền,"Quỹ đầu tư quốc gia đa dạng hóa danh mục đầu tư vào tài sản cơ sở hạ tầng và vốn cổ phần tư nhân.",กองทุนความมั่งคั่งแห่งชาติ,"กองทุนความมั่งคั่งแห่งชาติกระจายพอร์ตการลงทุนไปยังสินทรัพย์โครงสร้างพื้นฐานและไพรเวทอิควิตี้",sovereign,"Dana kekayaan sovereign mendiversifikasi portofolionya ke aset infrastruktur dan ekuitas swasta."
hypothecation,"Hypothecation allows the borrower to retain possession of the pledged asset while using it as collateral.",담보제공,"담보제공은 차용자가 담보로 사용하면서도 담보 자산의 점유를 유지할 수 있게 한다.",質権設定,"質権設定は借り手が担保として使用しながらも担保資産の占有を保持することを可能にする。",质押,"质押允许借款人在将资产作为抵押品的同时保留对质押资产的占有。",hipoteca,"La hipoteca permite al prestatario retener la posesión del activo pignorado mientras lo utiliza como garantía.",thế chấp,"Thế chấp cho phép người vay giữ quyền sở hữu tài sản cầm cố trong khi sử dụng nó làm tài sản đảm bảo.",การจำนอง,"การจำนองอนุญาตให้ผู้กู้ยังคงครอบครองสินทรัพย์ที่จำนำในขณะที่ใช้เป็นหลักประกัน",hipotetikasi,"Hipotetikasi memungkinkan peminjam mempertahankan kepemilikan aset yang dijaminkan sambil menggunakannya sebagai jaminan."
aetiology,"Understanding the multifactorial aetiology of Alzheimer's disease remains one of neuroscience's greatest challenges.",병인,"알츠하이머병의 다인성 병인을 이해하는 것은 신경과학의 가장 큰 과제 중 하나로 남아 있다.",病因,"アルツハイマー病の多因子的な病因を理解することは神経科学の最大の課題の一つであり続けている。",病因学,"理解阿尔茨海默病的多因素病因学仍然是神经科学最大的挑战之一。",etiología,"Comprender la etiología multifactorial de la enfermedad de Alzheimer sigue siendo uno de los mayores desafíos de la neurociencia.",nguyên nhân bệnh,"Hiểu nguyên nhân bệnh đa yếu tố của bệnh Alzheimer vẫn là một trong những thách thức lớn nhất của khoa học thần kinh.",สาเหตุของโรค,"การทำความเข้าใจสาเหตุหลายปัจจัยของโรคอัลไซเมอร์ยังคงเป็นหนึ่งในความท้าทายที่ยิ่งใหญ่ที่สุดของประสาทวิทยาศาสตร์",aetiologi,"Memahami aetiologi multifaktorial penyakit Alzheimer tetap menjadi salah satu tantangan terbesar ilmu saraf."
restitution,"The court ordered restitution requiring the convicted fraudster to repay all victims in full.",원상회복,"법원은 유죄 판결을 받은 사기꾼에게 모든 피해자에게 전액 배상하도록 원상회복을 명령했다.",賠償,"裁判所は有罪判決を受けた詐欺師にすべての被害者に全額返済するよう賠償を命じた。",赔偿,"法院命令赔偿要求被定罪的欺诈者全额偿还所有受害者。",restitución,"El tribunal ordenó la restitución exigiendo al estafador condenado reembolsar a todas las víctimas en su totalidad.",bồi hoàn,"Tòa án ra lệnh bồi hoàn yêu cầu kẻ lừa đảo bị kết án phải hoàn trả đầy đủ cho tất cả nạn nhân.",การชดใช้,"ศาลสั่งการชดใช้โดยกำหนดให้ผู้ต้องหาที่ถูกตัดสินว่ามีความผิดฐานฉ้อโกงชดใช้เงินคืนแก่เหยื่อทั้งหมดเต็มจำนวน",restitusi,"Pengadilan memerintahkan restitusi yang mengharuskan penipu yang dihukum untuk membayar semua korban secara penuh."
synecdoche,"The synecdoche of calling workers hands reduced human beings to their instrumental value.",제유법,"노동자를 손이라 부르는 제유법은 인간을 도구적 가치로 축소시켰다.",提喩法,"労働者を手と呼ぶ提喩法は人間をその道具的価値に還元した。",提喻,"将工人称为双手的提喻将人类简化为其工具价值。",sinécdoque,"La sinécdoque de llamar manos a los trabajadores redujo a los seres humanos a su valor instrumental.",hoán dụ bộ phận,"Phép hoán dụ bộ phận gọi công nhân là bàn tay đã giảm con người xuống giá trị công cụ.",สหลักษณ์,"สหลักษณ์ที่เรียกคนงานว่ามือลดทอนมนุษย์ให้เหลือเพียงคุณค่าเชิงเครื่องมือ",sinekdoke,"Sinekdoke menyebut pekerja sebagai tangan mereduksi manusia menjadi nilai instrumentalnya."
metonymy,"Washington is a common metonymy referring to the United States federal government.",환유,"워싱턴은 미국 연방 정부를 지칭하는 흔한 환유이다.",換喩,"ワシントンはアメリカ合衆国連邦政府を指す一般的な換喩である。",借代,"华盛顿是指代美国联邦政府的常见借代。",metonimia,"Washington es una metonimia común que se refiere al gobierno federal de los Estados Unidos.",hoán dụ,"Washington là phép hoán dụ phổ biến để chỉ chính phủ liên bang Hoa Kỳ.",มโนทัศน์,"วอชิงตันเป็นมโนทัศน์ที่ใช้กันทั่วไปเพื่ออ้างถึงรัฐบาลกลางสหรัฐอเมริกา",metonimi,"Washington adalah metonimi umum yang merujuk pada pemerintah federal Amerika Serikat."
sharding,"Database sharding horizontally partitions data across multiple servers to achieve linear scalability.",샤딩,"데이터베이스 샤딩은 선형 확장성을 달성하기 위해 여러 서버에 걸쳐 데이터를 수평으로 분할한다.",シャーディング,"データベースシャーディングは線形スケーラビリティを達成するために複数のサーバーにデータを水平に分割する。",分片,"数据库分片将数据水平分区到多个服务器以实现线性可扩展性。",fragmentación,"La fragmentación de bases de datos particiona horizontalmente los datos entre múltiples servidores para lograr escalabilidad lineal.",phân mảnh,"Phân mảnh cơ sở dữ liệu phân vùng dữ liệu theo chiều ngang trên nhiều máy chủ để đạt khả năng mở rộng tuyến tính.",ชาร์ดดิ้ง,"ชาร์ดดิ้งฐานข้อมูลแบ่งข้อมูลแนวนอนข้ามเซิร์ฟเวอร์หลายตัวเพื่อให้ได้ความสามารถในการปรับขนาดเชิงเส้น",sharding,"Sharding basis data mempartisi data secara horizontal di beberapa server untuk mencapai skalabilitas linier."
quorum,"A distributed consensus algorithm requires a quorum of nodes to agree before committing a transaction.",쿼럼,"분산 합의 알고리즘은 트랜잭션을 커밋하기 전에 노드의 정족수가 동의할 것을 요구한다.",クォーラム,"分散合意アルゴリズムはトランザクションをコミットする前にノードのクォーラムの合意を必要とする。",法定人数,"分布式共识算法要求法定人数的节点在提交事务之前达成一致。",quórum,"Un algoritmo de consenso distribuido requiere un quórum de nodos para acordar antes de confirmar una transacción.",số đại biểu tối thiểu,"Thuật toán đồng thuận phân tán yêu cầu số đại biểu tối thiểu của các nút đồng ý trước khi cam kết một giao dịch.",องค์ประชุม,"อัลกอริทึมฉันทามติแบบกระจายต้องการองค์ประชุมของโหนดที่เห็นด้วยก่อนที่จะคอมมิตทรานแซคชัน",kuorum,"Algoritma konsensus terdistribusi memerlukan kuorum node untuk setuju sebelum melakukan transaksi."
telemetry,"Application telemetry data revealed a memory leak that only manifested under sustained heavy load.",원격 측정,"애플리케이션 원격 측정 데이터는 지속적인 고부하 상태에서만 나타나는 메모리 누수를 밝혀냈다.",テレメトリ,"アプリケーションのテレメトリデータは持続的な高負荷時にのみ発現するメモリリークを明らかにした。",遥测,"应用程序遥测数据揭示了仅在持续高负载下才出现的内存泄漏。",telemetría,"Los datos de telemetría de la aplicación revelaron una fuga de memoria que solo se manifestaba bajo carga pesada sostenida.",phép đo từ xa,"Dữ liệu phép đo từ xa ứng dụng tiết lộ rò rỉ bộ nhớ chỉ xuất hiện dưới tải nặng liên tục.",เทเลเมทรี,"ข้อมูลเทเลเมทรีของแอปพลิเคชันเผยให้เห็นการรั่วไหลของหน่วยความจำที่ปรากฏเฉพาะภายใต้ภาระหนักอย่างต่อเนื่อง",telemetri,"Data telemetri aplikasi mengungkapkan kebocoran memori yang hanya muncul di bawah beban berat yang berkelanjutan."
eigenvalue,"The dominant eigenvalue of the transition matrix determines the long-term behavior of the Markov chain.",고유값,"전이 행렬의 주요 고유값은 마르코프 체인의 장기적 동작을 결정한다.",固有値,"遷移行列の支配的な固有値はマルコフ連鎖の長期的な挙動を決定する。",特征值,"转移矩阵的主特征值决定了马尔可夫链的长期行为。",valor propio,"El valor propio dominante de la matriz de transición determina el comportamiento a largo plazo de la cadena de Markov.",giá trị riêng,"Giá trị riêng trội của ma trận chuyển đổi quyết định hành vi dài hạn của chuỗi Markov.",ค่าเฉพาะ,"ค่าเฉพาะที่โดดเด่นของเมทริกซ์การเปลี่ยนแปลงกำหนดพฤติกรรมระยะยาวของห่วงโซ่มาร์คอฟ",eigenvalue,"Eigenvalue dominan dari matriks transisi menentukan perilaku jangka panjang rantai Markov."
morphology,"Computational morphology enables automated analysis of word formation patterns across diverse languages.",형태론,"전산 형태론은 다양한 언어에 걸친 단어 형성 패턴의 자동 분석을 가능하게 한다.",形態論,"計算形態論は多様な言語にわたる語形成パターンの自動分析を可能にする。",形态学,"计算形态学使跨多种语言的词汇构成模式的自动分析成为可能。",morfología,"La morfología computacional permite el análisis automatizado de patrones de formación de palabras en diversos idiomas.",hình thái học,"Hình thái học tính toán cho phép phân tích tự động các mô hình hình thành từ ngữ qua các ngôn ngữ đa dạng.",สัณฐานวิทยา,"สัณฐานวิทยาเชิงคำนวณช่วยให้สามารถวิเคราะห์รูปแบบการสร้างคำอัตโนมัติในภาษาที่หลากหลาย",morfologi,"Morfologi komputasional memungkinkan analisis otomatis pola pembentukan kata di berbagai bahasa."
apheresis,"Therapeutic apheresis selectively removes pathological components from a patient's blood.",성분채집술,"치료적 성분채집술은 환자의 혈액에서 병리적 성분을 선택적으로 제거한다.",アフェレーシス,"治療的アフェレーシスは患者の血液から病理的成分を選択的に除去する。",单采术,"治疗性单采术选择性地从患者血液中去除病理成分。",aféresis,"La aféresis terapéutica elimina selectivamente los componentes patológicos de la sangre del paciente.",tách thành phần máu,"Tách thành phần máu trị liệu loại bỏ có chọn lọc các thành phần bệnh lý từ máu bệnh nhân.",อะเฟเรซิส,"อะเฟเรซิสเชิงบำบัดกำจัดส่วนประกอบทางพยาธิวิทยาออกจากเลือดของผู้ป่วยอย่างเลือกสรร",aferesis,"Aferesis terapeutik secara selektif menghilangkan komponen patologis dari darah pasien."
perfusion,"Inadequate cerebral perfusion after cardiac arrest can result in irreversible neurological damage.",관류,"심장 정지 후 불충분한 뇌 관류는 비가역적 신경학적 손상을 초래할 수 있다.",灌流,"心停止後の不十分な脳灌流は不可逆的な神経学的損傷をもたらす可能性がある。",灌注,"心脏骤停后脑灌注不足可导致不可逆的神经损伤。",perfusión,"La perfusión cerebral inadecuada después de un paro cardíaco puede resultar en daño neurológico irreversible.",tưới máu,"Tưới máu não không đủ sau ngừng tim có thể dẫn đến tổn thương thần kinh không hồi phục.",การไหลเวียนเลือด,"การไหลเวียนเลือดสมองไม่เพียงพอหลังหัวใจหยุดเต้นอาจส่งผลให้เกิดความเสียหายทางระบบประสาทที่ไม่สามารถกลับคืนได้",perfusi,"Perfusi serebral yang tidak memadai setelah henti jantung dapat mengakibatkan kerusakan neurologis yang tidak dapat dibalikkan."
amicus curiae,"Several civil liberties organizations filed amicus curiae briefs supporting the appellant's constitutional challenge.",법정조언자,"여러 시민 자유 단체가 항소인의 헌법적 이의를 지지하는 법정조언자 의견서를 제출했다.",法廷助言者,"複数の市民的自由団体が上訴人の憲法上の異議を支持する法廷助言者の意見書を提出した。",法庭之友,"多个公民自由组织提交了法庭之友意见书支持上诉人的宪法挑战。",amicus curiae,"Varias organizaciones de libertades civiles presentaron escritos de amicus curiae apoyando el desafío constitucional del apelante.",bạn của tòa án,"Một số tổ chức tự do dân sự đã nộp bản tóm tắt bạn của tòa án ủng hộ thách thức hiến pháp của người kháng cáo.",มิตรศาล,"องค์กรด้านเสรีภาพพลเมืองหลายแห่งยื่นคำชี้แจงมิตรศาลสนับสนุนการท้าทายทางรัฐธรรมนูญของผู้อุทธรณ์",amicus curiae,"Beberapa organisasi kebebasan sipil mengajukan amicus curiae yang mendukung tantangan konstitusional pemohon banding."
epistrophe,"The orator's epistrophe hammered home the central theme by ending every sentence with the same powerful phrase.",수사반복,"연사의 수사반복은 모든 문장을 같은 강력한 구절로 끝냄으로써 중심 주제를 강조했다.",結句反復,"演説者の結句反復はすべての文を同じ力強いフレーズで終えることで中心的テーマを印象づけた。",句尾重复,"演讲者的句尾重复通过以相同有力的短语结束每个句子来强调中心主题。",epístrofe,"La epístrofe del orador martilló el tema central terminando cada oración con la misma frase poderosa.",điệp ngữ cuối câu,"Điệp ngữ cuối câu của diễn giả nhấn mạnh chủ đề trung tâm bằng cách kết thúc mỗi câu với cùng một cụm từ mạnh mẽ.",เอพิสโทรฟี,"เอพิสโทรฟีของนักพูดตอกย้ำธีมหลักโดยจบทุกประโยคด้วยวลีที่ทรงพลังเดียวกัน",epistrofe,"Epistrofe orator tersebut menekankan tema sentral dengan mengakhiri setiap kalimat dengan frasa kuat yang sama."
idiosyncrasy,"The compiler's idiosyncrasy in handling null references led to subtle and hard-to-diagnose runtime errors.",특이성,"컴파일러의 널 참조 처리 특이성은 미묘하고 진단하기 어려운 런타임 오류를 초래했다.",特異性,"コンパイラのnull参照処理の特異性は微妙で診断が難しいランタイムエラーを引き起こした。",特异性,"编译器处理空引用的特异性导致了微妙且难以诊断的运行时错误。",idiosincrasia,"La idiosincrasia del compilador en el manejo de referencias nulas provocó errores de ejecución sutiles y difíciles de diagnosticar.",đặc tính riêng,"Đặc tính riêng của trình biên dịch trong xử lý tham chiếu null dẫn đến lỗi thời gian chạy tinh vi và khó chẩn đoán.",ลักษณะเฉพาะ,"ลักษณะเฉพาะของคอมไพเลอร์ในการจัดการการอ้างอิง null ทำให้เกิดข้อผิดพลาดรันไทม์ที่ละเอียดอ่อนและยากต่อการวินิจฉัย",kekhasan,"Kekhasan kompiler dalam menangani referensi null menyebabkan kesalahan runtime yang halus dan sulit didiagnosis."
taxonomy,"A well-designed taxonomy of software defects enables systematic root cause analysis across development teams.",분류체계,"잘 설계된 소프트웨어 결함 분류체계는 개발 팀 전체에 걸친 체계적인 근본 원인 분석을 가능하게 한다.",分類法,"適切に設計されたソフトウェア欠陥の分類法は開発チーム全体での体系的な根本原因分析を可能にする。",分类学,"精心设计的软件缺陷分类学使开发团队能够进行系统的根本原因分析。",taxonomía,"Una taxonomía bien diseñada de defectos de software permite un análisis sistemático de causas raíz en los equipos de desarrollo.",phân loại học,"Một hệ thống phân loại khuyết tật phần mềm được thiết kế tốt cho phép phân tích nguyên nhân gốc rễ có hệ thống giữa các nhóm phát triển.",อนุกรมวิธาน,"อนุกรมวิธานของข้อบกพร่องของซอฟต์แวร์ที่ออกแบบมาอย่างดีช่วยให้สามารถวิเคราะห์สาเหตุที่แท้จริงอย่างเป็นระบบข้ามทีมพัฒนา",taksonomi,"Taksonomi cacat perangkat lunak yang dirancang dengan baik memungkinkan analisis akar penyebab sistematis di seluruh tim pengembangan."
verisimilitude,"The novelist achieved remarkable verisimilitude by incorporating authentic medical terminology into the surgical scenes.",사실성,"소설가는 수술 장면에 진정한 의학 용어를 통합하여 놀라운 사실성을 달성했다.",真実味,"小説家は手術シーンに本物の医学用語を取り入れることで驚くべき真実味を達成した。",逼真性,"小说家通过在手术场景中融入真实的医学术语实现了非凡的逼真性。",verosimilitud,"El novelista logró una verosimilitud notable al incorporar terminología médica auténtica en las escenas quirúrgicas.",tính chân thực,"Tiểu thuyết gia đạt được tính chân thực đáng chú ý bằng cách kết hợp thuật ngữ y khoa chính xác vào các cảnh phẫu thuật.",ความสมจริง,"นักประพันธ์สร้างความสมจริงอย่างน่าทึ่งโดยนำศัพท์ทางการแพทย์ที่แท้จริงมาใส่ในฉากการผ่าตัด",verisimilitude,"Novelis mencapai verisimilitude yang luar biasa dengan memasukkan terminologi medis autentik ke dalam adegan bedah."
fibrillation,"Atrial fibrillation increases the risk of stroke fivefold due to irregular blood pooling in the heart chambers.",심방세동,"심방세동은 심장 방에서의 불규칙한 혈액 정체로 인해 뇌졸중 위험을 5배 증가시킨다.",心房細動,"心房細動は心房内の不規則な血液の停滞により脳卒中のリスクを5倍に増加させる。",心房颤动,"心房颤动由于心腔中血液不规则淤积使中风风险增加五倍。",fibrilación,"La fibrilación auricular aumenta el riesgo de accidente cerebrovascular cinco veces debido al estancamiento irregular de sangre en las cámaras del corazón.",rung tâm nhĩ,"Rung tâm nhĩ tăng nguy cơ đột quỵ gấp năm lần do máu ứ đọng bất thường trong các buồng tim.",ภาวะหัวใจเต้นผิดจังหวะ,"ภาวะหัวใจห้องบนเต้นผิดจังหวะเพิ่มความเสี่ยงของโรคหลอดเลือดสมองเป็นห้าเท่าเนื่องจากเลือดคั่งอย่างไม่สม่ำเสมอในห้องหัวใจ",fibrilasi,"Fibrilasi atrium meningkatkan risiko stroke lima kali lipat karena pengumpulan darah yang tidak teratur di ruang jantung."
