athletic,"The athletic program requires daily training sessions.",운동의,"운동 프로그램은 매일 훈련 세션을 요구한다.",運動の,"運動プログラムは毎日のトレーニングセッションを必要とする。",运动的,"运动项目需要每天的训练课程。",atlético,"El programa atlético requiere sesiones de entrenamiento diarias.",thể thao,"Chương trình thể thao yêu cầu các buổi tập luyện hàng ngày.",กีฬา,"โปรแกรมกีฬาต้องการการฝึกซ้อมทุกวัน",atletis,"Program atletis memerlukan sesi latihan harian."
referee,"The referee made a controversial decision during the match.",심판,"심판이 경기 중 논란이 되는 결정을 내렸다.",審判,"審判が試合中に物議を醸す判定を下した。",裁判,"裁判在比赛中做出了有争议的决定。",árbitro,"El árbitro tomó una decisión controvertida durante el partido.",trọng tài,"Trọng tài đã đưa ra quyết định gây tranh cãi trong trận đấu.",ผู้ตัดสิน,"ผู้ตัดสินตัดสินใจอย่างขัดแย้งระหว่างการแข่งขัน",wasit,"Wasit membuat keputusan kontroversial selama pertandingan."
tournament,"The annual tournament attracts teams from across the country.",대회,"연례 대회는 전국의 팀들을 끌어모은다.",トーナメント,"年次トーナメントは全国からチームを集める。",锦标赛,"年度锦标赛吸引了来自全国各地的队伍。",torneo,"El torneo anual atrae equipos de todo el país.",giải đấu,"Giải đấu hàng năm thu hút các đội từ khắp cả nước.",ทัวร์นาเมนต์,"ทัวร์นาเมนต์ประจำปีดึงดูดทีมจากทั่วประเทศ",turnamen,"Turnamen tahunan menarik tim dari seluruh negeri."
veterinary,"She decided to pursue a veterinary career to help animals.",수의학의,"그녀는 동물을 돕기 위해 수의학 경력을 추구하기로 결정했다.",獣医の,"彼女は動物を助けるために獣医のキャリアを追求することにした。",兽医的,"她决定从事兽医职业来帮助动物。",veterinario,"Decidió seguir una carrera veterinaria para ayudar a los animales.",thú y,"Cô ấy quyết định theo đuổi sự nghiệp thú y để giúp đỡ động vật.",สัตวแพทย์,"เธอตัดสินใจเดินทางสายอาชีพสัตวแพทย์เพื่อช่วยเหลือสัตว์",kedokteran hewan,"Dia memutuskan mengejar karier kedokteran hewan untuk membantu hewan."
blueprint,"The architect presented the blueprint for the new hospital.",청사진,"건축가가 새 병원의 청사진을 발표했다.",設計図,"建築家が新しい病院の設計図を提示した。",蓝图,"建筑师展示了新医院的蓝图。",plano,"El arquitecto presentó el plano del nuevo hospital.",bản thiết kế,"Kiến trúc sư đã trình bày bản thiết kế cho bệnh viện mới.",พิมพ์เขียว,"สถาปนิกนำเสนอพิมพ์เขียวสำหรับโรงพยาบาลแห่งใหม่",cetak biru,"Arsitek mempresentasikan cetak biru untuk rumah sakit baru."
hygiene,"Good hygiene practices prevent the spread of infectious diseases.",위생,"좋은 위생 관행은 전염병의 확산을 예방한다.",衛生,"良好な衛生習慣は感染症の拡大を防ぐ。",卫生,"良好的卫生习惯可以防止传染病的传播。",higiene,"Las buenas prácticas de higiene previenen la propagación de enfermedades infecciosas.",vệ sinh,"Thực hành vệ sinh tốt ngăn ngừa sự lây lan của bệnh truyền nhiễm.",สุขอนามัย,"การปฏิบัติด้านสุขอนามัยที่ดีป้องกันการแพร่กระจายของโรคติดเชื้อ",kebersihan,"Praktik kebersihan yang baik mencegah penyebaran penyakit menular."
counselor,"The counselor provided emotional support to the family.",상담사,"상담사가 가족에게 정서적 지원을 제공했다.",カウンセラー,"カウンセラーが家族に精神的サポートを提供した。",咨询师,"咨询师为家庭提供了情感支持。",consejero,"El consejero brindó apoyo emocional a la familia.",cố vấn,"Cố vấn đã cung cấp hỗ trợ tinh thần cho gia đình.",ที่ปรึกษา,"ที่ปรึกษาให้การสนับสนุนทางอารมณ์แก่ครอบครัว",konselor,"Konselor memberikan dukungan emosional kepada keluarga."
roster,"The coach finalized the roster before the season began.",선수 명단,"코치가 시즌 시작 전에 선수 명단을 확정했다.",名簿,"コーチはシーズン開始前に名簿を確定させた。",名册,"教练在赛季开始前确定了名册。",plantilla,"El entrenador finalizó la plantilla antes de que comenzara la temporada.",danh sách,"Huấn luyện viên đã hoàn tất danh sách trước khi mùa giải bắt đầu.",รายชื่อ,"โค้ชสรุปรายชื่อก่อนฤดูกาลเริ่มต้น",daftar pemain,"Pelatih menyelesaikan daftar pemain sebelum musim dimulai."
vaccine,"The vaccine was distributed to vulnerable populations first.",백신,"백신이 취약 계층에게 우선 배포되었다.",ワクチン,"ワクチンはまず脆弱な集団に配布された。",疫苗,"疫苗首先分发给了脆弱人群。",vacuna,"La vacuna se distribuyó primero a las poblaciones vulnerables.",vắc-xin,"Vắc-xin được phân phối cho các nhóm dân số dễ bị tổn thương trước.",วัคซีน,"วัคซีนถูกแจกจ่ายให้กับประชากรกลุ่มเปราะบางก่อน",vaksin,"Vaksin didistribusikan kepada populasi rentan terlebih dahulu."
facade,"The facade of the building was designed in a neoclassical style.",외관,"건물의 외관은 신고전주의 양식으로 설계되었다.",ファサード,"建物のファサードは新古典主義様式でデザインされた。",外立面,"建筑的外立面采用了新古典主义风格设计。",fachada,"La fachada del edificio fue diseñada en un estilo neoclásico.",mặt tiền,"Mặt tiền của tòa nhà được thiết kế theo phong cách tân cổ điển.",ด้านหน้าอาคาร,"ด้านหน้าอาคารถูกออกแบบในสไตล์นีโอคลาสสิก",fasad,"Fasad bangunan dirancang dengan gaya neoklasik."
championship,"The team won the national championship for the third consecutive year.",선수권 대회,"팀이 3년 연속 전국 선수권 대회에서 우승했다.",選手権,"チームは3年連続で全国選手権を獲得した。",锦标赛,"该队连续第三年赢得全国锦标赛。",campeonato,"El equipo ganó el campeonato nacional por tercer año consecutivo.",giải vô địch,"Đội đã giành chức vô địch quốc gia năm thứ ba liên tiếp.",แชมป์,"ทีมคว้าแชมป์ระดับชาติเป็นปีที่สามติดต่อกัน",kejuaraan,"Tim memenangkan kejuaraan nasional untuk tahun ketiga berturut-turut."
quarantine,"The infected animals were placed in quarantine immediately.",격리,"감염된 동물들은 즉시 격리되었다.",検疫,"感染した動物はすぐに検疫に入れられた。",隔离,"受感染的动物立即被隔离。",cuarentena,"Los animales infectados fueron puestos en cuarentena inmediatamente.",cách ly,"Các động vật bị nhiễm bệnh đã được cách ly ngay lập tức.",กักกัน,"สัตว์ที่ติดเชื้อถูกกักกันทันที",karantina,"Hewan yang terinfeksi segera ditempatkan dalam karantina."
renovation,"The renovation of the historic building took over two years.",개보수,"역사적 건물의 개보수는 2년 이상 걸렸다.",改修,"歴史的建造物の改修には2年以上かかった。",翻修,"历史建筑的翻修花了两年多。",renovación,"La renovación del edificio histórico tomó más de dos años.",cải tạo,"Việc cải tạo tòa nhà lịch sử mất hơn hai năm.",การปรับปรุง,"การปรับปรุงอาคารประวัติศาสตร์ใช้เวลากว่าสองปี",renovasi,"Renovasi bangunan bersejarah memakan waktu lebih dari dua tahun."
sanitation,"Proper sanitation systems are essential for public health.",위생 시설,"적절한 위생 시설은 공중 보건에 필수적이다.",衛生設備,"適切な衛生設備は公衆衛生に不可欠である。",卫生设施,"适当的卫生设施对公共卫生至关重要。",saneamiento,"Los sistemas de saneamiento adecuados son esenciales para la salud pública.",vệ sinh môi trường,"Hệ thống vệ sinh môi trường phù hợp là thiết yếu cho sức khỏe cộng đồng.",สุขาภิบาล,"ระบบสุขาภิบาลที่เหมาะสมเป็นสิ่งจำเป็นสำหรับสาธารณสุข",sanitasi,"Sistem sanitasi yang layak sangat penting untuk kesehatan masyarakat."
outreach,"The social work outreach program helped homeless individuals.",봉사 활동,"사회 복지 봉사 활동 프로그램이 노숙자들을 도왔다.",アウトリーチ,"ソーシャルワークのアウトリーチプログラムがホームレスの人々を支援した。",外展服务,"社会工作外展项目帮助了无家可归的人。",alcance comunitario,"El programa de alcance comunitario ayudó a personas sin hogar.",tiếp cận cộng đồng,"Chương trình tiếp cận cộng đồng đã giúp đỡ những người vô gia cư.",การเข้าถึงชุมชน,"โปรแกรมการเข้าถึงชุมชนช่วยเหลือผู้ไร้ที่อยู่อาศัย",penjangkauan,"Program penjangkauan pekerja sosial membantu individu tunawisma."
coaching,"Effective coaching improves both individual and team performance.",코칭,"효과적인 코칭은 개인과 팀 모두의 성과를 향상시킨다.",コーチング,"効果的なコーチングは個人とチーム両方のパフォーマンスを向上させる。",教练指导,"有效的教练指导可以提高个人和团队的表现。",entrenamiento,"El entrenamiento efectivo mejora el rendimiento individual y del equipo.",huấn luyện,"Huấn luyện hiệu quả cải thiện cả hiệu suất cá nhân và đội.",การฝึกสอน,"การฝึกสอนที่มีประสิทธิภาพช่วยปรับปรุงผลงานทั้งของบุคคลและทีม",pelatihan,"Pelatihan yang efektif meningkatkan kinerja individu dan tim."
parasite,"The veterinarian identified a parasite in the dog's intestine.",기생충,"수의사가 개의 장에서 기생충을 확인했다.",寄生虫,"獣医が犬の腸内に寄生虫を発見した。",寄生虫,"兽医在狗的肠道中发现了寄生虫。",parásito,"El veterinario identificó un parásito en el intestino del perro.",ký sinh trùng,"Bác sĩ thú y đã xác định một ký sinh trùng trong ruột của con chó.",ปรสิต,"สัตวแพทย์ระบุปรสิตในลำไส้ของสุนัข",parasit,"Dokter hewan mengidentifikasi parasit di usus anjing."
structural,"The structural integrity of the bridge was compromised by corrosion.",구조적인,"다리의 구조적 완전성이 부식으로 인해 손상되었다.",構造的な,"橋の構造的完全性が腐食によって損なわれた。",结构的,"桥梁的结构完整性因腐蚀而受到损害。",estructural,"La integridad estructural del puente fue comprometida por la corrosión.",kết cấu,"Tính toàn vẹn kết cấu của cầu đã bị ảnh hưởng bởi sự ăn mòn.",โครงสร้าง,"ความสมบูรณ์ของโครงสร้างสะพานถูกทำลายโดยการกัดกร่อน",struktural,"Integritas struktural jembatan terganggu oleh korosi."
immunization,"The immunization campaign reached millions of children worldwide.",예방 접종,"예방 접종 캠페인이 전 세계 수백만 명의 어린이에게 도달했다.",予防接種,"予防接種キャンペーンは世界中の何百万人もの子どもたちに届いた。",免疫接种,"免疫接种运动覆盖了全世界数百万儿童。",inmunización,"La campaña de inmunización llegó a millones de niños en todo el mundo.",tiêm chủng,"Chiến dịch tiêm chủng đã đến được hàng triệu trẻ em trên toàn thế giới.",การสร้างภูมิคุ้มกัน,"แคมเปญการสร้างภูมิคุ้มกันเข้าถึงเด็กหลายล้านคนทั่วโลก",imunisasi,"Kampanye imunisasi menjangkau jutaan anak di seluruh dunia."
intervention,"Early intervention can prevent social problems from worsening.",개입,"조기 개입은 사회 문제가 악화되는 것을 예방할 수 있다.",介入,"早期介入は社会問題の悪化を防ぐことができる。",干预,"早期干预可以防止社会问题恶化。",intervención,"La intervención temprana puede prevenir que los problemas sociales empeoren.",can thiệp,"Can thiệp sớm có thể ngăn ngừa các vấn đề xã hội trở nên tồi tệ hơn.",การแทรกแซง,"การแทรกแซงตั้งแต่เนิ่นๆ สามารถป้องกันปัญหาสังคมจากการเลวร้ายลง",intervensi,"Intervensi dini dapat mencegah masalah sosial memburuk."
sponsor,"The company decided to sponsor the local youth soccer league.",후원하다,"회사는 지역 청소년 축구 리그를 후원하기로 결정했다.",スポンサーになる,"その会社は地元の青少年サッカーリーグのスポンサーになることを決めた。",赞助,"公司决定赞助当地青少年足球联赛。",patrocinar,"La empresa decidió patrocinar la liga local de fútbol juvenil.",tài trợ,"Công ty quyết định tài trợ cho giải bóng đá trẻ địa phương.",สนับสนุน,"บริษัทตัดสินใจสนับสนุนลีกฟุตบอลเยาวชนท้องถิ่น",mensponsori,"Perusahaan memutuskan untuk mensponsori liga sepak bola remaja lokal."
neuter,"The clinic offers a program to neuter stray cats at no cost.",중성화하다,"클리닉은 길고양이를 무료로 중성화하는 프로그램을 제공한다.",去勢する,"クリニックは野良猫を無料で去勢するプログラムを提供している。",绝育,"诊所提供免费为流浪猫绝育的项目。",esterilizar,"La clínica ofrece un programa para esterilizar gatos callejeros sin costo.",thiến,"Phòng khám cung cấp chương trình thiến mèo hoang miễn phí.",ทำหมัน,"คลินิกเสนอโปรแกรมทำหมันแมวจรจัดโดยไม่เสียค่าใช้จ่าย",mengebiri,"Klinik menawarkan program untuk mengebiri kucing liar tanpa biaya."
zoning,"The zoning regulations restrict commercial buildings in residential areas.",용도 지역 설정,"용도 지역 설정 규정은 주거 지역의 상업 건물을 제한한다.",ゾーニング,"ゾーニング規制は住宅地域での商業ビルを制限している。",分区规划,"分区规划法规限制住宅区的商业建筑。",zonificación,"Las regulaciones de zonificación restringen edificios comerciales en áreas residenciales.",quy hoạch phân vùng,"Quy hoạch phân vùng hạn chế các tòa nhà thương mại trong khu dân cư.",การแบ่งเขต,"กฎระเบียบการแบ่งเขตจำกัดอาคารพาณิชย์ในพื้นที่ที่อยู่อาศัย",zonasi,"Peraturan zonasi membatasi bangunan komersial di area perumahan."
nutrition,"Proper nutrition is fundamental to maintaining good health.",영양,"적절한 영양은 건강 유지에 기본적이다.",栄養,"適切な栄養は健康維持の基本である。",营养,"适当的营养是保持健康的基础。",nutrición,"La nutrición adecuada es fundamental para mantener una buena salud.",dinh dưỡng,"Dinh dưỡng hợp lý là nền tảng để duy trì sức khỏe tốt.",โภชนาการ,"โภชนาการที่เหมาะสมเป็นพื้นฐานในการรักษาสุขภาพที่ดี",nutrisi,"Nutrisi yang tepat sangat mendasar untuk menjaga kesehatan yang baik."
foster,"The agency helps foster children find permanent homes.",위탁의,"기관은 위탁 아동들이 영구적인 가정을 찾도록 돕는다.",里親の,"その機関は里親の子どもたちが永続的な家庭を見つけるのを支援している。",寄养的,"该机构帮助寄养儿童找到永久的家。",de acogida,"La agencia ayuda a los niños de acogida a encontrar hogares permanentes.",nhận nuôi,"Cơ quan giúp trẻ em được nhận nuôi tìm mái ấm vĩnh viễn.",อุปถัมภ์,"หน่วยงานช่วยเด็กอุปถัมภ์หาบ้านถาวร",asuh,"Lembaga membantu anak asuh menemukan rumah permanen."
stadium,"The new stadium can accommodate up to fifty thousand spectators.",경기장,"새 경기장은 최대 5만 명의 관중을 수용할 수 있다.",スタジアム,"新しいスタジアムは最大5万人の観客を収容できる。",体育场,"新体育场可以容纳多达五万名观众。",estadio,"El nuevo estadio puede acomodar hasta cincuenta mil espectadores.",sân vận động,"Sân vận động mới có thể chứa tới năm mươi nghìn khán giả.",สนามกีฬา,"สนามกีฬาแห่งใหม่สามารถรองรับผู้ชมได้ถึงห้าหมื่นคน",stadion,"Stadion baru dapat menampung hingga lima puluh ribu penonton."
specimen,"The veterinarian collected a blood specimen for laboratory analysis.",검체,"수의사가 실험실 분석을 위해 혈액 검체를 채취했다.",検体,"獣医が検査分析のために血液検体を採取した。",标本,"兽医采集了血液标本进行实验室分析。",muestra,"El veterinario recolectó una muestra de sangre para análisis de laboratorio.",mẫu vật,"Bác sĩ thú y đã thu thập mẫu máu để phân tích trong phòng thí nghiệm.",ตัวอย่าง,"สัตวแพทย์เก็บตัวอย่างเลือดเพื่อการวิเคราะห์ในห้องปฏิบัติการ",spesimen,"Dokter hewan mengambil spesimen darah untuk analisis laboratorium."
insulation,"The architect specified thick insulation to improve energy efficiency.",단열재,"건축가가 에너지 효율을 높이기 위해 두꺼운 단열재를 지정했다.",断熱材,"建築家はエネルギー効率を向上させるために厚い断熱材を指定した。",隔热材料,"建筑师指定了厚隔热材料以提高能源效率。",aislamiento,"El arquitecto especificó aislamiento grueso para mejorar la eficiencia energética.",cách nhiệt,"Kiến trúc sư đã chỉ định lớp cách nhiệt dày để cải thiện hiệu quả năng lượng.",ฉนวน,"สถาปนิกกำหนดฉนวนหนาเพื่อปรับปรุงประสิทธิภาพพลังงาน",insulasi,"Arsitek menentukan insulasi tebal untuk meningkatkan efisiensi energi."
outbreak,"The public health department responded quickly to the disease outbreak.",발병,"보건부는 질병 발병에 신속하게 대응했다.",発生,"公衆衛生部門は疾病の発生に迅速に対応した。",爆发,"公共卫生部门迅速应对了疾病爆发。",brote,"El departamento de salud pública respondió rápidamente al brote de la enfermedad.",bùng phát,"Sở y tế công cộng đã phản ứng nhanh chóng với đợt bùng phát dịch bệnh.",การระบาด,"กรมสาธารณสุขตอบสนองอย่างรวดเร็วต่อการระบาดของโรค",wabah,"Departemen kesehatan masyarakat merespons cepat terhadap wabah penyakit."
rehabilitation,"The rehabilitation center provides services for recovering addicts.",재활,"재활 센터는 회복 중인 중독자들에게 서비스를 제공한다.",リハビリ,"リハビリセンターは回復中の依存症者にサービスを提供している。",康复,"康复中心为正在恢复的成瘾者提供服务。",rehabilitación,"El centro de rehabilitación proporciona servicios para adictos en recuperación.",phục hồi chức năng,"Trung tâm phục hồi chức năng cung cấp dịch vụ cho người nghiện đang hồi phục.",การฟื้นฟู,"ศูนย์ฟื้นฟูให้บริการสำหรับผู้ที่กำลังฟื้นตัวจากการเสพติด",rehabilitasi,"Pusat rehabilitasi menyediakan layanan untuk pecandu yang sedang pulih."
league,"The professional league introduced new rules for player safety.",리그,"프로 리그가 선수 안전을 위한 새로운 규칙을 도입했다.",リーグ,"プロリーグが選手の安全のための新しいルールを導入した。",联赛,"职业联赛引入了新的球员安全规则。",liga,"La liga profesional introdujo nuevas reglas para la seguridad de los jugadores.",giải đấu,"Giải đấu chuyên nghiệp đã đưa ra các quy tắc mới về an toàn cho cầu thủ.",ลีก,"ลีกอาชีพนำกฎใหม่มาใช้เพื่อความปลอดภัยของผู้เล่น",liga,"Liga profesional memperkenalkan aturan baru untuk keselamatan pemain."
livestock,"The veterinarian specializes in treating livestock on rural farms.",가축,"수의사는 농촌 농장에서 가축 치료를 전문으로 한다.",家畜,"その獣医は農村の農場で家畜の治療を専門としている。",家畜,"该兽医专门治疗农村农场的家畜。",ganado,"El veterinario se especializa en tratar ganado en granjas rurales.",gia súc,"Bác sĩ thú y chuyên điều trị gia súc tại các trang trại nông thôn.",ปศุสัตว์,"สัตวแพทย์เชี่ยวชาญในการรักษาปศุสัตว์ในฟาร์มชนบท",ternak,"Dokter hewan mengkhususkan diri dalam merawat ternak di peternakan pedesaan."
elevation,"The elevation drawings show the exterior appearance of the building.",입면도,"입면도는 건물의 외부 모습을 보여준다.",立面図,"立面図は建物の外観を示している。",立面图,"立面图展示了建筑的外部外观。",elevación,"Los dibujos de elevación muestran la apariencia exterior del edificio.",mặt đứng,"Bản vẽ mặt đứng cho thấy diện mạo bên ngoài của tòa nhà.",ภาพด้านข้าง,"ภาพด้านข้างแสดงลักษณะภายนอกของอาคาร",elevasi,"Gambar elevasi menunjukkan tampilan eksterior bangunan."
contamination,"Water contamination poses a serious threat to community health.",오염,"수질 오염은 지역 사회 건강에 심각한 위협을 가한다.",汚染,"水質汚染は地域社会の健康に深刻な脅威をもたらす。",污染,"水污染对社区健康构成严重威胁。",contaminación,"La contaminación del agua representa una seria amenaza para la salud comunitaria.",ô nhiễm,"Ô nhiễm nước gây ra mối đe dọa nghiêm trọng đối với sức khỏe cộng đồng.",การปนเปื้อน,"การปนเปื้อนของน้ำเป็นภัยคุกคามร้ายแรงต่อสุขภาพของชุมชน",kontaminasi,"Kontaminasi air menimbulkan ancaman serius bagi kesehatan masyarakat."
advocacy,"Social workers engage in advocacy to protect vulnerable populations.",옹호,"사회 복지사들은 취약 계층을 보호하기 위해 옹호 활동에 참여한다.",アドボカシー,"ソーシャルワーカーは脆弱な集団を保護するためにアドボカシーに従事する。",倡导,"社会工作者参与倡导活动以保护弱势群体。",defensa,"Los trabajadores sociales se dedican a la defensa para proteger a las poblaciones vulnerables.",vận động,"Nhân viên xã hội tham gia vận động để bảo vệ các nhóm dân cư dễ bị tổn thương.",การสนับสนุน,"นักสังคมสงเคราะห์มีส่วนร่วมในการสนับสนุนเพื่อปกป้องประชากรที่เปราะบาง",advokasi,"Pekerja sosial terlibat dalam advokasi untuk melindungi populasi rentan."
endurance,"Marathon runners need exceptional endurance to complete the race.",지구력,"마라톤 선수들은 경주를 완주하기 위해 뛰어난 지구력이 필요하다.",持久力,"マラソンランナーはレースを完走するために並外れた持久力が必要だ。",耐力,"马拉松运动员需要出色的耐力来完成比赛。",resistencia,"Los corredores de maratón necesitan una resistencia excepcional para completar la carrera.",sức bền,"Vận động viên marathon cần sức bền phi thường để hoàn thành cuộc đua.",ความอดทน,"นักวิ่งมาราธอนต้องการความอดทนที่โดดเด่นเพื่อวิ่งให้จบ",daya tahan,"Pelari maraton membutuhkan daya tahan luar biasa untuk menyelesaikan lomba."
inoculate,"Veterinarians inoculate pets against common diseases annually.",접종하다,"수의사들은 매년 반려동물에게 일반적인 질병에 대한 접종을 한다.",接種する,"獣医は毎年一般的な病気に対してペットに接種を行う。",接种,"兽医每年为宠物接种以预防常见疾病。",inocular,"Los veterinarios inoculan a las mascotas contra enfermedades comunes anualmente.",tiêm phòng,"Bác sĩ thú y tiêm phòng cho thú cưng chống lại các bệnh thường gặp hàng năm.",ฉีดวัคซีน,"สัตวแพทย์ฉีดวัคซีนให้สัตว์เลี้ยงเพื่อป้องกันโรคทั่วไปทุกปี",menginokulasi,"Dokter hewan menginokulasi hewan peliharaan terhadap penyakit umum setiap tahun."
ventilation,"Adequate ventilation in buildings reduces the risk of airborne infections.",환기,"건물의 적절한 환기는 공기 매개 감염의 위험을 줄인다.",換気,"建物の適切な換気は空気感染のリスクを減らす。",通风,"建筑物中充分的通风可以降低空气传播感染的风险。",ventilación,"La ventilación adecuada en los edificios reduce el riesgo de infecciones transmitidas por el aire.",thông gió,"Thông gió đầy đủ trong các tòa nhà giảm nguy cơ nhiễm trùng qua đường không khí.",การระบายอากาศ,"การระบายอากาศที่เพียงพอในอาคารลดความเสี่ยงของการติดเชื้อทางอากาศ",ventilasi,"Ventilasi yang memadai di gedung mengurangi risiko infeksi melalui udara."
epidemic,"The government declared a national emergency due to the flu epidemic.",전염병,"정부는 독감 전염병으로 인해 국가 비상사태를 선언했다.",流行病,"政府はインフルエンザの流行病のために国家非常事態を宣言した。",流行病,"政府因流感流行病宣布了国家紧急状态。",epidemia,"El gobierno declaró una emergencia nacional debido a la epidemia de gripe.",dịch bệnh,"Chính phủ đã tuyên bố tình trạng khẩn cấp quốc gia do dịch cúm.",โรคระบาด,"รัฐบาลประกาศภาวะฉุกเฉินแห่งชาติเนื่องจากโรคระบาดไข้หวัดใหญ่",epidemi,"Pemerintah menyatakan darurat nasional karena epidemi flu."
casework,"Individual casework is a core method in professional social work.",사례 연구,"개별 사례 연구는 전문 사회 복지의 핵심 방법이다.",ケースワーク,"個別ケースワークは専門的ソーシャルワークの中核的方法である。",个案工作,"个案工作是专业社会工作的核心方法。",trabajo de casos,"El trabajo de casos individual es un método central en el trabajo social profesional.",công tác xã hội cá nhân,"Công tác xã hội cá nhân là phương pháp cốt lõi trong công tác xã hội chuyên nghiệp.",งานรายกรณี,"งานรายกรณีเป็นวิธีการหลักในงานสังคมสงเคราะห์วิชาชีพ",penanganan kasus,"Penanganan kasus individu adalah metode inti dalam pekerjaan sosial profesional."
fixture,"The next fixture in the league schedule is on Saturday.",경기 일정,"리그 일정의 다음 경기는 토요일이다.",試合日程,"リーグスケジュールの次の試合は土曜日だ。",赛事,"联赛日程中的下一场赛事在周六。",partido programado,"El próximo partido programado en el calendario de la liga es el sábado.",trận đấu,"Trận đấu tiếp theo trong lịch thi đấu giải đấu là vào thứ Bảy.",นัดการแข่งขัน,"นัดการแข่งขันถัดไปในตารางลีกคือวันเสาร์",pertandingan,"Pertandingan berikutnya dalam jadwal liga adalah hari Sabtu."
feline,"The veterinary clinic has a separate ward for feline patients.",고양이의,"동물 병원은 고양이 환자를 위한 별도의 병동이 있다.",猫の,"その動物病院には猫の患者専用の病棟がある。",猫科的,"兽医诊所有一个专门的猫科患者病房。",felino,"La clínica veterinaria tiene una sala separada para pacientes felinos.",thuộc họ mèo,"Phòng khám thú y có một khu riêng cho bệnh nhân thuộc họ mèo.",แมว,"คลินิกสัตวแพทย์มีวอร์ดแยกสำหรับผู้ป่วยแมว",kucing,"Klinik hewan memiliki bangsal terpisah untuk pasien kucing."
masonry,"The masonry walls of the cathedral have stood for centuries.",석조,"대성당의 석조 벽은 수세기 동안 서 있었다.",石造り,"大聖堂の石造りの壁は何世紀にもわたって立ち続けてきた。",砖石结构,"大教堂的砖石结构墙壁已经屹立了几个世纪。",mampostería,"Los muros de mampostería de la catedral han permanecido durante siglos.",xây gạch đá,"Những bức tường xây gạch đá của nhà thờ đã đứng vững hàng thế kỷ.",งานก่ออิฐ,"กำแพงก่ออิฐของอาสนวิหารยืนหยัดมาหลายศตวรรษ",pasangan bata,"Dinding pasangan bata katedral telah berdiri selama berabad-abad."
screening,"Regular health screening can detect diseases in their early stages.",검진,"정기 건강 검진은 초기 단계에서 질병을 발견할 수 있다.",スクリーニング,"定期的な健康スクリーニングは病気を早期段階で発見できる。",筛查,"定期健康筛查可以在早期阶段发现疾病。",detección,"La detección regular de salud puede detectar enfermedades en sus etapas tempranas.",tầm soát,"Tầm soát sức khỏe định kỳ có thể phát hiện bệnh ở giai đoạn sớm.",การคัดกรอง,"การคัดกรองสุขภาพเป็นประจำสามารถตรวจพบโรคในระยะเริ่มต้น",skrining,"Skrining kesehatan rutin dapat mendeteksi penyakit pada tahap awal."
empowerment,"Community empowerment is a central goal of modern social work.",역량 강화,"지역 사회 역량 강화는 현대 사회 복지의 핵심 목표이다.",エンパワーメント,"コミュニティのエンパワーメントは現代ソーシャルワークの中心的な目標である。",赋权,"社区赋权是现代社会工作的核心目标。",empoderamiento,"El empoderamiento comunitario es un objetivo central del trabajo social moderno.",trao quyền,"Trao quyền cho cộng đồng là mục tiêu trung tâm của công tác xã hội hiện đại.",การเสริมพลัง,"การเสริมพลังชุมชนเป็นเป้าหมายหลักของงานสังคมสงเคราะห์สมัยใหม่",pemberdayaan,"Pemberdayaan masyarakat adalah tujuan utama pekerjaan sosial modern."
recruit,"The club needs to recruit talented players for next season.",영입하다,"클럽은 다음 시즌을 위해 재능 있는 선수를 영입해야 한다.",リクルートする,"クラブは来シーズンのために才能ある選手をリクルートする必要がある。",招募,"俱乐部需要为下个赛季招募有才华的球员。",reclutar,"El club necesita reclutar jugadores talentosos para la próxima temporada.",tuyển mộ,"Câu lạc bộ cần tuyển mộ những cầu thủ tài năng cho mùa giải tới.",คัดเลือก,"สโมสรต้องคัดเลือกผู้เล่นที่มีพรสวรรค์สำหรับฤดูกาลหน้า",merekrut,"Klub perlu merekrut pemain berbakat untuk musim depan."
canine,"Canine behavior specialists help owners manage aggressive dogs.",개의,"개 행동 전문가들은 주인들이 공격적인 개를 관리하도록 돕는다.",犬の,"犬の行動専門家は飼い主が攻撃的な犬を管理するのを助ける。",犬类的,"犬类行为专家帮助主人管理有攻击性的狗。",canino,"Los especialistas en comportamiento canino ayudan a los dueños a manejar perros agresivos.",chó,"Các chuyên gia hành vi chó giúp chủ nuôi quản lý những con chó hung dữ.",สุนัข,"ผู้เชี่ยวชาญด้านพฤติกรรมสุนัขช่วยเจ้าของจัดการสุนัขที่ดุร้าย",anjing,"Spesialis perilaku anjing membantu pemilik mengelola anjing agresif."
pillar,"The stone pillars support the weight of the entire roof structure.",기둥,"석조 기둥이 지붕 구조 전체의 무게를 지탱한다.",柱,"石の柱が屋根構造全体の重量を支えている。",柱子,"石柱支撑着整个屋顶结构的重量。",pilar,"Los pilares de piedra soportan el peso de toda la estructura del techo.",trụ cột,"Các trụ cột đá chống đỡ trọng lượng của toàn bộ kết cấu mái.",เสา,"เสาหินรับน้ำหนักของโครงสร้างหลังคาทั้งหมด",pilar,"Pilar batu menopang berat seluruh struktur atap."
mortality,"Infant mortality rates have decreased significantly in the past decade.",사망률,"영아 사망률은 지난 10년간 크게 감소했다.",死亡率,"乳児死亡率は過去10年間で大幅に減少した。",死亡率,"婴儿死亡率在过去十年中显著下降。",mortalidad,"Las tasas de mortalidad infantil han disminuido significativamente en la última década.",tỷ lệ tử vong,"Tỷ lệ tử vong ở trẻ sơ sinh đã giảm đáng kể trong thập kỷ qua.",อัตราการตาย,"อัตราการตายของทารกลดลงอย่างมากในทศวรรษที่ผ่านมา",kematian,"Tingkat kematian bayi telah menurun secara signifikan dalam dekade terakhir."
custody,"The social worker assessed whether the child should remain in parental custody.",양육권,"사회 복지사가 아이가 부모 양육권에 남아야 하는지 평가했다.",親権,"ソーシャルワーカーが子どもが親権のもとに留まるべきかを評価した。",监护权,"社会工作者评估了孩子是否应该留在父母监护下。",custodia,"La trabajadora social evaluó si el niño debía permanecer bajo la custodia de los padres.",quyền nuôi con,"Nhân viên xã hội đánh giá liệu đứa trẻ có nên ở lại dưới quyền nuôi con của cha mẹ.",สิทธิ์ในการดูแล,"นักสังคมสงเคราะห์ประเมินว่าเด็กควรอยู่ในการดูแลของพ่อแม่หรือไม่",hak asuh,"Pekerja sosial menilai apakah anak harus tetap dalam hak asuh orang tua."
concussion,"The player suffered a concussion during the football game.",뇌진탕,"선수가 축구 경기 중 뇌진탕을 겪었다.",脳震盪,"選手がフットボールの試合中に脳震盪を起こした。",脑震荡,"球员在足球比赛中遭受了脑震荡。",conmoción cerebral,"El jugador sufrió una conmoción cerebral durante el partido de fútbol.",chấn động não,"Cầu thủ bị chấn động não trong trận đấu bóng đá.",การกระทบกระเทือนทางสมอง,"ผู้เล่นได้รับการกระทบกระเทือนทางสมองระหว่างเกมฟุตบอล",gegar otak,"Pemain mengalami gegar otak selama pertandingan sepak bola."
prognosis,"The veterinarian gave a positive prognosis for the injured horse.",예후,"수의사는 부상당한 말에 대해 긍정적인 예후를 내렸다.",予後,"獣医が負傷した馬に対して良好な予後を示した。",预后,"兽医对受伤的马给出了积极的预后。",pronóstico,"El veterinario dio un pronóstico positivo para el caballo herido.",tiên lượng,"Bác sĩ thú y đưa ra tiên lượng tích cực cho con ngựa bị thương.",การพยากรณ์โรค,"สัตวแพทย์ให้การพยากรณ์โรคในทางบวกสำหรับม้าที่บาดเจ็บ",prognosis,"Dokter hewan memberikan prognosis positif untuk kuda yang terluka."
terrace,"The architect designed a rooftop terrace with panoramic city views.",테라스,"건축가가 도시 전경을 볼 수 있는 옥상 테라스를 설계했다.",テラス,"建築家が街のパノラマビューを望む屋上テラスを設計した。",露台,"建筑师设计了一个可以俯瞰城市全景的屋顶露台。",terraza,"El arquitecto diseñó una terraza en la azotea con vistas panorámicas de la ciudad.",sân thượng,"Kiến trúc sư đã thiết kế một sân thượng với tầm nhìn toàn cảnh thành phố.",ระเบียง,"สถาปนิกออกแบบระเบียงบนดาดฟ้าพร้อมวิวเมืองแบบพาโนรามา",teras,"Arsitek merancang teras atap dengan pemandangan kota panorama."
pathogen,"Public health officials tracked the spread of the dangerous pathogen.",병원체,"공중 보건 관리들이 위험한 병원체의 확산을 추적했다.",病原体,"公衆衛生当局が危険な病原体の拡散を追跡した。",病原体,"公共卫生官员追踪了危险病原体的传播。",patógeno,"Los funcionarios de salud pública rastrearon la propagación del patógeno peligroso.",mầm bệnh,"Các quan chức y tế công cộng đã theo dõi sự lây lan của mầm bệnh nguy hiểm.",เชื้อโรค,"เจ้าหน้าที่สาธารณสุขติดตามการแพร่กระจายของเชื้อโรคอันตราย",patogen,"Pejabat kesehatan masyarakat melacak penyebaran patogen berbahaya."
neglect,"Child neglect is a serious concern addressed by social workers.",방임,"아동 방임은 사회 복지사들이 다루는 심각한 문제이다.",ネグレクト,"子どものネグレクトはソーシャルワーカーが対処する深刻な問題である。",忽视,"儿童忽视是社会工作者关注的严重问题。",negligencia,"La negligencia infantil es una preocupación seria abordada por los trabajadores sociales.",bỏ bê,"Bỏ bê trẻ em là mối quan ngại nghiêm trọng được các nhân viên xã hội giải quyết.",การละเลย,"การละเลยเด็กเป็นความกังวลร้ายแรงที่นักสังคมสงเคราะห์ดูแล",penelantaran,"Penelantaran anak adalah masalah serius yang ditangani oleh pekerja sosial."
playoff,"The team secured their spot in the playoff after a dramatic victory.",플레이오프,"팀이 극적인 승리 후 플레이오프 진출을 확정했다.",プレーオフ,"チームは劇的な勝利の後プレーオフの出場権を確保した。",季后赛,"球队在一场戏剧性的胜利后确保了季后赛的位置。",eliminatoria,"El equipo aseguró su lugar en la eliminatoria tras una victoria dramática.",vòng loại trực tiếp,"Đội đã giành suất vào vòng loại trực tiếp sau chiến thắng kịch tính.",รอบเพลย์ออฟ,"ทีมได้ตำแหน่งในรอบเพลย์ออฟหลังจากชัยชนะอันเร้าใจ",babak playoff,"Tim mengamankan tempat mereka di babak playoff setelah kemenangan dramatis."
rabies,"All domestic dogs must be vaccinated against rabies by law.",광견병,"모든 가정견은 법에 따라 광견병 예방 접종을 받아야 한다.",狂犬病,"すべての家庭犬は法律により狂犬病の予防接種を受けなければならない。",狂犬病,"所有家犬必须依法接种狂犬病疫苗。",rabia,"Todos los perros domésticos deben ser vacunados contra la rabia por ley.",bệnh dại,"Tất cả chó nuôi phải được tiêm phòng bệnh dại theo luật.",โรคพิษสุนัขบ้า,"สุนัขเลี้ยงทุกตัวต้องได้รับการฉีดวัคซีนป้องกันโรคพิษสุนัขบ้าตามกฎหมาย",rabies,"Semua anjing peliharaan harus divaksinasi terhadap rabies sesuai hukum."
corridor,"The architect designed a wide corridor connecting the two wings of the building.",복도,"건축가가 건물의 두 동을 연결하는 넓은 복도를 설계했다.",廊下,"建築家が建物の二つの棟をつなぐ広い廊下を設計した。",走廊,"建筑师设计了一条连接建筑两翼的宽走廊。",pasillo,"El arquitecto diseñó un amplio pasillo que conecta las dos alas del edificio.",hành lang,"Kiến trúc sư đã thiết kế một hành lang rộng nối hai cánh của tòa nhà.",ทางเดิน,"สถาปนิกออกแบบทางเดินกว้างเชื่อมต่อสองปีกของอาคาร",koridor,"Arsitek merancang koridor lebar yang menghubungkan dua sayap bangunan."
surveillance,"Public health surveillance systems monitor disease patterns across regions.",감시,"공중 보건 감시 시스템은 지역 전반의 질병 패턴을 모니터링한다.",サーベイランス,"公衆衛生のサーベイランスシステムが地域全体の疾病パターンを監視する。",监测,"公共卫生监测系统监控各地区的疾病模式。",vigilancia,"Los sistemas de vigilancia de salud pública monitorean patrones de enfermedades en las regiones.",giám sát,"Hệ thống giám sát y tế công cộng theo dõi các mô hình bệnh tật trên các khu vực.",การเฝ้าระวัง,"ระบบเฝ้าระวังสาธารณสุขติดตามรูปแบบโรคทั่วภูมิภาค",surveilans,"Sistem surveilans kesehatan masyarakat memantau pola penyakit di seluruh wilayah."
mediation,"The social worker used mediation to resolve the family dispute.",중재,"사회 복지사가 가족 분쟁을 해결하기 위해 중재를 사용했다.",調停,"ソーシャルワーカーが家族の紛争を解決するために調停を用いた。",调解,"社会工作者使用调解来解决家庭纠纷。",mediación,"La trabajadora social usó la mediación para resolver la disputa familiar.",hòa giải,"Nhân viên xã hội đã sử dụng hòa giải để giải quyết tranh chấp gia đình.",การไกล่เกลี่ย,"นักสังคมสงเคราะห์ใช้การไกล่เกลี่ยเพื่อแก้ไขข้อพิพาทในครอบครัว",mediasi,"Pekerja sosial menggunakan mediasi untuk menyelesaikan perselisihan keluarga."
stamina,"Professional athletes build their stamina through rigorous training routines.",체력,"프로 선수들은 엄격한 훈련 루틴을 통해 체력을 기른다.",スタミナ,"プロのアスリートは厳しいトレーニングルーティンでスタミナを築く。",耐力,"职业运动员通过严格的训练来增强耐力。",resistencia física,"Los atletas profesionales desarrollan su resistencia física a través de rutinas de entrenamiento rigurosas.",thể lực,"Các vận động viên chuyên nghiệp xây dựng thể lực thông qua các chương trình tập luyện nghiêm ngặt.",ความแข็งแกร่ง,"นักกีฬาอาชีพสร้างความแข็งแกร่งผ่านกิจวัตรการฝึกซ้อมอย่างเข้มงวด",stamina,"Atlet profesional membangun stamina mereka melalui rutinitas latihan yang ketat."
anesthesia,"The veterinarian administered anesthesia before the surgical procedure.",마취,"수의사가 수술 절차 전에 마취를 투여했다.",麻酔,"獣医が手術の前に麻酔を投与した。",麻醉,"兽医在手术前进行了麻醉。",anestesia,"El veterinario administró anestesia antes del procedimiento quirúrgico.",gây mê,"Bác sĩ thú y đã gây mê trước khi phẫu thuật.",การวางยาสลบ,"สัตวแพทย์ให้ยาสลบก่อนการผ่าตัด",anestesi,"Dokter hewan memberikan anestesi sebelum prosedur bedah."
cantilever,"The cantilever design allows the balcony to extend without visible supports.",캔틸레버,"캔틸레버 설계는 보이는 지지대 없이 발코니가 확장될 수 있게 한다.",片持ち梁,"片持ち梁の設計により目に見える支持なしでバルコニーを伸ばすことができる。",悬臂,"悬臂设计使阳台可以在没有可见支撑的情况下延伸。",voladizo,"El diseño en voladizo permite que el balcón se extienda sin soportes visibles.",công xôn,"Thiết kế công xôn cho phép ban công mở rộng mà không cần trụ đỡ nhìn thấy được.",คานยื่น,"การออกแบบคานยื่นช่วยให้ระเบียงขยายออกโดยไม่มีเสาค้ำที่มองเห็นได้",kantilever,"Desain kantilever memungkinkan balkon memanjang tanpa penyangga yang terlihat."
prevalence,"The prevalence of diabetes has increased dramatically in urban populations.",유병률,"당뇨병의 유병률이 도시 인구에서 극적으로 증가했다.",有病率,"糖尿病の有病率は都市部の人口で劇的に増加した。",患病率,"糖尿病的患病率在城市人口中急剧增加。",prevalencia,"La prevalencia de la diabetes ha aumentado dramáticamente en las poblaciones urbanas.",tỷ lệ mắc,"Tỷ lệ mắc bệnh tiểu đường đã tăng đáng kể trong dân số đô thị.",ความชุก,"ความชุกของโรคเบาหวานเพิ่มขึ้นอย่างมากในประชากรเมือง",prevalensi,"Prevalensi diabetes telah meningkat secara dramatis pada populasi perkotaan."
mentoring,"The mentoring program pairs experienced social workers with new graduates.",멘토링,"멘토링 프로그램은 경험 많은 사회 복지사와 신규 졸업생을 짝지어 준다.",メンタリング,"メンタリングプログラムは経験豊富なソーシャルワーカーと新卒者をペアにする。",指导,"指导项目将经验丰富的社会工作者与新毕业生配对。",tutoría,"El programa de tutoría empareja a trabajadores sociales experimentados con nuevos graduados.",cố vấn hướng dẫn,"Chương trình cố vấn hướng dẫn kết nối nhân viên xã hội giàu kinh nghiệm với sinh viên mới tốt nghiệp.",การให้คำปรึกษา,"โปรแกรมการให้คำปรึกษาจับคู่นักสังคมสงเคราะห์ผู้มีประสบการณ์กับบัณฑิตใหม่",pendampingan,"Program pendampingan memasangkan pekerja sosial berpengalaman dengan lulusan baru."
scouting,"The scouting department evaluates potential players at youth academies.",스카우팅,"스카우팅 부서는 유소년 아카데미에서 잠재적인 선수들을 평가한다.",スカウティング,"スカウティング部門はユースアカデミーで有望な選手を評価する。",球探,"球探部门在青训学院评估有潜力的球员。",exploración deportiva,"El departamento de exploración deportiva evalúa jugadores potenciales en academias juveniles.",tuyển trạch,"Bộ phận tuyển trạch đánh giá các cầu thủ tiềm năng tại các học viện trẻ.",การสอดส่อง,"แผนกสอดส่องประเมินผู้เล่นที่มีศักยภาพในสถาบันเยาวชน",pencarian bakat,"Departemen pencarian bakat mengevaluasi pemain potensial di akademi pemuda."
mammal,"The veterinary textbook covers diseases common in domestic mammals.",포유류,"수의학 교과서는 가축 포유류에서 흔한 질병을 다룬다.",哺乳類,"獣医学の教科書は家畜の哺乳類に一般的な病気を扱っている。",哺乳动物,"兽医教科书涵盖了家养哺乳动物的常见疾病。",mamífero,"El libro de texto veterinario cubre enfermedades comunes en mamíferos domésticos.",động vật có vú,"Sách giáo khoa thú y đề cập các bệnh phổ biến ở động vật có vú nuôi trong nhà.",สัตว์เลี้ยงลูกด้วยนม,"ตำราสัตวแพทย์ครอบคลุมโรคที่พบบ่อยในสัตว์เลี้ยงลูกด้วยนมในบ้าน",mamalia,"Buku teks kedokteran hewan mencakup penyakit umum pada mamalia peliharaan."
beam,"The steel beams provide the main structural support for the roof.",보,"철골 보가 지붕의 주요 구조적 지지를 제공한다.",梁,"鉄骨の梁が屋根の主要な構造的支持を提供している。",梁,"钢梁为屋顶提供主要的结构支撑。",viga,"Las vigas de acero proporcionan el soporte estructural principal para el techo.",dầm,"Các dầm thép cung cấp hỗ trợ kết cấu chính cho mái nhà.",คาน,"คานเหล็กให้การรองรับโครงสร้างหลักสำหรับหลังคา",balok,"Balok baja memberikan penopang struktural utama untuk atap."
chronic,"Chronic diseases require long-term public health management strategies.",만성의,"만성 질환은 장기적인 공중 보건 관리 전략을 필요로 한다.",慢性の,"慢性疾患は長期的な公衆衛生管理戦略を必要とする。",慢性的,"慢性疾病需要长期的公共卫生管理策略。",crónico,"Las enfermedades crónicas requieren estrategias de gestión de salud pública a largo plazo.",mãn tính,"Các bệnh mãn tính đòi hỏi các chiến lược quản lý y tế công cộng dài hạn.",เรื้อรัง,"โรคเรื้อรังต้องการกลยุทธ์การจัดการสาธารณสุขระยะยาว",kronis,"Penyakit kronis memerlukan strategi manajemen kesehatan masyarakat jangka panjang."
trauma,"The social worker specializes in helping children who have experienced trauma.",트라우마,"사회 복지사는 트라우마를 경험한 아이들을 돕는 것을 전문으로 한다.",トラウマ,"そのソーシャルワーカーはトラウマを経験した子どもたちの支援を専門としている。",创伤,"社会工作者专门帮助经历过创伤的儿童。",trauma,"La trabajadora social se especializa en ayudar a niños que han experimentado trauma.",chấn thương tâm lý,"Nhân viên xã hội chuyên giúp đỡ trẻ em đã trải qua chấn thương tâm lý.",บาดแผลทางจิตใจ,"นักสังคมสงเคราะห์เชี่ยวชาญในการช่วยเหลือเด็กที่ประสบบาดแผลทางจิตใจ",trauma,"Pekerja sosial mengkhususkan diri dalam membantu anak-anak yang mengalami trauma."
doping,"The anti-doping agency conducts random tests on professional athletes.",도핑,"반도핑 기관은 프로 선수들에 대한 무작위 검사를 실시한다.",ドーピング,"アンチドーピング機関がプロのアスリートに対して無作為検査を実施する。",兴奋剂,"反兴奋剂机构对职业运动员进行随机检测。",dopaje,"La agencia antidopaje realiza pruebas aleatorias a atletas profesionales.",doping,"Cơ quan chống doping tiến hành kiểm tra ngẫu nhiên các vận động viên chuyên nghiệp.",สารกระตุ้น,"หน่วยงานต่อต้านสารกระตุ้นทำการทดสอบแบบสุ่มกับนักกีฬาอาชีพ",doping,"Lembaga anti-doping melakukan tes acak pada atlet profesional."
sedation,"Mild sedation was necessary to examine the anxious cat properly.",진정,"불안한 고양이를 적절히 검사하기 위해 가벼운 진정이 필요했다.",鎮静,"不安な猫を適切に検査するために軽い鎮静が必要だった。",镇静,"轻度镇静是正确检查焦虑猫咪所必需的。",sedación,"La sedación leve fue necesaria para examinar adecuadamente al gato ansioso.",an thần,"An thần nhẹ là cần thiết để kiểm tra con mèo lo lắng đúng cách.",การให้ยาสงบ,"การให้ยาสงบเล็กน้อยจำเป็นเพื่อตรวจสอบแมวที่กังวลอย่างเหมาะสม",sedasi,"Sedasi ringan diperlukan untuk memeriksa kucing yang cemas dengan benar."
skylight,"The architect incorporated skylights to maximize natural lighting indoors.",천창,"건축가가 실내 자연 채광을 극대화하기 위해 천창을 도입했다.",天窓,"建築家は屋内の自然光を最大化するために天窓を取り入れた。",天窗,"建筑师加入了天窗以最大限度地利用室内自然采光。",tragaluz,"El arquitecto incorporó tragaluces para maximizar la iluminación natural en interiores.",cửa sổ trần,"Kiến trúc sư đã kết hợp cửa sổ trần để tối đa hóa ánh sáng tự nhiên trong nhà.",ช่องแสงบนหลังคา,"สถาปนิกนำช่องแสงบนหลังคามาใช้เพื่อเพิ่มแสงธรรมชาติภายในอาคาร",jendela atap,"Arsitek memasukkan jendela atap untuk memaksimalkan pencahayaan alami di dalam ruangan."
contagious,"Contagious diseases spread rapidly in densely populated areas.",전염성의,"전염성 질병은 인구 밀집 지역에서 빠르게 확산된다.",伝染性の,"伝染性の病気は人口密集地域で急速に広がる。",传染性的,"传染性疾病在人口密集地区迅速传播。",contagioso,"Las enfermedades contagiosas se propagan rápidamente en áreas densamente pobladas.",truyền nhiễm,"Các bệnh truyền nhiễm lây lan nhanh chóng ở các khu vực đông dân cư.",ติดต่อ,"โรคติดต่อแพร่กระจายอย่างรวดเร็วในพื้นที่ที่มีประชากรหนาแน่น",menular,"Penyakit menular menyebar dengan cepat di daerah berpenduduk padat."
resiliency,"Building community resiliency is a key objective for social workers in disaster zones.",회복력,"지역 사회 회복력 구축은 재해 지역 사회 복지사들의 핵심 목표이다.",レジリエンス,"コミュニティのレジリエンス構築は災害地域のソーシャルワーカーの主要な目標である。",韧性,"建设社区韧性是灾区社会工作者的关键目标。",resiliencia,"Construir la resiliencia comunitaria es un objetivo clave para los trabajadores sociales en zonas de desastre.",khả năng phục hồi,"Xây dựng khả năng phục hồi cộng đồng là mục tiêu chính của nhân viên xã hội trong vùng thiên tai.",ความยืดหยุ่น,"การสร้างความยืดหยุ่นของชุมชนเป็นวัตถุประสงค์สำคัญสำหรับนักสังคมสงเคราะห์ในเขตภัยพิบัติ",ketahanan,"Membangun ketahanan masyarakat adalah tujuan utama bagi pekerja sosial di zona bencana."
seeding,"The tournament seeding is based on each team's performance ranking.",시드 배정,"대회 시드 배정은 각 팀의 성적 순위를 기반으로 한다.",シード,"トーナメントのシードは各チームの成績ランキングに基づいている。",种子排名,"锦标赛的种子排名基于每支球队的成绩排名。",cabeza de serie,"La clasificación de cabezas de serie del torneo se basa en el ranking de rendimiento de cada equipo.",xếp hạng hạt giống,"Xếp hạng hạt giống của giải đấu dựa trên thứ hạng thành tích của mỗi đội.",การจัดอันดับ,"การจัดอันดับของทัวร์นาเมนต์ขึ้นอยู่กับการจัดอันดับผลงานของแต่ละทีม",pemeringkatan,"Pemeringkatan turnamen didasarkan pada peringkat kinerja setiap tim."
anatomy,"Veterinary students must study animal anatomy in great detail.",해부학,"수의학 학생들은 동물 해부학을 매우 상세하게 공부해야 한다.",解剖学,"獣医学の学生は動物の解剖学を非常に詳細に学ばなければならない。",解剖学,"兽医学生必须非常详细地学习动物解剖学。",anatomía,"Los estudiantes de veterinaria deben estudiar la anatomía animal con gran detalle.",giải phẫu học,"Sinh viên thú y phải nghiên cứu giải phẫu học động vật một cách chi tiết.",กายวิภาคศาสตร์,"นักศึกษาสัตวแพทย์ต้องศึกษากายวิภาคศาสตร์ของสัตว์อย่างละเอียด",anatomi,"Mahasiswa kedokteran hewan harus mempelajari anatomi hewan secara detail."
atrium,"The building features a glass atrium that floods the lobby with natural light.",아트리움,"건물은 로비에 자연광을 가득 채우는 유리 아트리움이 특징이다.",アトリウム,"建物にはロビーに自然光をあふれさせるガラスのアトリウムがある。",中庭,"建筑配有玻璃中庭，让大厅充满自然光。",atrio,"El edificio cuenta con un atrio de cristal que inunda el vestíbulo con luz natural.",sảnh kính,"Tòa nhà có một sảnh kính làm tràn ngập ánh sáng tự nhiên vào sảnh đợi.",โถงกระจก,"อาคารมีโถงกระจกที่ทำให้ล็อบบี้เต็มไปด้วยแสงธรรมชาติ",atrium,"Bangunan ini memiliki atrium kaca yang membanjiri lobi dengan cahaya alami."
malnutrition,"Public health programs aim to reduce malnutrition in developing regions.",영양실조,"공중 보건 프로그램은 개발 도상 지역의 영양실조를 줄이는 것을 목표로 한다.",栄養失調,"公衆衛生プログラムは発展途上地域の栄養失調を減らすことを目指している。",营养不良,"公共卫生项目旨在减少发展中地区的营养不良。",desnutrición,"Los programas de salud pública buscan reducir la desnutrición en regiones en desarrollo.",suy dinh dưỡng,"Các chương trình y tế công cộng nhằm giảm suy dinh dưỡng ở các vùng đang phát triển.",ภาวะทุพโภชนาการ,"โปรแกรมสาธารณสุขมุ่งลดภาวะทุพโภชนาการในภูมิภาคที่กำลังพัฒนา",malnutrisi,"Program kesehatan masyarakat bertujuan mengurangi malnutrisi di wilayah berkembang."
safeguarding,"Safeguarding policies protect children from abuse and exploitation.",보호,"보호 정책은 아동을 학대와 착취로부터 보호한다.",セーフガーディング,"セーフガーディングポリシーは子どもたちを虐待と搾取から守る。",保护,"保护政策保护儿童免受虐待和剥削。",protección,"Las políticas de protección protegen a los niños del abuso y la explotación.",bảo vệ,"Các chính sách bảo vệ trẻ em khỏi lạm dụng và bóc lột.",การคุ้มครอง,"นโยบายการคุ้มครองปกป้องเด็กจากการล่วงละเมิดและการแสวงหาประโยชน์",perlindungan,"Kebijakan perlindungan melindungi anak-anak dari penyalahgunaan dan eksploitasi."
relegation,"The team faced relegation after finishing last in the league standings.",강등,"팀이 리그 순위에서 최하위를 기록한 후 강등에 직면했다.",降格,"チームはリーグ順位で最下位に終わり降格に直面した。",降级,"球队在联赛排名中垫底后面临降级。",descenso,"El equipo enfrentó el descenso después de terminar último en la clasificación de la liga.",xuống hạng,"Đội phải đối mặt với việc xuống hạng sau khi đứng cuối bảng xếp hạng giải đấu.",การตกชั้น,"ทีมเผชิญกับการตกชั้นหลังจากจบอันดับสุดท้ายในตารางลีก",degradasi,"Tim menghadapi degradasi setelah menyelesaikan musim di posisi terakhir klasemen liga."
fracture,"The veterinarian treated a leg fracture in the injured puppy.",골절,"수의사가 부상당한 강아지의 다리 골절을 치료했다.",骨折,"獣医が負傷した子犬の脚の骨折を治療した。",骨折,"兽医治疗了受伤小狗的腿部骨折。",fractura,"El veterinario trató una fractura de pierna en el cachorro herido.",gãy xương,"Bác sĩ thú y đã điều trị gãy xương chân cho chú chó con bị thương.",กระดูกหัก,"สัตวแพทย์รักษากระดูกขาหักของลูกสุนัขที่บาดเจ็บ",patah tulang,"Dokter hewan merawat patah tulang kaki pada anak anjing yang terluka."
acoustic,"The concert hall was designed with superior acoustic properties.",음향의,"콘서트홀은 우수한 음향 특성으로 설계되었다.",音響の,"コンサートホールは優れた音響特性で設計された。",声学的,"音乐厅的设计具有卓越的声学性能。",acústico,"La sala de conciertos fue diseñada con propiedades acústicas superiores.",âm thanh,"Phòng hòa nhạc được thiết kế với đặc tính âm thanh vượt trội.",เกี่ยวกับเสียง,"ห้องแสดงดนตรีถูกออกแบบด้วยคุณสมบัติทางเสียงที่เหนือกว่า",akustik,"Aula konser dirancang dengan sifat akustik yang unggul."
dosage,"The veterinarian carefully calculated the correct dosage for the small kitten.",투여량,"수의사가 작은 새끼 고양이를 위한 정확한 투여량을 신중하게 계산했다.",投与量,"獣医が小さな子猫のための正確な投与量を慎重に計算した。",剂量,"兽医仔细计算了小猫的正确剂量。",dosis,"El veterinario calculó cuidadosamente la dosis correcta para el pequeño gatito.",liều lượng,"Bác sĩ thú y đã tính toán cẩn thận liều lượng chính xác cho chú mèo con nhỏ.",ขนาดยา,"สัตวแพทย์คำนวณขนาดยาที่ถูกต้องอย่างระมัดระวังสำหรับลูกแมวตัวเล็ก",dosis,"Dokter hewan dengan hati-hati menghitung dosis yang tepat untuk anak kucing kecil."
foundation,"The foundation of the building must be reinforced before adding more floors.",기초,"건물의 기초는 층을 추가하기 전에 보강되어야 한다.",基礎,"建物の基礎は階を増やす前に補強しなければならない。",地基,"在增加楼层之前必须加固建筑的地基。",cimiento,"Los cimientos del edificio deben ser reforzados antes de añadir más pisos.",nền móng,"Nền móng của tòa nhà phải được gia cố trước khi xây thêm tầng.",ฐานราก,"ฐานรากของอาคารต้องได้รับการเสริมก่อนเพิ่มชั้น",fondasi,"Fondasi bangunan harus diperkuat sebelum menambahkan lebih banyak lantai."
pandemic,"The pandemic forced governments worldwide to implement strict health measures.",팬데믹,"팬데믹으로 인해 전 세계 정부가 엄격한 보건 조치를 시행해야 했다.",パンデミック,"パンデミックにより世界中の政府が厳格な健康対策を実施せざるを得なくなった。",大流行,"大流行迫使全球各国政府实施严格的卫生措施。",pandemia,"La pandemia obligó a los gobiernos de todo el mundo a implementar medidas de salud estrictas.",đại dịch,"Đại dịch buộc các chính phủ trên toàn thế giới phải thực hiện các biện pháp y tế nghiêm ngặt.",การระบาดใหญ่,"การระบาดใหญ่บังคับให้รัฐบาลทั่วโลกดำเนินมาตรการสุขภาพที่เข้มงวด",pandemi,"Pandemi memaksa pemerintah di seluruh dunia untuk menerapkan langkah-langkah kesehatan yang ketat."
marginalized,"Social workers advocate for the rights of marginalized communities.",소외된,"사회 복지사들은 소외된 지역 사회의 권리를 옹호한다.",社会的に疎外された,"ソーシャルワーカーは社会的に疎外されたコミュニティの権利を擁護する。",边缘化的,"社会工作者为边缘化社区的权利进行倡导。",marginado,"Los trabajadores sociales abogan por los derechos de las comunidades marginadas.",bị gạt ra ngoài lề,"Nhân viên xã hội vận động cho quyền lợi của các cộng đồng bị gạt ra ngoài lề.",ชายขอบ,"นักสังคมสงเคราะห์สนับสนุนสิทธิของชุมชนชายขอบ",terpinggirkan,"Pekerja sosial mengadvokasi hak-hak komunitas terpinggirkan."
halftime,"The coach adjusted the strategy during the halftime break.",하프타임,"코치가 하프타임 휴식 시간에 전략을 조정했다.",ハーフタイム,"コーチはハーフタイムの休憩中に戦略を調整した。",中场休息,"教练在中场休息时调整了策略。",medio tiempo,"El entrenador ajustó la estrategia durante el descanso de medio tiempo.",giữa hiệp,"Huấn luyện viên đã điều chỉnh chiến thuật trong giờ nghỉ giữa hiệp.",พักครึ่ง,"โค้ชปรับกลยุทธ์ระหว่างพักครึ่ง",paruh waktu,"Pelatih menyesuaikan strategi selama istirahat paruh waktu."
kennel,"The veterinary kennel provides overnight care for recovering animals.",사육장,"수의학 사육장은 회복 중인 동물들에게 야간 보호를 제공한다.",犬舎,"獣医の犬舎は回復中の動物に夜間ケアを提供している。",犬舍,"兽医犬舍为康复中的动物提供夜间护理。",perrera,"La perrera veterinaria proporciona atención nocturna para animales en recuperación.",chuồng nuôi,"Chuồng nuôi thú y cung cấp dịch vụ chăm sóc qua đêm cho động vật đang hồi phục.",โรงเลี้ยงสัตว์,"โรงเลี้ยงสัตว์ของสัตวแพทย์ให้การดูแลข้ามคืนสำหรับสัตว์ที่กำลังฟื้นตัว",kandang,"Kandang hewan menyediakan perawatan semalam untuk hewan yang sedang pulih."
gable,"The traditional house features a steep gable roof common in northern climates.",박공,"전통 가옥은 북부 기후에서 흔한 가파른 박공 지붕이 특징이다.",切妻,"伝統的な家屋は北部の気候でよく見られる急勾配の切妻屋根が特徴である。",山墙,"传统房屋的特点是在北方气候中常见的陡峭山墙屋顶。",aguilón,"La casa tradicional cuenta con un techo de aguilón empinado común en climas nórdicos.",mái nhọn,"Ngôi nhà truyền thống có mái nhọn dốc phổ biến ở các vùng khí hậu phía bắc.",หน้าจั่ว,"บ้านแบบดั้งเดิมมีหลังคาหน้าจั่วชันที่พบได้ทั่วไปในภูมิอากาศทางเหนือ",atap pelana,"Rumah tradisional memiliki atap pelana curam yang umum di iklim utara."
commissioner,"The league commissioner announced new rules regarding player conduct.",위원장,"리그 위원장이 선수 행동에 관한 새로운 규칙을 발표했다.",コミッショナー,"リーグのコミッショナーが選手の行動に関する新しいルールを発表した。",专员,"联赛专员宣布了关于球员行为的新规则。",comisionado,"El comisionado de la liga anunció nuevas reglas sobre la conducta de los jugadores.",ủy viên,"Ủy viên giải đấu đã công bố các quy tắc mới về hành vi của cầu thủ.",กรรมาธิการ,"กรรมาธิการลีกประกาศกฎใหม่เกี่ยวกับความประพฤติของผู้เล่น",komisioner,"Komisioner liga mengumumkan aturan baru mengenai perilaku pemain."
neutering,"Early neutering of pets helps control the stray animal population.",중성화 수술,"반려동물의 조기 중성화 수술은 유기 동물 개체 수 조절에 도움이 된다.",避妊手術,"ペットの早期避妊手術は野良動物の個体数管理に役立つ。",绝育手术,"宠物的早期绝育手术有助于控制流浪动物数量。",esterilización,"La esterilización temprana de mascotas ayuda a controlar la población de animales callejeros.",triệt sản,"Triệt sản sớm cho thú cưng giúp kiểm soát số lượng động vật hoang.",การทำหมัน,"การทำหมันสัตว์เลี้ยงแต่เนิ่นๆ ช่วยควบคุมประชากรสัตว์จรจัด",sterilisasi,"Sterilisasi dini pada hewan peliharaan membantu mengendalikan populasi hewan liar."
buttress,"The flying buttress is a distinctive feature of Gothic cathedral architecture.",부벽,"플라잉 부벽은 고딕 대성당 건축의 독특한 특징이다.",控え壁,"飛び控え壁はゴシック大聖堂建築の特徴的な要素である。",扶壁,"飞扶壁是哥特式大教堂建筑的显著特征。",contrafuerte,"El arbotante es una característica distintiva de la arquitectura de catedrales góticas.",trụ chống,"Trụ chống bay là đặc trưng nổi bật của kiến trúc nhà thờ Gothic.",ค้ำยัน,"ค้ำยันลอยเป็นลักษณะเด่นของสถาปัตยกรรมอาสนวิหารแบบโกธิก",penopang,"Penopang terbang adalah ciri khas arsitektur katedral Gotik."
morbidity,"Researchers studied the morbidity rates associated with air pollution exposure.",이환율,"연구자들은 대기 오염 노출과 관련된 이환율을 연구했다.",罹患率,"研究者たちは大気汚染曝露に関連する罹患率を調査した。",发病率,"研究人员研究了与空气污染暴露相关的发病率。",morbilidad,"Los investigadores estudiaron las tasas de morbilidad asociadas con la exposición a la contaminación del aire.",tỷ lệ mắc bệnh,"Các nhà nghiên cứu đã nghiên cứu tỷ lệ mắc bệnh liên quan đến phơi nhiễm ô nhiễm không khí.",อัตราการเจ็บป่วย,"นักวิจัยศึกษาอัตราการเจ็บป่วยที่เกี่ยวข้องกับการสัมผัสมลพิษทางอากาศ",morbiditas,"Peneliti mempelajari tingkat morbiditas yang terkait dengan paparan polusi udara."
grassroots,"The grassroots campaign mobilized volunteers to improve neighborhood safety.",풀뿌리,"풀뿌리 캠페인이 이웃 안전을 개선하기 위해 자원봉사자들을 동원했다.",草の根,"草の根キャンペーンがボランティアを動員して地域の安全を改善した。",基层,"基层运动动员志愿者改善社区安全。",de base,"La campaña de base movilizó voluntarios para mejorar la seguridad del vecindario.",cơ sở,"Chiến dịch cơ sở đã huy động tình nguyện viên để cải thiện an toàn khu phố.",ระดับรากหญ้า,"แคมเปญระดับรากหญ้าระดมอาสาสมัครเพื่อปรับปรุงความปลอดภัยของละแวกบ้าน",akar rumput,"Kampanye akar rumput memobilisasi relawan untuk meningkatkan keamanan lingkungan."
overtime,"The match went into overtime after a tied score at the end of regulation.",연장전,"경기는 정규 시간 종료 시 동점 후 연장전에 돌입했다.",延長戦,"試合は規定時間終了時に同点となり延長戦に入った。",加时赛,"比赛在常规时间结束时比分持平后进入加时赛。",prórroga,"El partido fue a prórroga después de un empate al final del tiempo reglamentario.",hiệp phụ,"Trận đấu đi vào hiệp phụ sau khi hòa ở cuối thời gian quy định.",ช่วงต่อเวลา,"การแข่งขันเข้าสู่ช่วงต่อเวลาหลังจากเสมอกันเมื่อหมดเวลาปกติ",perpanjangan waktu,"Pertandingan masuk perpanjangan waktu setelah skor seri di akhir waktu reguler."
dermatology,"The veterinary dermatology specialist treated the dog's persistent skin condition.",피부과,"수의 피부과 전문의가 개의 지속적인 피부 질환을 치료했다.",皮膚科,"獣医皮膚科の専門医が犬の持続的な皮膚疾患を治療した。",皮肤科,"兽医皮肤科专家治疗了狗的持续性皮肤病。",dermatología,"El especialista en dermatología veterinaria trató la condición persistente de la piel del perro.",da liễu,"Chuyên gia da liễu thú y đã điều trị tình trạng da dai dẳng của con chó.",ผิวหนังวิทยา,"ผู้เชี่ยวชาญด้านผิวหนังวิทยาสัตวแพทย์รักษาอาการผิวหนังเรื้อรังของสุนัข",dermatologi,"Spesialis dermatologi veteriner merawat kondisi kulit anjing yang persisten."
portico,"The grand portico at the entrance features tall marble columns.",현관 기둥,"입구의 웅장한 현관에는 높은 대리석 기둥이 있다.",ポルチコ,"入口の壮大なポルチコには高い大理石の柱がある。",门廊,"入口处的宏伟门廊配有高大的大理石柱。",pórtico,"El gran pórtico en la entrada presenta altas columnas de mármol.",mái hiên cột,"Mái hiên cột lớn ở lối vào có các cột đá cẩm thạch cao.",ระเบียงเสา,"ระเบียงเสาใหญ่ที่ทางเข้ามีเสาหินอ่อนสูง",serambi,"Serambi megah di pintu masuk menampilkan tiang marmer yang tinggi."
epidemiology,"Epidemiology research helps identify risk factors for common diseases.",역학,"역학 연구는 일반적인 질병의 위험 요인을 파악하는 데 도움을 준다.",疫学,"疫学研究は一般的な疾病のリスク要因を特定するのに役立つ。",流行病学,"流行病学研究有助于识别常见疾病的风险因素。",epidemiología,"La investigación en epidemiología ayuda a identificar factores de riesgo para enfermedades comunes.",dịch tễ học,"Nghiên cứu dịch tễ học giúp xác định các yếu tố nguy cơ của các bệnh phổ biến.",ระบาดวิทยา,"การวิจัยทางระบาดวิทยาช่วยระบุปัจจัยเสี่ยงสำหรับโรคทั่วไป",epidemiologi,"Penelitian epidemiologi membantu mengidentifikasi faktor risiko penyakit umum."
stipend,"The social work intern received a modest stipend during her placement.",수당,"사회 복지 인턴은 실습 기간 동안 소액의 수당을 받았다.",手当,"ソーシャルワークのインターンは実習期間中にわずかな手当を受け取った。",津贴,"社会工作实习生在实习期间获得了一笔微薄的津贴。",estipendio,"La pasante de trabajo social recibió un modesto estipendio durante su colocación.",trợ cấp,"Thực tập sinh công tác xã hội nhận được một khoản trợ cấp khiêm tốn trong thời gian thực tập.",เงินเบี้ยเลี้ยง,"นักศึกษาฝึกงานสังคมสงเคราะห์ได้รับเงินเบี้ยเลี้ยงเล็กน้อยระหว่างการฝึกงาน",tunjangan,"Mahasiswa magang pekerjaan sosial menerima tunjangan sederhana selama penempatannya."
